<?xml version="1.0" encoding="UTF-8"?>
<gpx xmlns:xsi="http://www.w3.org/2001/XMLSchema-instance" xsi:schemaLocation="http://www.topografix.com/GPX/1/1 http://www.topografix.com/GPX/1/1/gpx.xsd" creator="StravaGPX" version="1.1" xmlns="http://www.topografix.com/GPX/1/1">
 <metadata>
  <time>2025-10-06T16:58:42Z</time>
 </metadata>
 <trk>
  <name>m3 spectral map</name>
  <type>walking</type>
  <trkseg>
   <trkpt lat="48.1299190" lon="17.1234570">
    <ele>135.7</ele>
    <time>2025-10-06T16:58:42Z</time>
   </trkpt>
   <trkpt lat="48.1299330" lon="17.1234000">
    <ele>135.7</ele>
    <time>2025-10-06T16:58:43Z</time>
   </trkpt>
   <trkpt lat="48.1299520" lon="17.1233520">
    <ele>135.6</ele>
    <time>2025-10-06T16:58:44Z</time>
   </trkpt>
   <trkpt lat="48.1299910" lon="17.1233720">
    <ele>135.6</ele>
    <time>2025-10-06T16:58:45Z</time>
   </trkpt>
   <trkpt lat="48.1300070" lon="17.1233830">
    <ele>135.6</ele>
    <time>2025-10-06T16:58:46Z</time>
   </trkpt>
   <trkpt lat="48.1300450" lon="17.1233990">
    <ele>135.7</ele>
    <time>2025-10-06T16:58:47Z</time>
   </trkpt>
   <trkpt lat="48.1300790" lon="17.1234050">
    <ele>135.8</ele>
    <time>2025-10-06T16:58:48Z</time>
   </trkpt>
   <trkpt lat="48.1301070" lon="17.1234090">
    <ele>135.8</ele>
    <time>2025-10-06T16:58:49Z</time>
   </trkpt>
   <trkpt lat="48.1301300" lon="17.1234260">
    <ele>135.9</ele>
    <time>2025-10-06T16:58:50Z</time>
   </trkpt>
   <trkpt lat="48.1301320" lon="17.1234370">
    <ele>135.9</ele>
    <time>2025-10-06T16:58:51Z</time>
   </trkpt>
   <trkpt lat="48.1301350" lon="17.1234480">
    <ele>135.9</ele>
    <time>2025-10-06T16:58:52Z</time>
   </trkpt>
   <trkpt lat="48.1301000" lon="17.1234550">
    <ele>135.9</ele>
    <time>2025-10-06T16:58:53Z</time>
   </trkpt>
   <trkpt lat="48.1300750" lon="17.1234560">
    <ele>135.8</ele>
    <time>2025-10-06T16:58:54Z</time>
   </trkpt>
   <trkpt lat="48.1300760" lon="17.1234540">
    <ele>135.8</ele>
    <time>2025-10-06T16:58:56Z</time>
   </trkpt>
   <trkpt lat="48.1300790" lon="17.1234510">
    <ele>135.8</ele>
    <time>2025-10-06T16:58:57Z</time>
   </trkpt>
   <trkpt lat="48.1301180" lon="17.1234350">
    <ele>135.9</ele>
    <time>2025-10-06T16:58:58Z</time>
   </trkpt>
   <trkpt lat="48.1301330" lon="17.1233920">
    <ele>135.9</ele>
    <time>2025-10-06T16:59:00Z</time>
   </trkpt>
   <trkpt lat="48.1301340" lon="17.1233600">
    <ele>135.9</ele>
    <time>2025-10-06T16:59:02Z</time>
   </trkpt>
   <trkpt lat="48.1301430" lon="17.1233450">
    <ele>135.9</ele>
    <time>2025-10-06T16:59:03Z</time>
   </trkpt>
   <trkpt lat="48.1301660" lon="17.1233240">
    <ele>135.9</ele>
    <time>2025-10-06T16:59:05Z</time>
   </trkpt>
   <trkpt lat="48.1301680" lon="17.1233090">
    <ele>135.9</ele>
    <time>2025-10-06T16:59:06Z</time>
   </trkpt>
   <trkpt lat="48.1301660" lon="17.1232920">
    <ele>135.9</ele>
    <time>2025-10-06T16:59:07Z</time>
   </trkpt>
   <trkpt lat="48.1301640" lon="17.1232710">
    <ele>135.9</ele>
    <time>2025-10-06T16:59:08Z</time>
   </trkpt>
   <trkpt lat="48.1301630" lon="17.1232510">
    <ele>135.9</ele>
    <time>2025-10-06T16:59:09Z</time>
   </trkpt>
   <trkpt lat="48.1301340" lon="17.1232340">
    <ele>135.8</ele>
    <time>2025-10-06T16:59:10Z</time>
   </trkpt>
   <trkpt lat="48.1301060" lon="17.1232350">
    <ele>135.8</ele>
    <time>2025-10-06T16:59:11Z</time>
   </trkpt>
   <trkpt lat="48.1300770" lon="17.1232350">
    <ele>135.7</ele>
    <time>2025-10-06T16:59:12Z</time>
   </trkpt>
   <trkpt lat="48.1299100" lon="17.1232910">
    <ele>135.6</ele>
    <time>2025-10-06T16:59:13Z</time>
   </trkpt>
   <trkpt lat="48.1298420" lon="17.1232940">
    <ele>135.5</ele>
    <time>2025-10-06T16:59:14Z</time>
   </trkpt>
   <trkpt lat="48.1298120" lon="17.1232820">
    <ele>135.5</ele>
    <time>2025-10-06T16:59:15Z</time>
   </trkpt>
   <trkpt lat="48.1298000" lon="17.1232780">
    <ele>135.5</ele>
    <time>2025-10-06T16:59:16Z</time>
   </trkpt>
   <trkpt lat="48.1297840" lon="17.1232610">
    <ele>135.5</ele>
    <time>2025-10-06T16:59:18Z</time>
   </trkpt>
   <trkpt lat="48.1297590" lon="17.1232300">
    <ele>135.5</ele>
    <time>2025-10-06T16:59:19Z</time>
   </trkpt>
   <trkpt lat="48.1297470" lon="17.1232150">
    <ele>135.5</ele>
    <time>2025-10-06T16:59:20Z</time>
   </trkpt>
   <trkpt lat="48.1297350" lon="17.1231990">
    <ele>135.5</ele>
    <time>2025-10-06T16:59:21Z</time>
   </trkpt>
   <trkpt lat="48.1297270" lon="17.1231830">
    <ele>135.5</ele>
    <time>2025-10-06T16:59:22Z</time>
   </trkpt>
   <trkpt lat="48.1297120" lon="17.1231610">
    <ele>135.5</ele>
    <time>2025-10-06T16:59:23Z</time>
   </trkpt>
   <trkpt lat="48.1297040" lon="17.1231540">
    <ele>135.5</ele>
    <time>2025-10-06T16:59:24Z</time>
   </trkpt>
   <trkpt lat="48.1296970" lon="17.1231470">
    <ele>135.5</ele>
    <time>2025-10-06T16:59:25Z</time>
   </trkpt>
   <trkpt lat="48.1296860" lon="17.1231350">
    <ele>135.4</ele>
    <time>2025-10-06T16:59:26Z</time>
   </trkpt>
   <trkpt lat="48.1296760" lon="17.1231220">
    <ele>135.4</ele>
    <time>2025-10-06T16:59:27Z</time>
   </trkpt>
   <trkpt lat="48.1296600" lon="17.1230990">
    <ele>135.4</ele>
    <time>2025-10-06T16:59:28Z</time>
   </trkpt>
   <trkpt lat="48.1296530" lon="17.1230900">
    <ele>135.4</ele>
    <time>2025-10-06T16:59:29Z</time>
   </trkpt>
   <trkpt lat="48.1296460" lon="17.1230800">
    <ele>135.4</ele>
    <time>2025-10-06T16:59:30Z</time>
   </trkpt>
   <trkpt lat="48.1296350" lon="17.1230620">
    <ele>135.4</ele>
    <time>2025-10-06T16:59:31Z</time>
   </trkpt>
   <trkpt lat="48.1296240" lon="17.1230450">
    <ele>135.4</ele>
    <time>2025-10-06T16:59:32Z</time>
   </trkpt>
   <trkpt lat="48.1296110" lon="17.1230320">
    <ele>135.4</ele>
    <time>2025-10-06T16:59:33Z</time>
   </trkpt>
   <trkpt lat="48.1295970" lon="17.1230180">
    <ele>135.4</ele>
    <time>2025-10-06T16:59:34Z</time>
   </trkpt>
   <trkpt lat="48.1295910" lon="17.1229990">
    <ele>135.4</ele>
    <time>2025-10-06T16:59:35Z</time>
   </trkpt>
   <trkpt lat="48.1295830" lon="17.1229850">
    <ele>135.4</ele>
    <time>2025-10-06T16:59:36Z</time>
   </trkpt>
   <trkpt lat="48.1295740" lon="17.1229800">
    <ele>135.4</ele>
    <time>2025-10-06T16:59:37Z</time>
   </trkpt>
   <trkpt lat="48.1295570" lon="17.1229660">
    <ele>135.4</ele>
    <time>2025-10-06T16:59:38Z</time>
   </trkpt>
   <trkpt lat="48.1295490" lon="17.1229610">
    <ele>135.3</ele>
    <time>2025-10-06T16:59:39Z</time>
   </trkpt>
   <trkpt lat="48.1295410" lon="17.1229550">
    <ele>135.3</ele>
    <time>2025-10-06T16:59:40Z</time>
   </trkpt>
   <trkpt lat="48.1295360" lon="17.1229320">
    <ele>135.3</ele>
    <time>2025-10-06T16:59:41Z</time>
   </trkpt>
   <trkpt lat="48.1295250" lon="17.1228720">
    <ele>135.3</ele>
    <time>2025-10-06T16:59:43Z</time>
   </trkpt>
   <trkpt lat="48.1295240" lon="17.1228370">
    <ele>135.3</ele>
    <time>2025-10-06T16:59:44Z</time>
   </trkpt>
   <trkpt lat="48.1295230" lon="17.1227950">
    <ele>135.3</ele>
    <time>2025-10-06T16:59:45Z</time>
   </trkpt>
   <trkpt lat="48.1295300" lon="17.1227560">
    <ele>135.3</ele>
    <time>2025-10-06T16:59:46Z</time>
   </trkpt>
   <trkpt lat="48.1295280" lon="17.1227130">
    <ele>135.3</ele>
    <time>2025-10-06T16:59:47Z</time>
   </trkpt>
   <trkpt lat="48.1295250" lon="17.1227010">
    <ele>135.3</ele>
    <time>2025-10-06T16:59:48Z</time>
   </trkpt>
   <trkpt lat="48.1295200" lon="17.1226820">
    <ele>135.2</ele>
    <time>2025-10-06T16:59:49Z</time>
   </trkpt>
   <trkpt lat="48.1295170" lon="17.1226650">
    <ele>135.3</ele>
    <time>2025-10-06T16:59:50Z</time>
   </trkpt>
   <trkpt lat="48.1295170" lon="17.1226510">
    <ele>135.3</ele>
    <time>2025-10-06T16:59:51Z</time>
   </trkpt>
   <trkpt lat="48.1295250" lon="17.1226420">
    <ele>135.3</ele>
    <time>2025-10-06T16:59:52Z</time>
   </trkpt>
   <trkpt lat="48.1295460" lon="17.1226340">
    <ele>135.3</ele>
    <time>2025-10-06T16:59:53Z</time>
   </trkpt>
   <trkpt lat="48.1295730" lon="17.1226100">
    <ele>135.3</ele>
    <time>2025-10-06T16:59:54Z</time>
   </trkpt>
   <trkpt lat="48.1295820" lon="17.1226000">
    <ele>135.4</ele>
    <time>2025-10-06T16:59:55Z</time>
   </trkpt>
   <trkpt lat="48.1295920" lon="17.1225720">
    <ele>135.4</ele>
    <time>2025-10-06T16:59:56Z</time>
   </trkpt>
   <trkpt lat="48.1295890" lon="17.1225670">
    <ele>135.4</ele>
    <time>2025-10-06T16:59:57Z</time>
   </trkpt>
   <trkpt lat="48.1295780" lon="17.1225590">
    <ele>135.4</ele>
    <time>2025-10-06T16:59:58Z</time>
   </trkpt>
   <trkpt lat="48.1295630" lon="17.1225480">
    <ele>135.4</ele>
    <time>2025-10-06T16:59:59Z</time>
   </trkpt>
   <trkpt lat="48.1295470" lon="17.1225390">
    <ele>135.4</ele>
    <time>2025-10-06T17:00:00Z</time>
   </trkpt>
   <trkpt lat="48.1295320" lon="17.1225330">
    <ele>135.4</ele>
    <time>2025-10-06T17:00:01Z</time>
   </trkpt>
   <trkpt lat="48.1295180" lon="17.1225280">
    <ele>135.4</ele>
    <time>2025-10-06T17:00:02Z</time>
   </trkpt>
   <trkpt lat="48.1295060" lon="17.1225220">
    <ele>135.4</ele>
    <time>2025-10-06T17:00:03Z</time>
   </trkpt>
   <trkpt lat="48.1294900" lon="17.1225170">
    <ele>135.4</ele>
    <time>2025-10-06T17:00:04Z</time>
   </trkpt>
   <trkpt lat="48.1294750" lon="17.1225110">
    <ele>135.4</ele>
    <time>2025-10-06T17:00:05Z</time>
   </trkpt>
   <trkpt lat="48.1294600" lon="17.1225100">
    <ele>135.4</ele>
    <time>2025-10-06T17:00:06Z</time>
   </trkpt>
   <trkpt lat="48.1294320" lon="17.1225080">
    <ele>135.3</ele>
    <time>2025-10-06T17:00:07Z</time>
   </trkpt>
   <trkpt lat="48.1294230" lon="17.1225180">
    <ele>135.3</ele>
    <time>2025-10-06T17:00:08Z</time>
   </trkpt>
   <trkpt lat="48.1294130" lon="17.1225270">
    <ele>135.3</ele>
    <time>2025-10-06T17:00:09Z</time>
   </trkpt>
   <trkpt lat="48.1293850" lon="17.1225610">
    <ele>135.3</ele>
    <time>2025-10-06T17:00:10Z</time>
   </trkpt>
   <trkpt lat="48.1293760" lon="17.1225700">
    <ele>135.2</ele>
    <time>2025-10-06T17:00:11Z</time>
   </trkpt>
   <trkpt lat="48.1293510" lon="17.1225930">
    <ele>135.2</ele>
    <time>2025-10-06T17:00:12Z</time>
   </trkpt>
   <trkpt lat="48.1293430" lon="17.1225990">
    <ele>135.2</ele>
    <time>2025-10-06T17:00:13Z</time>
   </trkpt>
   <trkpt lat="48.1293300" lon="17.1226090">
    <ele>135.2</ele>
    <time>2025-10-06T17:00:14Z</time>
   </trkpt>
   <trkpt lat="48.1293180" lon="17.1226180">
    <ele>135.2</ele>
    <time>2025-10-06T17:00:15Z</time>
   </trkpt>
   <trkpt lat="48.1293080" lon="17.1226290">
    <ele>135.2</ele>
    <time>2025-10-06T17:00:16Z</time>
   </trkpt>
   <trkpt lat="48.1292980" lon="17.1226390">
    <ele>135.2</ele>
    <time>2025-10-06T17:00:17Z</time>
   </trkpt>
   <trkpt lat="48.1292910" lon="17.1226470">
    <ele>135.2</ele>
    <time>2025-10-06T17:00:18Z</time>
   </trkpt>
   <trkpt lat="48.1292900" lon="17.1226500">
    <ele>135.2</ele>
    <time>2025-10-06T17:00:19Z</time>
   </trkpt>
   <trkpt lat="48.1292810" lon="17.1226530">
    <ele>135.2</ele>
    <time>2025-10-06T17:00:20Z</time>
   </trkpt>
   <trkpt lat="48.1292730" lon="17.1226530">
    <ele>135.2</ele>
    <time>2025-10-06T17:00:21Z</time>
   </trkpt>
   <trkpt lat="48.1292610" lon="17.1226540">
    <ele>135.2</ele>
    <time>2025-10-06T17:00:22Z</time>
   </trkpt>
   <trkpt lat="48.1292500" lon="17.1226570">
    <ele>135.2</ele>
    <time>2025-10-06T17:00:23Z</time>
   </trkpt>
   <trkpt lat="48.1292390" lon="17.1226620">
    <ele>135.2</ele>
    <time>2025-10-06T17:00:24Z</time>
   </trkpt>
   <trkpt lat="48.1292290" lon="17.1226620">
    <ele>135.2</ele>
    <time>2025-10-06T17:00:25Z</time>
   </trkpt>
   <trkpt lat="48.1292190" lon="17.1226620">
    <ele>135.2</ele>
    <time>2025-10-06T17:00:26Z</time>
   </trkpt>
   <trkpt lat="48.1292060" lon="17.1226630">
    <ele>135.2</ele>
    <time>2025-10-06T17:00:27Z</time>
   </trkpt>
   <trkpt lat="48.1291930" lon="17.1226620">
    <ele>135.2</ele>
    <time>2025-10-06T17:00:28Z</time>
   </trkpt>
   <trkpt lat="48.1291730" lon="17.1226610">
    <ele>135.1</ele>
    <time>2025-10-06T17:00:29Z</time>
   </trkpt>
   <trkpt lat="48.1291640" lon="17.1226610">
    <ele>135.2</ele>
    <time>2025-10-06T17:00:30Z</time>
   </trkpt>
   <trkpt lat="48.1291560" lon="17.1226600">
    <ele>135.2</ele>
    <time>2025-10-06T17:00:31Z</time>
   </trkpt>
   <trkpt lat="48.1291400" lon="17.1226610">
    <ele>135.2</ele>
    <time>2025-10-06T17:00:32Z</time>
   </trkpt>
   <trkpt lat="48.1291330" lon="17.1226580">
    <ele>135.2</ele>
    <time>2025-10-06T17:00:33Z</time>
   </trkpt>
   <trkpt lat="48.1291240" lon="17.1226540">
    <ele>135.2</ele>
    <time>2025-10-06T17:00:34Z</time>
   </trkpt>
   <trkpt lat="48.1291160" lon="17.1226530">
    <ele>135.2</ele>
    <time>2025-10-06T17:00:35Z</time>
   </trkpt>
   <trkpt lat="48.1291060" lon="17.1226510">
    <ele>135.2</ele>
    <time>2025-10-06T17:00:36Z</time>
   </trkpt>
   <trkpt lat="48.1290930" lon="17.1226520">
    <ele>135.2</ele>
    <time>2025-10-06T17:00:37Z</time>
   </trkpt>
   <trkpt lat="48.1290820" lon="17.1226520">
    <ele>135.2</ele>
    <time>2025-10-06T17:00:38Z</time>
   </trkpt>
   <trkpt lat="48.1290700" lon="17.1226510">
    <ele>135.2</ele>
    <time>2025-10-06T17:00:39Z</time>
   </trkpt>
   <trkpt lat="48.1290600" lon="17.1226540">
    <ele>135.2</ele>
    <time>2025-10-06T17:00:40Z</time>
   </trkpt>
   <trkpt lat="48.1290480" lon="17.1226600">
    <ele>135.2</ele>
    <time>2025-10-06T17:00:41Z</time>
   </trkpt>
   <trkpt lat="48.1290370" lon="17.1226640">
    <ele>135.2</ele>
    <time>2025-10-06T17:00:42Z</time>
   </trkpt>
   <trkpt lat="48.1290280" lon="17.1226680">
    <ele>135.2</ele>
    <time>2025-10-06T17:00:43Z</time>
   </trkpt>
   <trkpt lat="48.1290220" lon="17.1226670">
    <ele>135.2</ele>
    <time>2025-10-06T17:00:44Z</time>
   </trkpt>
   <trkpt lat="48.1290110" lon="17.1226700">
    <ele>135.2</ele>
    <time>2025-10-06T17:00:45Z</time>
   </trkpt>
   <trkpt lat="48.1290000" lon="17.1226710">
    <ele>135.2</ele>
    <time>2025-10-06T17:00:46Z</time>
   </trkpt>
   <trkpt lat="48.1289880" lon="17.1226720">
    <ele>135.2</ele>
    <time>2025-10-06T17:00:47Z</time>
   </trkpt>
   <trkpt lat="48.1289820" lon="17.1226730">
    <ele>135.2</ele>
    <time>2025-10-06T17:00:48Z</time>
   </trkpt>
   <trkpt lat="48.1289780" lon="17.1226730">
    <ele>135.2</ele>
    <time>2025-10-06T17:00:49Z</time>
   </trkpt>
   <trkpt lat="48.1289720" lon="17.1226730">
    <ele>135.2</ele>
    <time>2025-10-06T17:00:50Z</time>
   </trkpt>
   <trkpt lat="48.1289630" lon="17.1226740">
    <ele>135.2</ele>
    <time>2025-10-06T17:00:51Z</time>
   </trkpt>
   <trkpt lat="48.1289530" lon="17.1226760">
    <ele>135.2</ele>
    <time>2025-10-06T17:00:52Z</time>
   </trkpt>
   <trkpt lat="48.1289430" lon="17.1226740">
    <ele>135.3</ele>
    <time>2025-10-06T17:00:53Z</time>
   </trkpt>
   <trkpt lat="48.1289290" lon="17.1226690">
    <ele>135.3</ele>
    <time>2025-10-06T17:00:54Z</time>
   </trkpt>
   <trkpt lat="48.1289120" lon="17.1226500">
    <ele>135.3</ele>
    <time>2025-10-06T17:00:55Z</time>
   </trkpt>
   <trkpt lat="48.1288970" lon="17.1226320">
    <ele>135.3</ele>
    <time>2025-10-06T17:00:56Z</time>
   </trkpt>
   <trkpt lat="48.1288830" lon="17.1226180">
    <ele>135.3</ele>
    <time>2025-10-06T17:00:57Z</time>
   </trkpt>
   <trkpt lat="48.1288710" lon="17.1226040">
    <ele>135.3</ele>
    <time>2025-10-06T17:00:58Z</time>
   </trkpt>
   <trkpt lat="48.1288590" lon="17.1225890">
    <ele>135.3</ele>
    <time>2025-10-06T17:00:59Z</time>
   </trkpt>
   <trkpt lat="48.1288460" lon="17.1225780">
    <ele>135.3</ele>
    <time>2025-10-06T17:01:00Z</time>
   </trkpt>
   <trkpt lat="48.1288340" lon="17.1225710">
    <ele>135.3</ele>
    <time>2025-10-06T17:01:01Z</time>
   </trkpt>
   <trkpt lat="48.1288120" lon="17.1225630">
    <ele>135.4</ele>
    <time>2025-10-06T17:01:02Z</time>
   </trkpt>
   <trkpt lat="48.1288040" lon="17.1225620">
    <ele>135.4</ele>
    <time>2025-10-06T17:01:03Z</time>
   </trkpt>
   <trkpt lat="48.1287950" lon="17.1225600">
    <ele>135.4</ele>
    <time>2025-10-06T17:01:04Z</time>
   </trkpt>
   <trkpt lat="48.1287710" lon="17.1225570">
    <ele>135.4</ele>
    <time>2025-10-06T17:01:05Z</time>
   </trkpt>
   <trkpt lat="48.1287640" lon="17.1225560">
    <ele>135.4</ele>
    <time>2025-10-06T17:01:06Z</time>
   </trkpt>
   <trkpt lat="48.1287560" lon="17.1225550">
    <ele>135.4</ele>
    <time>2025-10-06T17:01:07Z</time>
   </trkpt>
   <trkpt lat="48.1287440" lon="17.1225640">
    <ele>135.4</ele>
    <time>2025-10-06T17:01:08Z</time>
   </trkpt>
   <trkpt lat="48.1287310" lon="17.1225720">
    <ele>135.4</ele>
    <time>2025-10-06T17:01:09Z</time>
   </trkpt>
   <trkpt lat="48.1287190" lon="17.1225810">
    <ele>135.4</ele>
    <time>2025-10-06T17:01:10Z</time>
   </trkpt>
   <trkpt lat="48.1287060" lon="17.1225910">
    <ele>135.5</ele>
    <time>2025-10-06T17:01:11Z</time>
   </trkpt>
   <trkpt lat="48.1286930" lon="17.1226010">
    <ele>135.5</ele>
    <time>2025-10-06T17:01:12Z</time>
   </trkpt>
   <trkpt lat="48.1286810" lon="17.1226090">
    <ele>135.5</ele>
    <time>2025-10-06T17:01:13Z</time>
   </trkpt>
   <trkpt lat="48.1286590" lon="17.1226220">
    <ele>135.5</ele>
    <time>2025-10-06T17:01:14Z</time>
   </trkpt>
   <trkpt lat="48.1286510" lon="17.1226280">
    <ele>135.5</ele>
    <time>2025-10-06T17:01:15Z</time>
   </trkpt>
   <trkpt lat="48.1286420" lon="17.1226330">
    <ele>135.5</ele>
    <time>2025-10-06T17:01:16Z</time>
   </trkpt>
   <trkpt lat="48.1286350" lon="17.1226450">
    <ele>135.6</ele>
    <time>2025-10-06T17:01:17Z</time>
   </trkpt>
   <trkpt lat="48.1286240" lon="17.1226520">
    <ele>135.6</ele>
    <time>2025-10-06T17:01:18Z</time>
   </trkpt>
   <trkpt lat="48.1286100" lon="17.1226560">
    <ele>135.6</ele>
    <time>2025-10-06T17:01:19Z</time>
   </trkpt>
   <trkpt lat="48.1285970" lon="17.1226590">
    <ele>135.6</ele>
    <time>2025-10-06T17:01:20Z</time>
   </trkpt>
   <trkpt lat="48.1285870" lon="17.1226620">
    <ele>135.6</ele>
    <time>2025-10-06T17:01:21Z</time>
   </trkpt>
   <trkpt lat="48.1285770" lon="17.1226660">
    <ele>135.7</ele>
    <time>2025-10-06T17:01:22Z</time>
   </trkpt>
   <trkpt lat="48.1285650" lon="17.1226700">
    <ele>135.7</ele>
    <time>2025-10-06T17:01:23Z</time>
   </trkpt>
   <trkpt lat="48.1285540" lon="17.1226740">
    <ele>135.7</ele>
    <time>2025-10-06T17:01:24Z</time>
   </trkpt>
   <trkpt lat="48.1285440" lon="17.1226740">
    <ele>135.7</ele>
    <time>2025-10-06T17:01:25Z</time>
   </trkpt>
   <trkpt lat="48.1285330" lon="17.1226740">
    <ele>135.7</ele>
    <time>2025-10-06T17:01:26Z</time>
   </trkpt>
   <trkpt lat="48.1285210" lon="17.1226730">
    <ele>135.8</ele>
    <time>2025-10-06T17:01:27Z</time>
   </trkpt>
   <trkpt lat="48.1285110" lon="17.1226710">
    <ele>135.8</ele>
    <time>2025-10-06T17:01:28Z</time>
   </trkpt>
   <trkpt lat="48.1284990" lon="17.1226670">
    <ele>135.8</ele>
    <time>2025-10-06T17:01:29Z</time>
   </trkpt>
   <trkpt lat="48.1284870" lon="17.1226610">
    <ele>135.8</ele>
    <time>2025-10-06T17:01:30Z</time>
   </trkpt>
   <trkpt lat="48.1284800" lon="17.1226530">
    <ele>135.8</ele>
    <time>2025-10-06T17:01:31Z</time>
   </trkpt>
   <trkpt lat="48.1284720" lon="17.1226390">
    <ele>135.8</ele>
    <time>2025-10-06T17:01:32Z</time>
   </trkpt>
   <trkpt lat="48.1284660" lon="17.1226280">
    <ele>135.8</ele>
    <time>2025-10-06T17:01:33Z</time>
   </trkpt>
   <trkpt lat="48.1284590" lon="17.1226170">
    <ele>135.8</ele>
    <time>2025-10-06T17:01:34Z</time>
   </trkpt>
   <trkpt lat="48.1284530" lon="17.1226060">
    <ele>135.8</ele>
    <time>2025-10-06T17:01:35Z</time>
   </trkpt>
   <trkpt lat="48.1284470" lon="17.1225950">
    <ele>135.8</ele>
    <time>2025-10-06T17:01:36Z</time>
   </trkpt>
   <trkpt lat="48.1284410" lon="17.1225840">
    <ele>135.8</ele>
    <time>2025-10-06T17:01:38Z</time>
   </trkpt>
   <trkpt lat="48.1284340" lon="17.1225730">
    <ele>135.8</ele>
    <time>2025-10-06T17:01:39Z</time>
   </trkpt>
   <trkpt lat="48.1284280" lon="17.1225620">
    <ele>135.8</ele>
    <time>2025-10-06T17:01:40Z</time>
   </trkpt>
   <trkpt lat="48.1284000" lon="17.1225170">
    <ele>135.9</ele>
    <time>2025-10-06T17:01:41Z</time>
   </trkpt>
   <trkpt lat="48.1283830" lon="17.1225050">
    <ele>135.9</ele>
    <time>2025-10-06T17:01:42Z</time>
   </trkpt>
   <trkpt lat="48.1283690" lon="17.1224980">
    <ele>135.9</ele>
    <time>2025-10-06T17:01:43Z</time>
   </trkpt>
   <trkpt lat="48.1283510" lon="17.1224880">
    <ele>135.9</ele>
    <time>2025-10-06T17:01:44Z</time>
   </trkpt>
   <trkpt lat="48.1283370" lon="17.1224780">
    <ele>136.0</ele>
    <time>2025-10-06T17:01:45Z</time>
   </trkpt>
   <trkpt lat="48.1283270" lon="17.1224670">
    <ele>136.0</ele>
    <time>2025-10-06T17:01:46Z</time>
   </trkpt>
   <trkpt lat="48.1283150" lon="17.1224530">
    <ele>136.0</ele>
    <time>2025-10-06T17:01:47Z</time>
   </trkpt>
   <trkpt lat="48.1282890" lon="17.1224310">
    <ele>136.0</ele>
    <time>2025-10-06T17:01:48Z</time>
   </trkpt>
   <trkpt lat="48.1282830" lon="17.1224260">
    <ele>136.1</ele>
    <time>2025-10-06T17:01:49Z</time>
   </trkpt>
   <trkpt lat="48.1282570" lon="17.1224050">
    <ele>136.1</ele>
    <time>2025-10-06T17:01:50Z</time>
   </trkpt>
   <trkpt lat="48.1282480" lon="17.1223990">
    <ele>136.1</ele>
    <time>2025-10-06T17:01:51Z</time>
   </trkpt>
   <trkpt lat="48.1282180" lon="17.1223850">
    <ele>136.2</ele>
    <time>2025-10-06T17:01:52Z</time>
   </trkpt>
   <trkpt lat="48.1282080" lon="17.1223820">
    <ele>136.2</ele>
    <time>2025-10-06T17:01:53Z</time>
   </trkpt>
   <trkpt lat="48.1281780" lon="17.1223670">
    <ele>136.2</ele>
    <time>2025-10-06T17:01:54Z</time>
   </trkpt>
   <trkpt lat="48.1281700" lon="17.1223630">
    <ele>136.3</ele>
    <time>2025-10-06T17:01:55Z</time>
   </trkpt>
   <trkpt lat="48.1281400" lon="17.1223340">
    <ele>136.3</ele>
    <time>2025-10-06T17:01:57Z</time>
   </trkpt>
   <trkpt lat="48.1281240" lon="17.1223210">
    <ele>136.3</ele>
    <time>2025-10-06T17:01:58Z</time>
   </trkpt>
   <trkpt lat="48.1281070" lon="17.1223070">
    <ele>136.4</ele>
    <time>2025-10-06T17:01:59Z</time>
   </trkpt>
   <trkpt lat="48.1280820" lon="17.1222830">
    <ele>136.4</ele>
    <time>2025-10-06T17:02:00Z</time>
   </trkpt>
   <trkpt lat="48.1280720" lon="17.1222720">
    <ele>136.4</ele>
    <time>2025-10-06T17:02:01Z</time>
   </trkpt>
   <trkpt lat="48.1280480" lon="17.1222400">
    <ele>136.5</ele>
    <time>2025-10-06T17:02:02Z</time>
   </trkpt>
   <trkpt lat="48.1280400" lon="17.1222330">
    <ele>136.5</ele>
    <time>2025-10-06T17:02:03Z</time>
   </trkpt>
   <trkpt lat="48.1280260" lon="17.1222240">
    <ele>136.6</ele>
    <time>2025-10-06T17:02:04Z</time>
   </trkpt>
   <trkpt lat="48.1280120" lon="17.1222160">
    <ele>136.6</ele>
    <time>2025-10-06T17:02:05Z</time>
   </trkpt>
   <trkpt lat="48.1279940" lon="17.1221950">
    <ele>136.6</ele>
    <time>2025-10-06T17:02:06Z</time>
   </trkpt>
   <trkpt lat="48.1279890" lon="17.1221820">
    <ele>136.6</ele>
    <time>2025-10-06T17:02:07Z</time>
   </trkpt>
   <trkpt lat="48.1279840" lon="17.1221690">
    <ele>136.6</ele>
    <time>2025-10-06T17:02:08Z</time>
   </trkpt>
   <trkpt lat="48.1279820" lon="17.1221440">
    <ele>136.6</ele>
    <time>2025-10-06T17:02:09Z</time>
   </trkpt>
   <trkpt lat="48.1279830" lon="17.1221290">
    <ele>136.6</ele>
    <time>2025-10-06T17:02:10Z</time>
   </trkpt>
   <trkpt lat="48.1279850" lon="17.1221220">
    <ele>136.6</ele>
    <time>2025-10-06T17:02:11Z</time>
   </trkpt>
   <trkpt lat="48.1279870" lon="17.1221150">
    <ele>136.6</ele>
    <time>2025-10-06T17:02:12Z</time>
   </trkpt>
   <trkpt lat="48.1279900" lon="17.1220990">
    <ele>136.6</ele>
    <time>2025-10-06T17:02:13Z</time>
   </trkpt>
   <trkpt lat="48.1279930" lon="17.1220820">
    <ele>136.6</ele>
    <time>2025-10-06T17:02:14Z</time>
   </trkpt>
   <trkpt lat="48.1279950" lon="17.1220600">
    <ele>136.7</ele>
    <time>2025-10-06T17:02:15Z</time>
   </trkpt>
   <trkpt lat="48.1279950" lon="17.1220550">
    <ele>136.7</ele>
    <time>2025-10-06T17:02:16Z</time>
   </trkpt>
   <trkpt lat="48.1279970" lon="17.1220480">
    <ele>136.7</ele>
    <time>2025-10-06T17:02:17Z</time>
   </trkpt>
   <trkpt lat="48.1279940" lon="17.1220330">
    <ele>136.7</ele>
    <time>2025-10-06T17:02:18Z</time>
   </trkpt>
   <trkpt lat="48.1279890" lon="17.1220110">
    <ele>136.6</ele>
    <time>2025-10-06T17:02:19Z</time>
   </trkpt>
   <trkpt lat="48.1279750" lon="17.1219700">
    <ele>136.6</ele>
    <time>2025-10-06T17:02:21Z</time>
   </trkpt>
   <trkpt lat="48.1279670" lon="17.1219520">
    <ele>136.6</ele>
    <time>2025-10-06T17:02:22Z</time>
   </trkpt>
   <trkpt lat="48.1279580" lon="17.1219340">
    <ele>136.6</ele>
    <time>2025-10-06T17:02:23Z</time>
   </trkpt>
   <trkpt lat="48.1279480" lon="17.1219080">
    <ele>136.6</ele>
    <time>2025-10-06T17:02:24Z</time>
   </trkpt>
   <trkpt lat="48.1279410" lon="17.1219010">
    <ele>136.6</ele>
    <time>2025-10-06T17:02:25Z</time>
   </trkpt>
   <trkpt lat="48.1279350" lon="17.1218690">
    <ele>136.6</ele>
    <time>2025-10-06T17:02:26Z</time>
   </trkpt>
   <trkpt lat="48.1279300" lon="17.1218520">
    <ele>136.6</ele>
    <time>2025-10-06T17:02:27Z</time>
   </trkpt>
   <trkpt lat="48.1279270" lon="17.1218360">
    <ele>136.6</ele>
    <time>2025-10-06T17:02:28Z</time>
   </trkpt>
   <trkpt lat="48.1279220" lon="17.1218190">
    <ele>136.6</ele>
    <time>2025-10-06T17:02:29Z</time>
   </trkpt>
   <trkpt lat="48.1279220" lon="17.1217960">
    <ele>136.6</ele>
    <time>2025-10-06T17:02:30Z</time>
   </trkpt>
   <trkpt lat="48.1279230" lon="17.1217750">
    <ele>136.6</ele>
    <time>2025-10-06T17:02:31Z</time>
   </trkpt>
   <trkpt lat="48.1279260" lon="17.1217490">
    <ele>136.6</ele>
    <time>2025-10-06T17:02:32Z</time>
   </trkpt>
   <trkpt lat="48.1279260" lon="17.1217390">
    <ele>136.6</ele>
    <time>2025-10-06T17:02:33Z</time>
   </trkpt>
   <trkpt lat="48.1279260" lon="17.1217290">
    <ele>136.6</ele>
    <time>2025-10-06T17:02:34Z</time>
   </trkpt>
   <trkpt lat="48.1279260" lon="17.1217200">
    <ele>136.6</ele>
    <time>2025-10-06T17:02:35Z</time>
   </trkpt>
   <trkpt lat="48.1279280" lon="17.1217000">
    <ele>136.6</ele>
    <time>2025-10-06T17:02:36Z</time>
   </trkpt>
   <trkpt lat="48.1279270" lon="17.1216770">
    <ele>136.6</ele>
    <time>2025-10-06T17:02:37Z</time>
   </trkpt>
   <trkpt lat="48.1279250" lon="17.1216630">
    <ele>136.6</ele>
    <time>2025-10-06T17:02:38Z</time>
   </trkpt>
   <trkpt lat="48.1279220" lon="17.1216540">
    <ele>136.6</ele>
    <time>2025-10-06T17:02:39Z</time>
   </trkpt>
   <trkpt lat="48.1279130" lon="17.1216180">
    <ele>136.6</ele>
    <time>2025-10-06T17:02:41Z</time>
   </trkpt>
   <trkpt lat="48.1279160" lon="17.1215960">
    <ele>136.6</ele>
    <time>2025-10-06T17:02:42Z</time>
   </trkpt>
   <trkpt lat="48.1279180" lon="17.1215640">
    <ele>136.6</ele>
    <time>2025-10-06T17:02:43Z</time>
   </trkpt>
   <trkpt lat="48.1279190" lon="17.1215520">
    <ele>136.6</ele>
    <time>2025-10-06T17:02:44Z</time>
   </trkpt>
   <trkpt lat="48.1279210" lon="17.1215410">
    <ele>136.6</ele>
    <time>2025-10-06T17:02:45Z</time>
   </trkpt>
   <trkpt lat="48.1279250" lon="17.1215330">
    <ele>136.5</ele>
    <time>2025-10-06T17:02:46Z</time>
   </trkpt>
   <trkpt lat="48.1279300" lon="17.1215190">
    <ele>136.5</ele>
    <time>2025-10-06T17:02:47Z</time>
   </trkpt>
   <trkpt lat="48.1279330" lon="17.1214990">
    <ele>136.5</ele>
    <time>2025-10-06T17:02:48Z</time>
   </trkpt>
   <trkpt lat="48.1279340" lon="17.1214790">
    <ele>136.5</ele>
    <time>2025-10-06T17:02:49Z</time>
   </trkpt>
   <trkpt lat="48.1279330" lon="17.1214670">
    <ele>136.5</ele>
    <time>2025-10-06T17:02:50Z</time>
   </trkpt>
   <trkpt lat="48.1279350" lon="17.1214510">
    <ele>136.5</ele>
    <time>2025-10-06T17:02:51Z</time>
   </trkpt>
   <trkpt lat="48.1279360" lon="17.1214290">
    <ele>136.5</ele>
    <time>2025-10-06T17:02:52Z</time>
   </trkpt>
   <trkpt lat="48.1279370" lon="17.1214080">
    <ele>136.5</ele>
    <time>2025-10-06T17:02:53Z</time>
   </trkpt>
   <trkpt lat="48.1279370" lon="17.1213870">
    <ele>136.5</ele>
    <time>2025-10-06T17:02:54Z</time>
   </trkpt>
   <trkpt lat="48.1279370" lon="17.1213660">
    <ele>136.5</ele>
    <time>2025-10-06T17:02:55Z</time>
   </trkpt>
   <trkpt lat="48.1279390" lon="17.1213470">
    <ele>136.5</ele>
    <time>2025-10-06T17:02:56Z</time>
   </trkpt>
   <trkpt lat="48.1279400" lon="17.1213200">
    <ele>136.5</ele>
    <time>2025-10-06T17:02:57Z</time>
   </trkpt>
   <trkpt lat="48.1279410" lon="17.1213070">
    <ele>136.5</ele>
    <time>2025-10-06T17:02:58Z</time>
   </trkpt>
   <trkpt lat="48.1279420" lon="17.1212940">
    <ele>136.5</ele>
    <time>2025-10-06T17:02:59Z</time>
   </trkpt>
   <trkpt lat="48.1279410" lon="17.1212860">
    <ele>136.5</ele>
    <time>2025-10-06T17:03:00Z</time>
   </trkpt>
   <trkpt lat="48.1279410" lon="17.1212730">
    <ele>136.5</ele>
    <time>2025-10-06T17:03:01Z</time>
   </trkpt>
   <trkpt lat="48.1279420" lon="17.1212510">
    <ele>136.5</ele>
    <time>2025-10-06T17:03:02Z</time>
   </trkpt>
   <trkpt lat="48.1279430" lon="17.1212290">
    <ele>136.5</ele>
    <time>2025-10-06T17:03:03Z</time>
   </trkpt>
   <trkpt lat="48.1279450" lon="17.1211960">
    <ele>136.5</ele>
    <time>2025-10-06T17:03:04Z</time>
   </trkpt>
   <trkpt lat="48.1279460" lon="17.1211820">
    <ele>136.4</ele>
    <time>2025-10-06T17:03:05Z</time>
   </trkpt>
   <trkpt lat="48.1279470" lon="17.1211690">
    <ele>136.4</ele>
    <time>2025-10-06T17:03:06Z</time>
   </trkpt>
   <trkpt lat="48.1279460" lon="17.1211500">
    <ele>136.4</ele>
    <time>2025-10-06T17:03:07Z</time>
   </trkpt>
   <trkpt lat="48.1279430" lon="17.1211340">
    <ele>136.4</ele>
    <time>2025-10-06T17:03:08Z</time>
   </trkpt>
   <trkpt lat="48.1279410" lon="17.1211200">
    <ele>136.4</ele>
    <time>2025-10-06T17:03:09Z</time>
   </trkpt>
   <trkpt lat="48.1279350" lon="17.1210890">
    <ele>136.4</ele>
    <time>2025-10-06T17:03:10Z</time>
   </trkpt>
   <trkpt lat="48.1279340" lon="17.1210720">
    <ele>136.4</ele>
    <time>2025-10-06T17:03:11Z</time>
   </trkpt>
   <trkpt lat="48.1279320" lon="17.1210550">
    <ele>136.4</ele>
    <time>2025-10-06T17:03:12Z</time>
   </trkpt>
   <trkpt lat="48.1279300" lon="17.1210270">
    <ele>136.4</ele>
    <time>2025-10-06T17:03:13Z</time>
   </trkpt>
   <trkpt lat="48.1279300" lon="17.1210020">
    <ele>136.4</ele>
    <time>2025-10-06T17:03:14Z</time>
   </trkpt>
   <trkpt lat="48.1279300" lon="17.1209760">
    <ele>136.4</ele>
    <time>2025-10-06T17:03:15Z</time>
   </trkpt>
   <trkpt lat="48.1279270" lon="17.1209570">
    <ele>136.4</ele>
    <time>2025-10-06T17:03:16Z</time>
   </trkpt>
   <trkpt lat="48.1279260" lon="17.1209190">
    <ele>136.4</ele>
    <time>2025-10-06T17:03:17Z</time>
   </trkpt>
   <trkpt lat="48.1279260" lon="17.1209030">
    <ele>136.4</ele>
    <time>2025-10-06T17:03:18Z</time>
   </trkpt>
   <trkpt lat="48.1279250" lon="17.1208910">
    <ele>136.4</ele>
    <time>2025-10-06T17:03:19Z</time>
   </trkpt>
   <trkpt lat="48.1279240" lon="17.1208720">
    <ele>136.4</ele>
    <time>2025-10-06T17:03:20Z</time>
   </trkpt>
   <trkpt lat="48.1279240" lon="17.1208510">
    <ele>136.4</ele>
    <time>2025-10-06T17:03:21Z</time>
   </trkpt>
   <trkpt lat="48.1279240" lon="17.1208320">
    <ele>136.4</ele>
    <time>2025-10-06T17:03:22Z</time>
   </trkpt>
   <trkpt lat="48.1279220" lon="17.1208080">
    <ele>136.4</ele>
    <time>2025-10-06T17:03:23Z</time>
   </trkpt>
   <trkpt lat="48.1279200" lon="17.1207890">
    <ele>136.4</ele>
    <time>2025-10-06T17:03:24Z</time>
   </trkpt>
   <trkpt lat="48.1279200" lon="17.1207680">
    <ele>136.4</ele>
    <time>2025-10-06T17:03:25Z</time>
   </trkpt>
   <trkpt lat="48.1279190" lon="17.1207630">
    <ele>136.4</ele>
    <time>2025-10-06T17:03:26Z</time>
   </trkpt>
   <trkpt lat="48.1279160" lon="17.1207320">
    <ele>136.4</ele>
    <time>2025-10-06T17:03:27Z</time>
   </trkpt>
   <trkpt lat="48.1279170" lon="17.1207130">
    <ele>136.4</ele>
    <time>2025-10-06T17:03:28Z</time>
   </trkpt>
   <trkpt lat="48.1279170" lon="17.1206950">
    <ele>136.3</ele>
    <time>2025-10-06T17:03:29Z</time>
   </trkpt>
   <trkpt lat="48.1279160" lon="17.1206720">
    <ele>136.3</ele>
    <time>2025-10-06T17:03:30Z</time>
   </trkpt>
   <trkpt lat="48.1279160" lon="17.1206270">
    <ele>136.3</ele>
    <time>2025-10-06T17:03:32Z</time>
   </trkpt>
   <trkpt lat="48.1279150" lon="17.1206050">
    <ele>136.3</ele>
    <time>2025-10-06T17:03:33Z</time>
   </trkpt>
   <trkpt lat="48.1279140" lon="17.1205860">
    <ele>136.3</ele>
    <time>2025-10-06T17:03:34Z</time>
   </trkpt>
   <trkpt lat="48.1279140" lon="17.1205680">
    <ele>136.3</ele>
    <time>2025-10-06T17:03:35Z</time>
   </trkpt>
   <trkpt lat="48.1279140" lon="17.1205680">
    <ele>136.3</ele>
    <time>2025-10-06T17:03:36Z</time>
   </trkpt>
   <trkpt lat="48.1279130" lon="17.1205660">
    <ele>136.3</ele>
    <time>2025-10-06T17:03:37Z</time>
   </trkpt>
   <trkpt lat="48.1279130" lon="17.1205520">
    <ele>136.3</ele>
    <time>2025-10-06T17:03:38Z</time>
   </trkpt>
   <trkpt lat="48.1279130" lon="17.1205310">
    <ele>136.3</ele>
    <time>2025-10-06T17:03:39Z</time>
   </trkpt>
   <trkpt lat="48.1279130" lon="17.1205020">
    <ele>136.3</ele>
    <time>2025-10-06T17:03:40Z</time>
   </trkpt>
   <trkpt lat="48.1279140" lon="17.1204830">
    <ele>136.3</ele>
    <time>2025-10-06T17:03:41Z</time>
   </trkpt>
   <trkpt lat="48.1279150" lon="17.1204690">
    <ele>136.2</ele>
    <time>2025-10-06T17:03:42Z</time>
   </trkpt>
   <trkpt lat="48.1279140" lon="17.1204630">
    <ele>136.2</ele>
    <time>2025-10-06T17:03:43Z</time>
   </trkpt>
   <trkpt lat="48.1279140" lon="17.1204590">
    <ele>136.2</ele>
    <time>2025-10-06T17:03:44Z</time>
   </trkpt>
   <trkpt lat="48.1279140" lon="17.1204330">
    <ele>136.2</ele>
    <time>2025-10-06T17:03:45Z</time>
   </trkpt>
   <trkpt lat="48.1279130" lon="17.1204110">
    <ele>136.2</ele>
    <time>2025-10-06T17:03:46Z</time>
   </trkpt>
   <trkpt lat="48.1279150" lon="17.1203950">
    <ele>136.2</ele>
    <time>2025-10-06T17:03:47Z</time>
   </trkpt>
   <trkpt lat="48.1279150" lon="17.1203840">
    <ele>136.2</ele>
    <time>2025-10-06T17:03:48Z</time>
   </trkpt>
   <trkpt lat="48.1279160" lon="17.1203750">
    <ele>136.2</ele>
    <time>2025-10-06T17:03:49Z</time>
   </trkpt>
   <trkpt lat="48.1279150" lon="17.1203600">
    <ele>136.2</ele>
    <time>2025-10-06T17:03:50Z</time>
   </trkpt>
   <trkpt lat="48.1279130" lon="17.1203300">
    <ele>136.2</ele>
    <time>2025-10-06T17:03:51Z</time>
   </trkpt>
   <trkpt lat="48.1279110" lon="17.1203090">
    <ele>136.2</ele>
    <time>2025-10-06T17:03:52Z</time>
   </trkpt>
   <trkpt lat="48.1279100" lon="17.1202900">
    <ele>136.2</ele>
    <time>2025-10-06T17:03:53Z</time>
   </trkpt>
   <trkpt lat="48.1279110" lon="17.1202770">
    <ele>136.2</ele>
    <time>2025-10-06T17:03:54Z</time>
   </trkpt>
   <trkpt lat="48.1279130" lon="17.1202660">
    <ele>136.1</ele>
    <time>2025-10-06T17:03:55Z</time>
   </trkpt>
   <trkpt lat="48.1279140" lon="17.1202540">
    <ele>136.1</ele>
    <time>2025-10-06T17:03:57Z</time>
   </trkpt>
   <trkpt lat="48.1279170" lon="17.1202380">
    <ele>136.1</ele>
    <time>2025-10-06T17:03:58Z</time>
   </trkpt>
   <trkpt lat="48.1279180" lon="17.1202160">
    <ele>136.1</ele>
    <time>2025-10-06T17:03:59Z</time>
   </trkpt>
   <trkpt lat="48.1279160" lon="17.1201980">
    <ele>136.1</ele>
    <time>2025-10-06T17:04:00Z</time>
   </trkpt>
   <trkpt lat="48.1279140" lon="17.1201730">
    <ele>136.1</ele>
    <time>2025-10-06T17:04:01Z</time>
   </trkpt>
   <trkpt lat="48.1279140" lon="17.1201540">
    <ele>136.1</ele>
    <time>2025-10-06T17:04:02Z</time>
   </trkpt>
   <trkpt lat="48.1279100" lon="17.1201130">
    <ele>136.0</ele>
    <time>2025-10-06T17:04:04Z</time>
   </trkpt>
   <trkpt lat="48.1279100" lon="17.1200880">
    <ele>136.0</ele>
    <time>2025-10-06T17:04:05Z</time>
   </trkpt>
   <trkpt lat="48.1279090" lon="17.1200620">
    <ele>136.0</ele>
    <time>2025-10-06T17:04:06Z</time>
   </trkpt>
   <trkpt lat="48.1279080" lon="17.1200380">
    <ele>136.0</ele>
    <time>2025-10-06T17:04:07Z</time>
   </trkpt>
   <trkpt lat="48.1279050" lon="17.1200140">
    <ele>136.0</ele>
    <time>2025-10-06T17:04:08Z</time>
   </trkpt>
   <trkpt lat="48.1279020" lon="17.1199920">
    <ele>136.0</ele>
    <time>2025-10-06T17:04:09Z</time>
   </trkpt>
   <trkpt lat="48.1278980" lon="17.1199700">
    <ele>136.0</ele>
    <time>2025-10-06T17:04:10Z</time>
   </trkpt>
   <trkpt lat="48.1278950" lon="17.1199490">
    <ele>136.0</ele>
    <time>2025-10-06T17:04:11Z</time>
   </trkpt>
   <trkpt lat="48.1278930" lon="17.1199230">
    <ele>136.0</ele>
    <time>2025-10-06T17:04:12Z</time>
   </trkpt>
   <trkpt lat="48.1278920" lon="17.1199070">
    <ele>136.0</ele>
    <time>2025-10-06T17:04:13Z</time>
   </trkpt>
   <trkpt lat="48.1278930" lon="17.1198750">
    <ele>136.0</ele>
    <time>2025-10-06T17:04:14Z</time>
   </trkpt>
   <trkpt lat="48.1278940" lon="17.1198620">
    <ele>136.0</ele>
    <time>2025-10-06T17:04:15Z</time>
   </trkpt>
   <trkpt lat="48.1278950" lon="17.1198500">
    <ele>136.0</ele>
    <time>2025-10-06T17:04:16Z</time>
   </trkpt>
   <trkpt lat="48.1278950" lon="17.1198330">
    <ele>136.0</ele>
    <time>2025-10-06T17:04:17Z</time>
   </trkpt>
   <trkpt lat="48.1278970" lon="17.1198160">
    <ele>135.9</ele>
    <time>2025-10-06T17:04:18Z</time>
   </trkpt>
   <trkpt lat="48.1278960" lon="17.1198020">
    <ele>135.9</ele>
    <time>2025-10-06T17:04:19Z</time>
   </trkpt>
   <trkpt lat="48.1278890" lon="17.1197940">
    <ele>135.9</ele>
    <time>2025-10-06T17:04:20Z</time>
   </trkpt>
   <trkpt lat="48.1278760" lon="17.1197910">
    <ele>135.9</ele>
    <time>2025-10-06T17:04:21Z</time>
   </trkpt>
   <trkpt lat="48.1278640" lon="17.1197850">
    <ele>135.9</ele>
    <time>2025-10-06T17:04:22Z</time>
   </trkpt>
   <trkpt lat="48.1278510" lon="17.1197770">
    <ele>135.9</ele>
    <time>2025-10-06T17:04:23Z</time>
   </trkpt>
   <trkpt lat="48.1278330" lon="17.1197680">
    <ele>135.9</ele>
    <time>2025-10-06T17:04:24Z</time>
   </trkpt>
   <trkpt lat="48.1278210" lon="17.1197590">
    <ele>135.9</ele>
    <time>2025-10-06T17:04:25Z</time>
   </trkpt>
   <trkpt lat="48.1278100" lon="17.1197480">
    <ele>135.9</ele>
    <time>2025-10-06T17:04:26Z</time>
   </trkpt>
   <trkpt lat="48.1278000" lon="17.1197380">
    <ele>136.0</ele>
    <time>2025-10-06T17:04:27Z</time>
   </trkpt>
   <trkpt lat="48.1277910" lon="17.1197260">
    <ele>136.0</ele>
    <time>2025-10-06T17:04:28Z</time>
   </trkpt>
   <trkpt lat="48.1277880" lon="17.1197130">
    <ele>136.0</ele>
    <time>2025-10-06T17:04:29Z</time>
   </trkpt>
   <trkpt lat="48.1277880" lon="17.1197010">
    <ele>136.0</ele>
    <time>2025-10-06T17:04:30Z</time>
   </trkpt>
   <trkpt lat="48.1277830" lon="17.1196930">
    <ele>136.0</ele>
    <time>2025-10-06T17:04:31Z</time>
   </trkpt>
   <trkpt lat="48.1277720" lon="17.1196890">
    <ele>136.0</ele>
    <time>2025-10-06T17:04:32Z</time>
   </trkpt>
   <trkpt lat="48.1277600" lon="17.1196860">
    <ele>136.0</ele>
    <time>2025-10-06T17:04:33Z</time>
   </trkpt>
   <trkpt lat="48.1277470" lon="17.1196820">
    <ele>136.1</ele>
    <time>2025-10-06T17:04:34Z</time>
   </trkpt>
   <trkpt lat="48.1277360" lon="17.1196730">
    <ele>136.1</ele>
    <time>2025-10-06T17:04:35Z</time>
   </trkpt>
   <trkpt lat="48.1277280" lon="17.1196640">
    <ele>136.1</ele>
    <time>2025-10-06T17:04:36Z</time>
   </trkpt>
   <trkpt lat="48.1277180" lon="17.1196590">
    <ele>136.2</ele>
    <time>2025-10-06T17:04:37Z</time>
   </trkpt>
   <trkpt lat="48.1277080" lon="17.1196490">
    <ele>136.2</ele>
    <time>2025-10-06T17:04:38Z</time>
   </trkpt>
   <trkpt lat="48.1277050" lon="17.1196380">
    <ele>136.2</ele>
    <time>2025-10-06T17:04:39Z</time>
   </trkpt>
   <trkpt lat="48.1277000" lon="17.1196320">
    <ele>136.3</ele>
    <time>2025-10-06T17:04:40Z</time>
   </trkpt>
   <trkpt lat="48.1276950" lon="17.1196280">
    <ele>136.3</ele>
    <time>2025-10-06T17:04:41Z</time>
   </trkpt>
   <trkpt lat="48.1276900" lon="17.1196290">
    <ele>136.3</ele>
    <time>2025-10-06T17:04:42Z</time>
   </trkpt>
   <trkpt lat="48.1276900" lon="17.1196330">
    <ele>136.3</ele>
    <time>2025-10-06T17:04:43Z</time>
   </trkpt>
   <trkpt lat="48.1276870" lon="17.1196310">
    <ele>136.3</ele>
    <time>2025-10-06T17:04:44Z</time>
   </trkpt>
   <trkpt lat="48.1276740" lon="17.1196200">
    <ele>136.4</ele>
    <time>2025-10-06T17:04:45Z</time>
   </trkpt>
   <trkpt lat="48.1276630" lon="17.1196030">
    <ele>136.4</ele>
    <time>2025-10-06T17:04:46Z</time>
   </trkpt>
   <trkpt lat="48.1276600" lon="17.1195850">
    <ele>136.5</ele>
    <time>2025-10-06T17:04:47Z</time>
   </trkpt>
   <trkpt lat="48.1276610" lon="17.1195680">
    <ele>136.5</ele>
    <time>2025-10-06T17:04:48Z</time>
   </trkpt>
   <trkpt lat="48.1276630" lon="17.1195520">
    <ele>136.5</ele>
    <time>2025-10-06T17:04:49Z</time>
   </trkpt>
   <trkpt lat="48.1276630" lon="17.1195390">
    <ele>136.5</ele>
    <time>2025-10-06T17:04:50Z</time>
   </trkpt>
   <trkpt lat="48.1276620" lon="17.1195170">
    <ele>136.5</ele>
    <time>2025-10-06T17:04:51Z</time>
   </trkpt>
   <trkpt lat="48.1276630" lon="17.1195060">
    <ele>136.5</ele>
    <time>2025-10-06T17:04:52Z</time>
   </trkpt>
   <trkpt lat="48.1276630" lon="17.1194940">
    <ele>136.5</ele>
    <time>2025-10-06T17:04:53Z</time>
   </trkpt>
   <trkpt lat="48.1276630" lon="17.1194820">
    <ele>136.5</ele>
    <time>2025-10-06T17:04:54Z</time>
   </trkpt>
   <trkpt lat="48.1276520" lon="17.1194550">
    <ele>136.5</ele>
    <time>2025-10-06T17:04:55Z</time>
   </trkpt>
   <trkpt lat="48.1276440" lon="17.1194490">
    <ele>136.5</ele>
    <time>2025-10-06T17:04:56Z</time>
   </trkpt>
   <trkpt lat="48.1276370" lon="17.1194420">
    <ele>136.4</ele>
    <time>2025-10-06T17:04:57Z</time>
   </trkpt>
   <trkpt lat="48.1276340" lon="17.1194270">
    <ele>136.4</ele>
    <time>2025-10-06T17:04:58Z</time>
   </trkpt>
   <trkpt lat="48.1276320" lon="17.1194060">
    <ele>136.4</ele>
    <time>2025-10-06T17:04:59Z</time>
   </trkpt>
   <trkpt lat="48.1276310" lon="17.1193880">
    <ele>136.4</ele>
    <time>2025-10-06T17:05:00Z</time>
   </trkpt>
   <trkpt lat="48.1276300" lon="17.1193710">
    <ele>136.4</ele>
    <time>2025-10-06T17:05:01Z</time>
   </trkpt>
   <trkpt lat="48.1276320" lon="17.1193550">
    <ele>136.4</ele>
    <time>2025-10-06T17:05:02Z</time>
   </trkpt>
   <trkpt lat="48.1276350" lon="17.1193400">
    <ele>136.4</ele>
    <time>2025-10-06T17:05:03Z</time>
   </trkpt>
   <trkpt lat="48.1276340" lon="17.1193290">
    <ele>136.4</ele>
    <time>2025-10-06T17:05:04Z</time>
   </trkpt>
   <trkpt lat="48.1276280" lon="17.1193170">
    <ele>136.4</ele>
    <time>2025-10-06T17:05:05Z</time>
   </trkpt>
   <trkpt lat="48.1276220" lon="17.1193050">
    <ele>136.4</ele>
    <time>2025-10-06T17:05:06Z</time>
   </trkpt>
   <trkpt lat="48.1276210" lon="17.1193020">
    <ele>136.4</ele>
    <time>2025-10-06T17:05:07Z</time>
   </trkpt>
   <trkpt lat="48.1276200" lon="17.1193010">
    <ele>136.4</ele>
    <time>2025-10-06T17:05:08Z</time>
   </trkpt>
   <trkpt lat="48.1276190" lon="17.1193000">
    <ele>136.4</ele>
    <time>2025-10-06T17:05:09Z</time>
   </trkpt>
   <trkpt lat="48.1276190" lon="17.1193000">
    <ele>136.4</ele>
    <time>2025-10-06T17:05:10Z</time>
   </trkpt>
   <trkpt lat="48.1276180" lon="17.1193000">
    <ele>136.4</ele>
    <time>2025-10-06T17:05:11Z</time>
   </trkpt>
   <trkpt lat="48.1276180" lon="17.1192980">
    <ele>136.4</ele>
    <time>2025-10-06T17:05:12Z</time>
   </trkpt>
   <trkpt lat="48.1276170" lon="17.1192960">
    <ele>136.4</ele>
    <time>2025-10-06T17:05:13Z</time>
   </trkpt>
   <trkpt lat="48.1276170" lon="17.1192930">
    <ele>136.4</ele>
    <time>2025-10-06T17:05:14Z</time>
   </trkpt>
   <trkpt lat="48.1276170" lon="17.1192920">
    <ele>136.4</ele>
    <time>2025-10-06T17:05:15Z</time>
   </trkpt>
   <trkpt lat="48.1276160" lon="17.1192900">
    <ele>136.4</ele>
    <time>2025-10-06T17:05:16Z</time>
   </trkpt>
   <trkpt lat="48.1276150" lon="17.1192830">
    <ele>136.4</ele>
    <time>2025-10-06T17:05:17Z</time>
   </trkpt>
   <trkpt lat="48.1276160" lon="17.1192760">
    <ele>136.4</ele>
    <time>2025-10-06T17:05:18Z</time>
   </trkpt>
   <trkpt lat="48.1276220" lon="17.1192690">
    <ele>136.4</ele>
    <time>2025-10-06T17:05:19Z</time>
   </trkpt>
   <trkpt lat="48.1276260" lon="17.1192720">
    <ele>136.4</ele>
    <time>2025-10-06T17:05:20Z</time>
   </trkpt>
   <trkpt lat="48.1276280" lon="17.1192720">
    <ele>136.4</ele>
    <time>2025-10-06T17:05:21Z</time>
   </trkpt>
   <trkpt lat="48.1276290" lon="17.1192710">
    <ele>136.4</ele>
    <time>2025-10-06T17:05:22Z</time>
   </trkpt>
   <trkpt lat="48.1276290" lon="17.1192690">
    <ele>136.4</ele>
    <time>2025-10-06T17:05:23Z</time>
   </trkpt>
   <trkpt lat="48.1276280" lon="17.1192680">
    <ele>136.4</ele>
    <time>2025-10-06T17:05:24Z</time>
   </trkpt>
   <trkpt lat="48.1276270" lon="17.1192630">
    <ele>136.4</ele>
    <time>2025-10-06T17:05:25Z</time>
   </trkpt>
   <trkpt lat="48.1276250" lon="17.1192470">
    <ele>136.4</ele>
    <time>2025-10-06T17:05:32Z</time>
   </trkpt>
   <trkpt lat="48.1276260" lon="17.1192440">
    <ele>136.3</ele>
    <time>2025-10-06T17:05:33Z</time>
   </trkpt>
   <trkpt lat="48.1276370" lon="17.1192090">
    <ele>136.3</ele>
    <time>2025-10-06T17:05:34Z</time>
   </trkpt>
   <trkpt lat="48.1276420" lon="17.1191650">
    <ele>136.3</ele>
    <time>2025-10-06T17:05:35Z</time>
   </trkpt>
   <trkpt lat="48.1276440" lon="17.1191540">
    <ele>136.3</ele>
    <time>2025-10-06T17:05:36Z</time>
   </trkpt>
   <trkpt lat="48.1276510" lon="17.1191330">
    <ele>136.3</ele>
    <time>2025-10-06T17:05:37Z</time>
   </trkpt>
   <trkpt lat="48.1276590" lon="17.1191170">
    <ele>136.3</ele>
    <time>2025-10-06T17:05:38Z</time>
   </trkpt>
   <trkpt lat="48.1276640" lon="17.1190920">
    <ele>136.3</ele>
    <time>2025-10-06T17:05:39Z</time>
   </trkpt>
   <trkpt lat="48.1276590" lon="17.1190760">
    <ele>136.3</ele>
    <time>2025-10-06T17:05:40Z</time>
   </trkpt>
   <trkpt lat="48.1276550" lon="17.1190610">
    <ele>136.3</ele>
    <time>2025-10-06T17:05:41Z</time>
   </trkpt>
   <trkpt lat="48.1276420" lon="17.1190380">
    <ele>136.3</ele>
    <time>2025-10-06T17:05:42Z</time>
   </trkpt>
   <trkpt lat="48.1276340" lon="17.1190210">
    <ele>136.3</ele>
    <time>2025-10-06T17:05:43Z</time>
   </trkpt>
   <trkpt lat="48.1276120" lon="17.1190360">
    <ele>136.2</ele>
    <time>2025-10-06T17:05:44Z</time>
   </trkpt>
   <trkpt lat="48.1276010" lon="17.1190350">
    <ele>136.2</ele>
    <time>2025-10-06T17:05:45Z</time>
   </trkpt>
   <trkpt lat="48.1275950" lon="17.1190360">
    <ele>136.2</ele>
    <time>2025-10-06T17:05:46Z</time>
   </trkpt>
   <trkpt lat="48.1275890" lon="17.1190360">
    <ele>136.2</ele>
    <time>2025-10-06T17:05:47Z</time>
   </trkpt>
   <trkpt lat="48.1275820" lon="17.1190280">
    <ele>136.2</ele>
    <time>2025-10-06T17:05:48Z</time>
   </trkpt>
   <trkpt lat="48.1275700" lon="17.1190240">
    <ele>136.2</ele>
    <time>2025-10-06T17:05:49Z</time>
   </trkpt>
   <trkpt lat="48.1275600" lon="17.1190190">
    <ele>136.1</ele>
    <time>2025-10-06T17:05:50Z</time>
   </trkpt>
   <trkpt lat="48.1275540" lon="17.1190120">
    <ele>136.1</ele>
    <time>2025-10-06T17:05:51Z</time>
   </trkpt>
   <trkpt lat="48.1275490" lon="17.1190190">
    <ele>136.1</ele>
    <time>2025-10-06T17:05:52Z</time>
   </trkpt>
   <trkpt lat="48.1275470" lon="17.1190230">
    <ele>136.0</ele>
    <time>2025-10-06T17:05:53Z</time>
   </trkpt>
   <trkpt lat="48.1275470" lon="17.1190300">
    <ele>136.0</ele>
    <time>2025-10-06T17:05:54Z</time>
   </trkpt>
   <trkpt lat="48.1275470" lon="17.1190350">
    <ele>136.0</ele>
    <time>2025-10-06T17:05:55Z</time>
   </trkpt>
   <trkpt lat="48.1275470" lon="17.1190390">
    <ele>136.0</ele>
    <time>2025-10-06T17:05:56Z</time>
   </trkpt>
   <trkpt lat="48.1275460" lon="17.1190420">
    <ele>136.0</ele>
    <time>2025-10-06T17:05:57Z</time>
   </trkpt>
   <trkpt lat="48.1275460" lon="17.1190450">
    <ele>136.0</ele>
    <time>2025-10-06T17:05:58Z</time>
   </trkpt>
   <trkpt lat="48.1275430" lon="17.1190450">
    <ele>136.0</ele>
    <time>2025-10-06T17:05:59Z</time>
   </trkpt>
   <trkpt lat="48.1275410" lon="17.1190420">
    <ele>135.9</ele>
    <time>2025-10-06T17:06:00Z</time>
   </trkpt>
   <trkpt lat="48.1275400" lon="17.1190400">
    <ele>135.9</ele>
    <time>2025-10-06T17:06:01Z</time>
   </trkpt>
   <trkpt lat="48.1275390" lon="17.1190370">
    <ele>135.9</ele>
    <time>2025-10-06T17:06:02Z</time>
   </trkpt>
   <trkpt lat="48.1275380" lon="17.1190350">
    <ele>135.9</ele>
    <time>2025-10-06T17:06:03Z</time>
   </trkpt>
   <trkpt lat="48.1275360" lon="17.1190330">
    <ele>135.9</ele>
    <time>2025-10-06T17:06:04Z</time>
   </trkpt>
   <trkpt lat="48.1275350" lon="17.1190300">
    <ele>135.9</ele>
    <time>2025-10-06T17:06:05Z</time>
   </trkpt>
   <trkpt lat="48.1275340" lon="17.1190280">
    <ele>135.9</ele>
    <time>2025-10-06T17:06:06Z</time>
   </trkpt>
   <trkpt lat="48.1275330" lon="17.1190250">
    <ele>135.9</ele>
    <time>2025-10-06T17:06:07Z</time>
   </trkpt>
   <trkpt lat="48.1275310" lon="17.1190230">
    <ele>135.9</ele>
    <time>2025-10-06T17:06:08Z</time>
   </trkpt>
   <trkpt lat="48.1275300" lon="17.1190200">
    <ele>135.9</ele>
    <time>2025-10-06T17:06:09Z</time>
   </trkpt>
   <trkpt lat="48.1275290" lon="17.1190180">
    <ele>135.8</ele>
    <time>2025-10-06T17:06:10Z</time>
   </trkpt>
   <trkpt lat="48.1275270" lon="17.1190160">
    <ele>135.8</ele>
    <time>2025-10-06T17:06:11Z</time>
   </trkpt>
   <trkpt lat="48.1275260" lon="17.1190130">
    <ele>135.8</ele>
    <time>2025-10-06T17:06:12Z</time>
   </trkpt>
   <trkpt lat="48.1275250" lon="17.1190110">
    <ele>135.8</ele>
    <time>2025-10-06T17:06:13Z</time>
   </trkpt>
   <trkpt lat="48.1275240" lon="17.1190080">
    <ele>135.8</ele>
    <time>2025-10-06T17:06:14Z</time>
   </trkpt>
   <trkpt lat="48.1275220" lon="17.1190060">
    <ele>135.8</ele>
    <time>2025-10-06T17:06:15Z</time>
   </trkpt>
   <trkpt lat="48.1275210" lon="17.1190040">
    <ele>135.8</ele>
    <time>2025-10-06T17:06:16Z</time>
   </trkpt>
   <trkpt lat="48.1275200" lon="17.1190010">
    <ele>135.8</ele>
    <time>2025-10-06T17:06:17Z</time>
   </trkpt>
   <trkpt lat="48.1275190" lon="17.1189990">
    <ele>135.8</ele>
    <time>2025-10-06T17:06:18Z</time>
   </trkpt>
   <trkpt lat="48.1275170" lon="17.1189960">
    <ele>135.8</ele>
    <time>2025-10-06T17:06:19Z</time>
   </trkpt>
   <trkpt lat="48.1275160" lon="17.1189940">
    <ele>135.8</ele>
    <time>2025-10-06T17:06:20Z</time>
   </trkpt>
   <trkpt lat="48.1275150" lon="17.1189920">
    <ele>135.7</ele>
    <time>2025-10-06T17:06:21Z</time>
   </trkpt>
   <trkpt lat="48.1275130" lon="17.1189890">
    <ele>135.7</ele>
    <time>2025-10-06T17:06:22Z</time>
   </trkpt>
   <trkpt lat="48.1275120" lon="17.1189870">
    <ele>135.7</ele>
    <time>2025-10-06T17:06:23Z</time>
   </trkpt>
   <trkpt lat="48.1275110" lon="17.1189840">
    <ele>135.7</ele>
    <time>2025-10-06T17:06:24Z</time>
   </trkpt>
   <trkpt lat="48.1275100" lon="17.1189820">
    <ele>135.7</ele>
    <time>2025-10-06T17:06:25Z</time>
   </trkpt>
   <trkpt lat="48.1275080" lon="17.1189800">
    <ele>135.7</ele>
    <time>2025-10-06T17:06:26Z</time>
   </trkpt>
   <trkpt lat="48.1275070" lon="17.1189770">
    <ele>135.7</ele>
    <time>2025-10-06T17:06:27Z</time>
   </trkpt>
   <trkpt lat="48.1275060" lon="17.1189750">
    <ele>135.7</ele>
    <time>2025-10-06T17:06:28Z</time>
   </trkpt>
   <trkpt lat="48.1275050" lon="17.1189720">
    <ele>135.7</ele>
    <time>2025-10-06T17:06:29Z</time>
   </trkpt>
   <trkpt lat="48.1275030" lon="17.1189700">
    <ele>135.7</ele>
    <time>2025-10-06T17:06:30Z</time>
   </trkpt>
   <trkpt lat="48.1275020" lon="17.1189670">
    <ele>135.7</ele>
    <time>2025-10-06T17:06:31Z</time>
   </trkpt>
   <trkpt lat="48.1275010" lon="17.1189650">
    <ele>135.6</ele>
    <time>2025-10-06T17:06:32Z</time>
   </trkpt>
   <trkpt lat="48.1274990" lon="17.1189630">
    <ele>135.6</ele>
    <time>2025-10-06T17:06:33Z</time>
   </trkpt>
   <trkpt lat="48.1274980" lon="17.1189600">
    <ele>135.6</ele>
    <time>2025-10-06T17:06:34Z</time>
   </trkpt>
   <trkpt lat="48.1274970" lon="17.1189580">
    <ele>135.6</ele>
    <time>2025-10-06T17:06:35Z</time>
   </trkpt>
   <trkpt lat="48.1274960" lon="17.1189550">
    <ele>135.6</ele>
    <time>2025-10-06T17:06:36Z</time>
   </trkpt>
   <trkpt lat="48.1274940" lon="17.1189530">
    <ele>135.6</ele>
    <time>2025-10-06T17:06:37Z</time>
   </trkpt>
   <trkpt lat="48.1274930" lon="17.1189510">
    <ele>135.6</ele>
    <time>2025-10-06T17:06:38Z</time>
   </trkpt>
   <trkpt lat="48.1274920" lon="17.1189480">
    <ele>135.6</ele>
    <time>2025-10-06T17:06:40Z</time>
   </trkpt>
   <trkpt lat="48.1274910" lon="17.1189460">
    <ele>135.6</ele>
    <time>2025-10-06T17:06:46Z</time>
   </trkpt>
   <trkpt lat="48.1274890" lon="17.1189430">
    <ele>135.6</ele>
    <time>2025-10-06T17:06:47Z</time>
   </trkpt>
   <trkpt lat="48.1274880" lon="17.1189410">
    <ele>135.6</ele>
    <time>2025-10-06T17:06:48Z</time>
   </trkpt>
   <trkpt lat="48.1274830" lon="17.1189370">
    <ele>135.5</ele>
    <time>2025-10-06T17:06:49Z</time>
   </trkpt>
   <trkpt lat="48.1274610" lon="17.1188980">
    <ele>135.4</ele>
    <time>2025-10-06T17:06:51Z</time>
   </trkpt>
   <trkpt lat="48.1274490" lon="17.1188800">
    <ele>135.3</ele>
    <time>2025-10-06T17:06:52Z</time>
   </trkpt>
   <trkpt lat="48.1274370" lon="17.1188610">
    <ele>135.3</ele>
    <time>2025-10-06T17:06:53Z</time>
   </trkpt>
   <trkpt lat="48.1274200" lon="17.1188490">
    <ele>135.2</ele>
    <time>2025-10-06T17:06:54Z</time>
   </trkpt>
   <trkpt lat="48.1274050" lon="17.1188410">
    <ele>135.1</ele>
    <time>2025-10-06T17:06:55Z</time>
   </trkpt>
   <trkpt lat="48.1273940" lon="17.1188330">
    <ele>135.1</ele>
    <time>2025-10-06T17:06:56Z</time>
   </trkpt>
   <trkpt lat="48.1273870" lon="17.1188270">
    <ele>135.0</ele>
    <time>2025-10-06T17:06:57Z</time>
   </trkpt>
   <trkpt lat="48.1273780" lon="17.1188220">
    <ele>135.0</ele>
    <time>2025-10-06T17:06:58Z</time>
   </trkpt>
   <trkpt lat="48.1273680" lon="17.1188180">
    <ele>135.0</ele>
    <time>2025-10-06T17:06:59Z</time>
   </trkpt>
   <trkpt lat="48.1273580" lon="17.1188100">
    <ele>135.0</ele>
    <time>2025-10-06T17:07:00Z</time>
   </trkpt>
   <trkpt lat="48.1273490" lon="17.1187990">
    <ele>135.0</ele>
    <time>2025-10-06T17:07:01Z</time>
   </trkpt>
   <trkpt lat="48.1273460" lon="17.1187910">
    <ele>135.0</ele>
    <time>2025-10-06T17:07:02Z</time>
   </trkpt>
   <trkpt lat="48.1273440" lon="17.1187880">
    <ele>135.0</ele>
    <time>2025-10-06T17:07:03Z</time>
   </trkpt>
   <trkpt lat="48.1273450" lon="17.1187870">
    <ele>135.0</ele>
    <time>2025-10-06T17:07:04Z</time>
   </trkpt>
   <trkpt lat="48.1273460" lon="17.1187860">
    <ele>135.0</ele>
    <time>2025-10-06T17:07:05Z</time>
   </trkpt>
   <trkpt lat="48.1273460" lon="17.1187850">
    <ele>135.0</ele>
    <time>2025-10-06T17:07:06Z</time>
   </trkpt>
   <trkpt lat="48.1273460" lon="17.1187830">
    <ele>135.0</ele>
    <time>2025-10-06T17:07:07Z</time>
   </trkpt>
   <trkpt lat="48.1273460" lon="17.1187830">
    <ele>135.0</ele>
    <time>2025-10-06T17:07:08Z</time>
   </trkpt>
   <trkpt lat="48.1273460" lon="17.1187820">
    <ele>135.0</ele>
    <time>2025-10-06T17:07:09Z</time>
   </trkpt>
   <trkpt lat="48.1273460" lon="17.1187810">
    <ele>135.0</ele>
    <time>2025-10-06T17:07:10Z</time>
   </trkpt>
   <trkpt lat="48.1273460" lon="17.1187800">
    <ele>135.0</ele>
    <time>2025-10-06T17:07:11Z</time>
   </trkpt>
   <trkpt lat="48.1273460" lon="17.1187810">
    <ele>135.0</ele>
    <time>2025-10-06T17:07:12Z</time>
   </trkpt>
   <trkpt lat="48.1273460" lon="17.1187810">
    <ele>135.0</ele>
    <time>2025-10-06T17:07:13Z</time>
   </trkpt>
   <trkpt lat="48.1273470" lon="17.1187810">
    <ele>135.0</ele>
    <time>2025-10-06T17:07:14Z</time>
   </trkpt>
   <trkpt lat="48.1273470" lon="17.1187810">
    <ele>135.0</ele>
    <time>2025-10-06T17:07:15Z</time>
   </trkpt>
   <trkpt lat="48.1273470" lon="17.1187800">
    <ele>135.0</ele>
    <time>2025-10-06T17:07:16Z</time>
   </trkpt>
   <trkpt lat="48.1273470" lon="17.1187800">
    <ele>135.0</ele>
    <time>2025-10-06T17:07:17Z</time>
   </trkpt>
   <trkpt lat="48.1273470" lon="17.1187800">
    <ele>135.0</ele>
    <time>2025-10-06T17:07:18Z</time>
   </trkpt>
   <trkpt lat="48.1273470" lon="17.1187800">
    <ele>135.0</ele>
    <time>2025-10-06T17:07:19Z</time>
   </trkpt>
   <trkpt lat="48.1273470" lon="17.1187800">
    <ele>135.0</ele>
    <time>2025-10-06T17:07:20Z</time>
   </trkpt>
   <trkpt lat="48.1273470" lon="17.1187800">
    <ele>135.0</ele>
    <time>2025-10-06T17:07:21Z</time>
   </trkpt>
   <trkpt lat="48.1273470" lon="17.1187810">
    <ele>135.0</ele>
    <time>2025-10-06T17:07:22Z</time>
   </trkpt>
   <trkpt lat="48.1273470" lon="17.1187810">
    <ele>135.0</ele>
    <time>2025-10-06T17:07:23Z</time>
   </trkpt>
   <trkpt lat="48.1273470" lon="17.1187810">
    <ele>135.0</ele>
    <time>2025-10-06T17:07:24Z</time>
   </trkpt>
   <trkpt lat="48.1273470" lon="17.1187810">
    <ele>135.0</ele>
    <time>2025-10-06T17:07:25Z</time>
   </trkpt>
   <trkpt lat="48.1273470" lon="17.1187810">
    <ele>135.0</ele>
    <time>2025-10-06T17:07:26Z</time>
   </trkpt>
   <trkpt lat="48.1273470" lon="17.1187810">
    <ele>135.0</ele>
    <time>2025-10-06T17:07:27Z</time>
   </trkpt>
   <trkpt lat="48.1273470" lon="17.1187810">
    <ele>135.0</ele>
    <time>2025-10-06T17:07:28Z</time>
   </trkpt>
   <trkpt lat="48.1273470" lon="17.1187810">
    <ele>135.0</ele>
    <time>2025-10-06T17:07:29Z</time>
   </trkpt>
   <trkpt lat="48.1273470" lon="17.1187810">
    <ele>135.0</ele>
    <time>2025-10-06T17:07:30Z</time>
   </trkpt>
   <trkpt lat="48.1273470" lon="17.1187810">
    <ele>135.0</ele>
    <time>2025-10-06T17:07:31Z</time>
   </trkpt>
   <trkpt lat="48.1273470" lon="17.1187810">
    <ele>135.0</ele>
    <time>2025-10-06T17:07:32Z</time>
   </trkpt>
   <trkpt lat="48.1273440" lon="17.1187770">
    <ele>135.0</ele>
    <time>2025-10-06T17:07:33Z</time>
   </trkpt>
   <trkpt lat="48.1273350" lon="17.1187740">
    <ele>134.9</ele>
    <time>2025-10-06T17:07:34Z</time>
   </trkpt>
   <trkpt lat="48.1273270" lon="17.1187720">
    <ele>134.9</ele>
    <time>2025-10-06T17:07:35Z</time>
   </trkpt>
   <trkpt lat="48.1273060" lon="17.1187510">
    <ele>134.9</ele>
    <time>2025-10-06T17:07:36Z</time>
   </trkpt>
   <trkpt lat="48.1272920" lon="17.1187330">
    <ele>134.9</ele>
    <time>2025-10-06T17:07:37Z</time>
   </trkpt>
   <trkpt lat="48.1272780" lon="17.1187140">
    <ele>134.9</ele>
    <time>2025-10-06T17:07:43Z</time>
   </trkpt>
   <trkpt lat="48.1272640" lon="17.1186960">
    <ele>134.8</ele>
    <time>2025-10-06T17:07:44Z</time>
   </trkpt>
   <trkpt lat="48.1272490" lon="17.1186810">
    <ele>134.8</ele>
    <time>2025-10-06T17:07:45Z</time>
   </trkpt>
   <trkpt lat="48.1272440" lon="17.1186750">
    <ele>134.8</ele>
    <time>2025-10-06T17:07:46Z</time>
   </trkpt>
   <trkpt lat="48.1272380" lon="17.1186690">
    <ele>134.8</ele>
    <time>2025-10-06T17:07:47Z</time>
   </trkpt>
   <trkpt lat="48.1272320" lon="17.1186630">
    <ele>134.8</ele>
    <time>2025-10-06T17:07:48Z</time>
   </trkpt>
   <trkpt lat="48.1272270" lon="17.1186580">
    <ele>134.8</ele>
    <time>2025-10-06T17:07:50Z</time>
   </trkpt>
   <trkpt lat="48.1272210" lon="17.1186520">
    <ele>134.8</ele>
    <time>2025-10-06T17:07:52Z</time>
   </trkpt>
   <trkpt lat="48.1272150" lon="17.1186460">
    <ele>134.8</ele>
    <time>2025-10-06T17:07:53Z</time>
   </trkpt>
   <trkpt lat="48.1272100" lon="17.1186400">
    <ele>134.8</ele>
    <time>2025-10-06T17:07:54Z</time>
   </trkpt>
   <trkpt lat="48.1272040" lon="17.1186340">
    <ele>134.8</ele>
    <time>2025-10-06T17:07:55Z</time>
   </trkpt>
   <trkpt lat="48.1271900" lon="17.1186250">
    <ele>134.8</ele>
    <time>2025-10-06T17:07:56Z</time>
   </trkpt>
   <trkpt lat="48.1271780" lon="17.1186130">
    <ele>134.8</ele>
    <time>2025-10-06T17:07:57Z</time>
   </trkpt>
   <trkpt lat="48.1271690" lon="17.1186080">
    <ele>134.8</ele>
    <time>2025-10-06T17:07:58Z</time>
   </trkpt>
   <trkpt lat="48.1271610" lon="17.1186070">
    <ele>134.8</ele>
    <time>2025-10-06T17:07:59Z</time>
   </trkpt>
   <trkpt lat="48.1271580" lon="17.1186040">
    <ele>134.8</ele>
    <time>2025-10-06T17:08:00Z</time>
   </trkpt>
   <trkpt lat="48.1271580" lon="17.1186050">
    <ele>134.8</ele>
    <time>2025-10-06T17:08:01Z</time>
   </trkpt>
   <trkpt lat="48.1271580" lon="17.1186070">
    <ele>134.8</ele>
    <time>2025-10-06T17:08:02Z</time>
   </trkpt>
   <trkpt lat="48.1271590" lon="17.1186080">
    <ele>134.8</ele>
    <time>2025-10-06T17:08:03Z</time>
   </trkpt>
   <trkpt lat="48.1271590" lon="17.1186080">
    <ele>134.8</ele>
    <time>2025-10-06T17:08:04Z</time>
   </trkpt>
   <trkpt lat="48.1271600" lon="17.1186080">
    <ele>134.8</ele>
    <time>2025-10-06T17:08:05Z</time>
   </trkpt>
   <trkpt lat="48.1271600" lon="17.1186080">
    <ele>134.8</ele>
    <time>2025-10-06T17:08:06Z</time>
   </trkpt>
   <trkpt lat="48.1271600" lon="17.1186080">
    <ele>134.8</ele>
    <time>2025-10-06T17:08:07Z</time>
   </trkpt>
   <trkpt lat="48.1271600" lon="17.1186080">
    <ele>134.8</ele>
    <time>2025-10-06T17:08:08Z</time>
   </trkpt>
   <trkpt lat="48.1271610" lon="17.1186080">
    <ele>134.8</ele>
    <time>2025-10-06T17:08:09Z</time>
   </trkpt>
   <trkpt lat="48.1271600" lon="17.1186070">
    <ele>134.8</ele>
    <time>2025-10-06T17:08:10Z</time>
   </trkpt>
   <trkpt lat="48.1271600" lon="17.1186070">
    <ele>134.8</ele>
    <time>2025-10-06T17:08:11Z</time>
   </trkpt>
   <trkpt lat="48.1271600" lon="17.1186070">
    <ele>134.8</ele>
    <time>2025-10-06T17:08:12Z</time>
   </trkpt>
   <trkpt lat="48.1271600" lon="17.1186060">
    <ele>134.8</ele>
    <time>2025-10-06T17:08:13Z</time>
   </trkpt>
   <trkpt lat="48.1271610" lon="17.1186060">
    <ele>134.8</ele>
    <time>2025-10-06T17:08:14Z</time>
   </trkpt>
   <trkpt lat="48.1271610" lon="17.1186060">
    <ele>134.8</ele>
    <time>2025-10-06T17:08:15Z</time>
   </trkpt>
   <trkpt lat="48.1271610" lon="17.1186060">
    <ele>134.8</ele>
    <time>2025-10-06T17:08:16Z</time>
   </trkpt>
   <trkpt lat="48.1271610" lon="17.1186060">
    <ele>134.8</ele>
    <time>2025-10-06T17:08:17Z</time>
   </trkpt>
   <trkpt lat="48.1271590" lon="17.1186010">
    <ele>134.8</ele>
    <time>2025-10-06T17:08:18Z</time>
   </trkpt>
   <trkpt lat="48.1271490" lon="17.1185930">
    <ele>134.7</ele>
    <time>2025-10-06T17:08:19Z</time>
   </trkpt>
   <trkpt lat="48.1271150" lon="17.1185590">
    <ele>134.7</ele>
    <time>2025-10-06T17:08:20Z</time>
   </trkpt>
   <trkpt lat="48.1270910" lon="17.1185310">
    <ele>134.7</ele>
    <time>2025-10-06T17:08:26Z</time>
   </trkpt>
   <trkpt lat="48.1270670" lon="17.1185020">
    <ele>134.7</ele>
    <time>2025-10-06T17:08:27Z</time>
   </trkpt>
   <trkpt lat="48.1270590" lon="17.1184910">
    <ele>134.7</ele>
    <time>2025-10-06T17:08:28Z</time>
   </trkpt>
   <trkpt lat="48.1270490" lon="17.1184810">
    <ele>134.7</ele>
    <time>2025-10-06T17:08:29Z</time>
   </trkpt>
   <trkpt lat="48.1270360" lon="17.1184800">
    <ele>134.7</ele>
    <time>2025-10-06T17:08:30Z</time>
   </trkpt>
   <trkpt lat="48.1270260" lon="17.1184810">
    <ele>134.7</ele>
    <time>2025-10-06T17:08:31Z</time>
   </trkpt>
   <trkpt lat="48.1270190" lon="17.1184760">
    <ele>134.7</ele>
    <time>2025-10-06T17:08:32Z</time>
   </trkpt>
   <trkpt lat="48.1270160" lon="17.1184730">
    <ele>134.7</ele>
    <time>2025-10-06T17:08:33Z</time>
   </trkpt>
   <trkpt lat="48.1270150" lon="17.1184700">
    <ele>134.7</ele>
    <time>2025-10-06T17:08:34Z</time>
   </trkpt>
   <trkpt lat="48.1270160" lon="17.1184710">
    <ele>134.7</ele>
    <time>2025-10-06T17:08:36Z</time>
   </trkpt>
   <trkpt lat="48.1270150" lon="17.1184670">
    <ele>134.7</ele>
    <time>2025-10-06T17:08:37Z</time>
   </trkpt>
   <trkpt lat="48.1270130" lon="17.1184550">
    <ele>134.7</ele>
    <time>2025-10-06T17:08:38Z</time>
   </trkpt>
   <trkpt lat="48.1270000" lon="17.1184430">
    <ele>134.7</ele>
    <time>2025-10-06T17:08:39Z</time>
   </trkpt>
   <trkpt lat="48.1269930" lon="17.1184320">
    <ele>134.7</ele>
    <time>2025-10-06T17:08:40Z</time>
   </trkpt>
   <trkpt lat="48.1269870" lon="17.1184220">
    <ele>134.7</ele>
    <time>2025-10-06T17:08:41Z</time>
   </trkpt>
   <trkpt lat="48.1269830" lon="17.1184110">
    <ele>134.7</ele>
    <time>2025-10-06T17:08:42Z</time>
   </trkpt>
   <trkpt lat="48.1269830" lon="17.1184100">
    <ele>134.7</ele>
    <time>2025-10-06T17:08:43Z</time>
   </trkpt>
   <trkpt lat="48.1269820" lon="17.1184080">
    <ele>134.7</ele>
    <time>2025-10-06T17:08:44Z</time>
   </trkpt>
   <trkpt lat="48.1269820" lon="17.1184070">
    <ele>134.7</ele>
    <time>2025-10-06T17:08:45Z</time>
   </trkpt>
   <trkpt lat="48.1269810" lon="17.1184060">
    <ele>134.7</ele>
    <time>2025-10-06T17:08:46Z</time>
   </trkpt>
   <trkpt lat="48.1269800" lon="17.1184050">
    <ele>134.7</ele>
    <time>2025-10-06T17:08:47Z</time>
   </trkpt>
   <trkpt lat="48.1269800" lon="17.1184040">
    <ele>134.7</ele>
    <time>2025-10-06T17:08:48Z</time>
   </trkpt>
   <trkpt lat="48.1269790" lon="17.1184030">
    <ele>134.7</ele>
    <time>2025-10-06T17:08:49Z</time>
   </trkpt>
   <trkpt lat="48.1269780" lon="17.1184010">
    <ele>134.7</ele>
    <time>2025-10-06T17:08:50Z</time>
   </trkpt>
   <trkpt lat="48.1269780" lon="17.1184000">
    <ele>134.7</ele>
    <time>2025-10-06T17:08:51Z</time>
   </trkpt>
   <trkpt lat="48.1269770" lon="17.1183990">
    <ele>134.7</ele>
    <time>2025-10-06T17:08:52Z</time>
   </trkpt>
   <trkpt lat="48.1269770" lon="17.1183980">
    <ele>134.7</ele>
    <time>2025-10-06T17:08:53Z</time>
   </trkpt>
   <trkpt lat="48.1269760" lon="17.1183970">
    <ele>134.7</ele>
    <time>2025-10-06T17:08:54Z</time>
   </trkpt>
   <trkpt lat="48.1269750" lon="17.1183960">
    <ele>134.7</ele>
    <time>2025-10-06T17:08:55Z</time>
   </trkpt>
   <trkpt lat="48.1269750" lon="17.1183940">
    <ele>134.7</ele>
    <time>2025-10-06T17:08:56Z</time>
   </trkpt>
   <trkpt lat="48.1269740" lon="17.1183930">
    <ele>134.7</ele>
    <time>2025-10-06T17:08:57Z</time>
   </trkpt>
   <trkpt lat="48.1269730" lon="17.1183920">
    <ele>134.7</ele>
    <time>2025-10-06T17:08:58Z</time>
   </trkpt>
   <trkpt lat="48.1269730" lon="17.1183910">
    <ele>134.7</ele>
    <time>2025-10-06T17:08:59Z</time>
   </trkpt>
   <trkpt lat="48.1269720" lon="17.1183900">
    <ele>134.7</ele>
    <time>2025-10-06T17:09:00Z</time>
   </trkpt>
   <trkpt lat="48.1269720" lon="17.1183890">
    <ele>134.7</ele>
    <time>2025-10-06T17:09:01Z</time>
   </trkpt>
   <trkpt lat="48.1269710" lon="17.1183870">
    <ele>134.7</ele>
    <time>2025-10-06T17:09:02Z</time>
   </trkpt>
   <trkpt lat="48.1269700" lon="17.1183860">
    <ele>134.7</ele>
    <time>2025-10-06T17:09:03Z</time>
   </trkpt>
   <trkpt lat="48.1269700" lon="17.1183850">
    <ele>134.7</ele>
    <time>2025-10-06T17:09:04Z</time>
   </trkpt>
   <trkpt lat="48.1269690" lon="17.1183840">
    <ele>134.7</ele>
    <time>2025-10-06T17:09:05Z</time>
   </trkpt>
   <trkpt lat="48.1269680" lon="17.1183830">
    <ele>134.7</ele>
    <time>2025-10-06T17:09:06Z</time>
   </trkpt>
   <trkpt lat="48.1269680" lon="17.1183820">
    <ele>134.7</ele>
    <time>2025-10-06T17:09:07Z</time>
   </trkpt>
   <trkpt lat="48.1269670" lon="17.1183800">
    <ele>134.7</ele>
    <time>2025-10-06T17:09:08Z</time>
   </trkpt>
   <trkpt lat="48.1269670" lon="17.1183790">
    <ele>134.7</ele>
    <time>2025-10-06T17:09:09Z</time>
   </trkpt>
   <trkpt lat="48.1269660" lon="17.1183780">
    <ele>134.7</ele>
    <time>2025-10-06T17:09:10Z</time>
   </trkpt>
   <trkpt lat="48.1269270" lon="17.1183530">
    <ele>134.7</ele>
    <time>2025-10-06T17:09:11Z</time>
   </trkpt>
   <trkpt lat="48.1269040" lon="17.1183410">
    <ele>134.7</ele>
    <time>2025-10-06T17:09:13Z</time>
   </trkpt>
   <trkpt lat="48.1268810" lon="17.1183290">
    <ele>134.7</ele>
    <time>2025-10-06T17:09:17Z</time>
   </trkpt>
   <trkpt lat="48.1268580" lon="17.1183170">
    <ele>134.7</ele>
    <time>2025-10-06T17:09:18Z</time>
   </trkpt>
   <trkpt lat="48.1268510" lon="17.1183080">
    <ele>134.7</ele>
    <time>2025-10-06T17:09:19Z</time>
   </trkpt>
   <trkpt lat="48.1268490" lon="17.1183020">
    <ele>134.7</ele>
    <time>2025-10-06T17:09:20Z</time>
   </trkpt>
   <trkpt lat="48.1268480" lon="17.1182990">
    <ele>134.7</ele>
    <time>2025-10-06T17:09:22Z</time>
   </trkpt>
   <trkpt lat="48.1268390" lon="17.1182830">
    <ele>134.7</ele>
    <time>2025-10-06T17:09:23Z</time>
   </trkpt>
   <trkpt lat="48.1268330" lon="17.1182510">
    <ele>134.7</ele>
    <time>2025-10-06T17:09:25Z</time>
   </trkpt>
   <trkpt lat="48.1268260" lon="17.1182360">
    <ele>134.7</ele>
    <time>2025-10-06T17:09:26Z</time>
   </trkpt>
   <trkpt lat="48.1268200" lon="17.1182250">
    <ele>134.7</ele>
    <time>2025-10-06T17:09:27Z</time>
   </trkpt>
   <trkpt lat="48.1268130" lon="17.1182170">
    <ele>134.7</ele>
    <time>2025-10-06T17:09:28Z</time>
   </trkpt>
   <trkpt lat="48.1268100" lon="17.1182080">
    <ele>134.7</ele>
    <time>2025-10-06T17:09:29Z</time>
   </trkpt>
   <trkpt lat="48.1268080" lon="17.1182040">
    <ele>134.7</ele>
    <time>2025-10-06T17:09:30Z</time>
   </trkpt>
   <trkpt lat="48.1268070" lon="17.1182040">
    <ele>134.7</ele>
    <time>2025-10-06T17:09:31Z</time>
   </trkpt>
   <trkpt lat="48.1268080" lon="17.1182040">
    <ele>134.7</ele>
    <time>2025-10-06T17:09:32Z</time>
   </trkpt>
   <trkpt lat="48.1268070" lon="17.1182040">
    <ele>134.7</ele>
    <time>2025-10-06T17:09:34Z</time>
   </trkpt>
   <trkpt lat="48.1268060" lon="17.1182040">
    <ele>134.7</ele>
    <time>2025-10-06T17:09:35Z</time>
   </trkpt>
   <trkpt lat="48.1268060" lon="17.1182020">
    <ele>134.7</ele>
    <time>2025-10-06T17:09:36Z</time>
   </trkpt>
   <trkpt lat="48.1268060" lon="17.1182020">
    <ele>134.7</ele>
    <time>2025-10-06T17:09:37Z</time>
   </trkpt>
   <trkpt lat="48.1268050" lon="17.1182040">
    <ele>134.7</ele>
    <time>2025-10-06T17:09:38Z</time>
   </trkpt>
   <trkpt lat="48.1268050" lon="17.1182060">
    <ele>134.7</ele>
    <time>2025-10-06T17:09:39Z</time>
   </trkpt>
   <trkpt lat="48.1268040" lon="17.1182070">
    <ele>134.7</ele>
    <time>2025-10-06T17:09:40Z</time>
   </trkpt>
   <trkpt lat="48.1268040" lon="17.1182070">
    <ele>134.7</ele>
    <time>2025-10-06T17:09:41Z</time>
   </trkpt>
   <trkpt lat="48.1268040" lon="17.1182070">
    <ele>134.7</ele>
    <time>2025-10-06T17:09:42Z</time>
   </trkpt>
   <trkpt lat="48.1268030" lon="17.1182070">
    <ele>134.7</ele>
    <time>2025-10-06T17:09:43Z</time>
   </trkpt>
   <trkpt lat="48.1268030" lon="17.1182070">
    <ele>134.7</ele>
    <time>2025-10-06T17:09:44Z</time>
   </trkpt>
   <trkpt lat="48.1268030" lon="17.1182060">
    <ele>134.7</ele>
    <time>2025-10-06T17:09:45Z</time>
   </trkpt>
   <trkpt lat="48.1268030" lon="17.1182060">
    <ele>134.7</ele>
    <time>2025-10-06T17:09:46Z</time>
   </trkpt>
   <trkpt lat="48.1268030" lon="17.1182060">
    <ele>134.7</ele>
    <time>2025-10-06T17:09:47Z</time>
   </trkpt>
   <trkpt lat="48.1268030" lon="17.1182060">
    <ele>134.7</ele>
    <time>2025-10-06T17:09:48Z</time>
   </trkpt>
   <trkpt lat="48.1268030" lon="17.1182080">
    <ele>134.7</ele>
    <time>2025-10-06T17:09:49Z</time>
   </trkpt>
   <trkpt lat="48.1267980" lon="17.1182100">
    <ele>134.7</ele>
    <time>2025-10-06T17:09:50Z</time>
   </trkpt>
   <trkpt lat="48.1267880" lon="17.1182130">
    <ele>134.7</ele>
    <time>2025-10-06T17:09:51Z</time>
   </trkpt>
   <trkpt lat="48.1267940" lon="17.1181910">
    <ele>134.7</ele>
    <time>2025-10-06T17:09:53Z</time>
   </trkpt>
   <trkpt lat="48.1267910" lon="17.1181800">
    <ele>134.7</ele>
    <time>2025-10-06T17:09:54Z</time>
   </trkpt>
   <trkpt lat="48.1267800" lon="17.1181590">
    <ele>134.7</ele>
    <time>2025-10-06T17:09:55Z</time>
   </trkpt>
   <trkpt lat="48.1267680" lon="17.1181400">
    <ele>134.6</ele>
    <time>2025-10-06T17:09:56Z</time>
   </trkpt>
   <trkpt lat="48.1267580" lon="17.1181260">
    <ele>134.6</ele>
    <time>2025-10-06T17:09:57Z</time>
   </trkpt>
   <trkpt lat="48.1267310" lon="17.1181160">
    <ele>134.6</ele>
    <time>2025-10-06T17:09:58Z</time>
   </trkpt>
   <trkpt lat="48.1267210" lon="17.1181150">
    <ele>134.6</ele>
    <time>2025-10-06T17:09:59Z</time>
   </trkpt>
   <trkpt lat="48.1267070" lon="17.1181080">
    <ele>134.6</ele>
    <time>2025-10-06T17:10:00Z</time>
   </trkpt>
   <trkpt lat="48.1266970" lon="17.1180980">
    <ele>134.6</ele>
    <time>2025-10-06T17:10:01Z</time>
   </trkpt>
   <trkpt lat="48.1266570" lon="17.1180820">
    <ele>134.6</ele>
    <time>2025-10-06T17:10:07Z</time>
   </trkpt>
   <trkpt lat="48.1266550" lon="17.1180760">
    <ele>134.6</ele>
    <time>2025-10-06T17:10:08Z</time>
   </trkpt>
   <trkpt lat="48.1266550" lon="17.1180740">
    <ele>134.6</ele>
    <time>2025-10-06T17:10:09Z</time>
   </trkpt>
   <trkpt lat="48.1266570" lon="17.1180720">
    <ele>134.6</ele>
    <time>2025-10-06T17:10:11Z</time>
   </trkpt>
   <trkpt lat="48.1266540" lon="17.1180610">
    <ele>134.6</ele>
    <time>2025-10-06T17:10:12Z</time>
   </trkpt>
   <trkpt lat="48.1266430" lon="17.1180290">
    <ele>134.6</ele>
    <time>2025-10-06T17:10:14Z</time>
   </trkpt>
   <trkpt lat="48.1266360" lon="17.1180170">
    <ele>134.6</ele>
    <time>2025-10-06T17:10:15Z</time>
   </trkpt>
   <trkpt lat="48.1266270" lon="17.1180170">
    <ele>134.6</ele>
    <time>2025-10-06T17:10:16Z</time>
   </trkpt>
   <trkpt lat="48.1266230" lon="17.1180160">
    <ele>134.6</ele>
    <time>2025-10-06T17:10:17Z</time>
   </trkpt>
   <trkpt lat="48.1266220" lon="17.1180150">
    <ele>134.6</ele>
    <time>2025-10-06T17:10:18Z</time>
   </trkpt>
   <trkpt lat="48.1266200" lon="17.1180130">
    <ele>134.6</ele>
    <time>2025-10-06T17:10:19Z</time>
   </trkpt>
   <trkpt lat="48.1266170" lon="17.1180120">
    <ele>134.6</ele>
    <time>2025-10-06T17:10:20Z</time>
   </trkpt>
   <trkpt lat="48.1266140" lon="17.1180110">
    <ele>134.6</ele>
    <time>2025-10-06T17:10:21Z</time>
   </trkpt>
   <trkpt lat="48.1266130" lon="17.1180100">
    <ele>134.6</ele>
    <time>2025-10-06T17:10:22Z</time>
   </trkpt>
   <trkpt lat="48.1266130" lon="17.1180090">
    <ele>134.6</ele>
    <time>2025-10-06T17:10:23Z</time>
   </trkpt>
   <trkpt lat="48.1266120" lon="17.1180080">
    <ele>134.6</ele>
    <time>2025-10-06T17:10:24Z</time>
   </trkpt>
   <trkpt lat="48.1266120" lon="17.1180070">
    <ele>134.6</ele>
    <time>2025-10-06T17:10:25Z</time>
   </trkpt>
   <trkpt lat="48.1266120" lon="17.1180070">
    <ele>134.6</ele>
    <time>2025-10-06T17:10:26Z</time>
   </trkpt>
   <trkpt lat="48.1266110" lon="17.1180070">
    <ele>134.6</ele>
    <time>2025-10-06T17:10:27Z</time>
   </trkpt>
   <trkpt lat="48.1266110" lon="17.1180060">
    <ele>134.6</ele>
    <time>2025-10-06T17:10:28Z</time>
   </trkpt>
   <trkpt lat="48.1266090" lon="17.1180060">
    <ele>134.6</ele>
    <time>2025-10-06T17:10:29Z</time>
   </trkpt>
   <trkpt lat="48.1266020" lon="17.1180050">
    <ele>134.6</ele>
    <time>2025-10-06T17:10:30Z</time>
   </trkpt>
   <trkpt lat="48.1265910" lon="17.1180020">
    <ele>134.6</ele>
    <time>2025-10-06T17:10:31Z</time>
   </trkpt>
   <trkpt lat="48.1265790" lon="17.1179920">
    <ele>134.6</ele>
    <time>2025-10-06T17:10:33Z</time>
   </trkpt>
   <trkpt lat="48.1265420" lon="17.1179640">
    <ele>134.6</ele>
    <time>2025-10-06T17:10:34Z</time>
   </trkpt>
   <trkpt lat="48.1265130" lon="17.1179530">
    <ele>134.5</ele>
    <time>2025-10-06T17:10:39Z</time>
   </trkpt>
   <trkpt lat="48.1264830" lon="17.1179430">
    <ele>134.5</ele>
    <time>2025-10-06T17:10:40Z</time>
   </trkpt>
   <trkpt lat="48.1264720" lon="17.1179130">
    <ele>134.5</ele>
    <time>2025-10-06T17:10:41Z</time>
   </trkpt>
   <trkpt lat="48.1264670" lon="17.1179070">
    <ele>134.5</ele>
    <time>2025-10-06T17:10:42Z</time>
   </trkpt>
   <trkpt lat="48.1264630" lon="17.1179000">
    <ele>134.5</ele>
    <time>2025-10-06T17:10:44Z</time>
   </trkpt>
   <trkpt lat="48.1264590" lon="17.1178930">
    <ele>134.5</ele>
    <time>2025-10-06T17:10:45Z</time>
   </trkpt>
   <trkpt lat="48.1264550" lon="17.1178860">
    <ele>134.5</ele>
    <time>2025-10-06T17:10:47Z</time>
   </trkpt>
   <trkpt lat="48.1264500" lon="17.1178800">
    <ele>134.5</ele>
    <time>2025-10-06T17:10:48Z</time>
   </trkpt>
   <trkpt lat="48.1264460" lon="17.1178730">
    <ele>134.5</ele>
    <time>2025-10-06T17:10:49Z</time>
   </trkpt>
   <trkpt lat="48.1264420" lon="17.1178660">
    <ele>134.5</ele>
    <time>2025-10-06T17:10:50Z</time>
   </trkpt>
   <trkpt lat="48.1264370" lon="17.1178600">
    <ele>134.5</ele>
    <time>2025-10-06T17:10:51Z</time>
   </trkpt>
   <trkpt lat="48.1264330" lon="17.1178530">
    <ele>134.5</ele>
    <time>2025-10-06T17:10:52Z</time>
   </trkpt>
   <trkpt lat="48.1264250" lon="17.1178320">
    <ele>134.5</ele>
    <time>2025-10-06T17:10:53Z</time>
   </trkpt>
   <trkpt lat="48.1264160" lon="17.1178150">
    <ele>134.5</ele>
    <time>2025-10-06T17:10:54Z</time>
   </trkpt>
   <trkpt lat="48.1264050" lon="17.1178010">
    <ele>134.5</ele>
    <time>2025-10-06T17:10:55Z</time>
   </trkpt>
   <trkpt lat="48.1263960" lon="17.1177940">
    <ele>134.5</ele>
    <time>2025-10-06T17:10:56Z</time>
   </trkpt>
   <trkpt lat="48.1263950" lon="17.1177910">
    <ele>134.5</ele>
    <time>2025-10-06T17:10:57Z</time>
   </trkpt>
   <trkpt lat="48.1263970" lon="17.1177920">
    <ele>134.5</ele>
    <time>2025-10-06T17:10:58Z</time>
   </trkpt>
   <trkpt lat="48.1264010" lon="17.1177950">
    <ele>134.5</ele>
    <time>2025-10-06T17:10:59Z</time>
   </trkpt>
   <trkpt lat="48.1264070" lon="17.1178120">
    <ele>134.6</ele>
    <time>2025-10-06T17:11:01Z</time>
   </trkpt>
   <trkpt lat="48.1264080" lon="17.1178190">
    <ele>134.6</ele>
    <time>2025-10-06T17:11:02Z</time>
   </trkpt>
   <trkpt lat="48.1264080" lon="17.1178230">
    <ele>134.6</ele>
    <time>2025-10-06T17:11:03Z</time>
   </trkpt>
   <trkpt lat="48.1264080" lon="17.1178260">
    <ele>134.6</ele>
    <time>2025-10-06T17:11:04Z</time>
   </trkpt>
   <trkpt lat="48.1264080" lon="17.1178280">
    <ele>134.6</ele>
    <time>2025-10-06T17:11:05Z</time>
   </trkpt>
   <trkpt lat="48.1264080" lon="17.1178290">
    <ele>134.6</ele>
    <time>2025-10-06T17:11:06Z</time>
   </trkpt>
   <trkpt lat="48.1264080" lon="17.1178300">
    <ele>134.6</ele>
    <time>2025-10-06T17:11:07Z</time>
   </trkpt>
   <trkpt lat="48.1264080" lon="17.1178300">
    <ele>134.6</ele>
    <time>2025-10-06T17:11:08Z</time>
   </trkpt>
   <trkpt lat="48.1264040" lon="17.1178300">
    <ele>134.6</ele>
    <time>2025-10-06T17:11:09Z</time>
   </trkpt>
   <trkpt lat="48.1264020" lon="17.1178280">
    <ele>134.6</ele>
    <time>2025-10-06T17:11:10Z</time>
   </trkpt>
   <trkpt lat="48.1263900" lon="17.1178090">
    <ele>134.6</ele>
    <time>2025-10-06T17:11:11Z</time>
   </trkpt>
   <trkpt lat="48.1263780" lon="17.1177620">
    <ele>134.6</ele>
    <time>2025-10-06T17:11:17Z</time>
   </trkpt>
   <trkpt lat="48.1263860" lon="17.1177480">
    <ele>134.6</ele>
    <time>2025-10-06T17:11:18Z</time>
   </trkpt>
   <trkpt lat="48.1263940" lon="17.1177380">
    <ele>134.6</ele>
    <time>2025-10-06T17:11:19Z</time>
   </trkpt>
   <trkpt lat="48.1263990" lon="17.1177330">
    <ele>134.6</ele>
    <time>2025-10-06T17:11:21Z</time>
   </trkpt>
   <trkpt lat="48.1264030" lon="17.1177230">
    <ele>134.6</ele>
    <time>2025-10-06T17:11:22Z</time>
   </trkpt>
   <trkpt lat="48.1264070" lon="17.1177130">
    <ele>134.6</ele>
    <time>2025-10-06T17:11:23Z</time>
   </trkpt>
   <trkpt lat="48.1264060" lon="17.1177110">
    <ele>134.6</ele>
    <time>2025-10-06T17:11:24Z</time>
   </trkpt>
   <trkpt lat="48.1264010" lon="17.1176860">
    <ele>134.6</ele>
    <time>2025-10-06T17:11:25Z</time>
   </trkpt>
   <trkpt lat="48.1263980" lon="17.1176670">
    <ele>134.6</ele>
    <time>2025-10-06T17:11:26Z</time>
   </trkpt>
   <trkpt lat="48.1263910" lon="17.1176450">
    <ele>134.6</ele>
    <time>2025-10-06T17:11:27Z</time>
   </trkpt>
   <trkpt lat="48.1263820" lon="17.1176310">
    <ele>134.6</ele>
    <time>2025-10-06T17:11:28Z</time>
   </trkpt>
   <trkpt lat="48.1263690" lon="17.1176230">
    <ele>134.6</ele>
    <time>2025-10-06T17:11:29Z</time>
   </trkpt>
   <trkpt lat="48.1263580" lon="17.1176170">
    <ele>134.6</ele>
    <time>2025-10-06T17:11:30Z</time>
   </trkpt>
   <trkpt lat="48.1263490" lon="17.1176100">
    <ele>134.6</ele>
    <time>2025-10-06T17:11:31Z</time>
   </trkpt>
   <trkpt lat="48.1263460" lon="17.1176100">
    <ele>134.6</ele>
    <time>2025-10-06T17:11:32Z</time>
   </trkpt>
   <trkpt lat="48.1263450" lon="17.1176150">
    <ele>134.6</ele>
    <time>2025-10-06T17:11:33Z</time>
   </trkpt>
   <trkpt lat="48.1263490" lon="17.1176090">
    <ele>134.6</ele>
    <time>2025-10-06T17:11:34Z</time>
   </trkpt>
   <trkpt lat="48.1263500" lon="17.1176060">
    <ele>134.6</ele>
    <time>2025-10-06T17:11:35Z</time>
   </trkpt>
   <trkpt lat="48.1263550" lon="17.1176070">
    <ele>134.6</ele>
    <time>2025-10-06T17:11:36Z</time>
   </trkpt>
   <trkpt lat="48.1263560" lon="17.1176070">
    <ele>134.6</ele>
    <time>2025-10-06T17:11:37Z</time>
   </trkpt>
   <trkpt lat="48.1263570" lon="17.1176080">
    <ele>134.6</ele>
    <time>2025-10-06T17:11:38Z</time>
   </trkpt>
   <trkpt lat="48.1263570" lon="17.1176080">
    <ele>134.6</ele>
    <time>2025-10-06T17:11:39Z</time>
   </trkpt>
   <trkpt lat="48.1263570" lon="17.1176080">
    <ele>134.6</ele>
    <time>2025-10-06T17:11:40Z</time>
   </trkpt>
   <trkpt lat="48.1263580" lon="17.1176090">
    <ele>134.6</ele>
    <time>2025-10-06T17:11:41Z</time>
   </trkpt>
   <trkpt lat="48.1263570" lon="17.1176100">
    <ele>134.6</ele>
    <time>2025-10-06T17:11:42Z</time>
   </trkpt>
   <trkpt lat="48.1263570" lon="17.1176100">
    <ele>134.6</ele>
    <time>2025-10-06T17:11:43Z</time>
   </trkpt>
   <trkpt lat="48.1263560" lon="17.1176090">
    <ele>134.6</ele>
    <time>2025-10-06T17:11:44Z</time>
   </trkpt>
   <trkpt lat="48.1263560" lon="17.1176090">
    <ele>134.6</ele>
    <time>2025-10-06T17:11:45Z</time>
   </trkpt>
   <trkpt lat="48.1263560" lon="17.1176090">
    <ele>134.6</ele>
    <time>2025-10-06T17:11:46Z</time>
   </trkpt>
   <trkpt lat="48.1263570" lon="17.1176090">
    <ele>134.6</ele>
    <time>2025-10-06T17:11:47Z</time>
   </trkpt>
   <trkpt lat="48.1263570" lon="17.1176090">
    <ele>134.6</ele>
    <time>2025-10-06T17:11:48Z</time>
   </trkpt>
   <trkpt lat="48.1263560" lon="17.1176090">
    <ele>134.6</ele>
    <time>2025-10-06T17:11:49Z</time>
   </trkpt>
   <trkpt lat="48.1263550" lon="17.1176110">
    <ele>134.6</ele>
    <time>2025-10-06T17:11:50Z</time>
   </trkpt>
   <trkpt lat="48.1263550" lon="17.1176110">
    <ele>134.6</ele>
    <time>2025-10-06T17:11:51Z</time>
   </trkpt>
   <trkpt lat="48.1263550" lon="17.1176110">
    <ele>134.6</ele>
    <time>2025-10-06T17:11:52Z</time>
   </trkpt>
   <trkpt lat="48.1263550" lon="17.1176110">
    <ele>134.6</ele>
    <time>2025-10-06T17:11:53Z</time>
   </trkpt>
   <trkpt lat="48.1263550" lon="17.1176110">
    <ele>134.6</ele>
    <time>2025-10-06T17:11:54Z</time>
   </trkpt>
   <trkpt lat="48.1263430" lon="17.1176110">
    <ele>134.6</ele>
    <time>2025-10-06T17:11:55Z</time>
   </trkpt>
   <trkpt lat="48.1263300" lon="17.1176110">
    <ele>134.6</ele>
    <time>2025-10-06T17:11:56Z</time>
   </trkpt>
   <trkpt lat="48.1263180" lon="17.1176050">
    <ele>134.6</ele>
    <time>2025-10-06T17:11:57Z</time>
   </trkpt>
   <trkpt lat="48.1263060" lon="17.1175990">
    <ele>134.6</ele>
    <time>2025-10-06T17:11:58Z</time>
   </trkpt>
   <trkpt lat="48.1262940" lon="17.1175970">
    <ele>134.6</ele>
    <time>2025-10-06T17:11:59Z</time>
   </trkpt>
   <trkpt lat="48.1262820" lon="17.1175940">
    <ele>134.6</ele>
    <time>2025-10-06T17:12:00Z</time>
   </trkpt>
   <trkpt lat="48.1262670" lon="17.1175910">
    <ele>134.6</ele>
    <time>2025-10-06T17:12:01Z</time>
   </trkpt>
   <trkpt lat="48.1262580" lon="17.1175860">
    <ele>134.6</ele>
    <time>2025-10-06T17:12:02Z</time>
   </trkpt>
   <trkpt lat="48.1262480" lon="17.1175800">
    <ele>134.6</ele>
    <time>2025-10-06T17:12:03Z</time>
   </trkpt>
   <trkpt lat="48.1262380" lon="17.1175630">
    <ele>134.6</ele>
    <time>2025-10-06T17:12:04Z</time>
   </trkpt>
   <trkpt lat="48.1262260" lon="17.1175520">
    <ele>134.6</ele>
    <time>2025-10-06T17:12:05Z</time>
   </trkpt>
   <trkpt lat="48.1262140" lon="17.1175440">
    <ele>134.6</ele>
    <time>2025-10-06T17:12:06Z</time>
   </trkpt>
   <trkpt lat="48.1262040" lon="17.1175410">
    <ele>134.6</ele>
    <time>2025-10-06T17:12:07Z</time>
   </trkpt>
   <trkpt lat="48.1261930" lon="17.1175420">
    <ele>134.6</ele>
    <time>2025-10-06T17:12:08Z</time>
   </trkpt>
   <trkpt lat="48.1261830" lon="17.1175430">
    <ele>134.6</ele>
    <time>2025-10-06T17:12:09Z</time>
   </trkpt>
   <trkpt lat="48.1261750" lon="17.1175470">
    <ele>134.6</ele>
    <time>2025-10-06T17:12:10Z</time>
   </trkpt>
   <trkpt lat="48.1261710" lon="17.1175510">
    <ele>134.6</ele>
    <time>2025-10-06T17:12:11Z</time>
   </trkpt>
   <trkpt lat="48.1261670" lon="17.1175540">
    <ele>134.6</ele>
    <time>2025-10-06T17:12:12Z</time>
   </trkpt>
   <trkpt lat="48.1261570" lon="17.1175520">
    <ele>134.6</ele>
    <time>2025-10-06T17:12:13Z</time>
   </trkpt>
   <trkpt lat="48.1261510" lon="17.1175490">
    <ele>134.6</ele>
    <time>2025-10-06T17:12:14Z</time>
   </trkpt>
   <trkpt lat="48.1261460" lon="17.1175470">
    <ele>134.6</ele>
    <time>2025-10-06T17:12:15Z</time>
   </trkpt>
   <trkpt lat="48.1261410" lon="17.1175440">
    <ele>134.6</ele>
    <time>2025-10-06T17:12:16Z</time>
   </trkpt>
   <trkpt lat="48.1261360" lon="17.1175420">
    <ele>134.6</ele>
    <time>2025-10-06T17:12:17Z</time>
   </trkpt>
   <trkpt lat="48.1261300" lon="17.1175390">
    <ele>134.6</ele>
    <time>2025-10-06T17:12:23Z</time>
   </trkpt>
   <trkpt lat="48.1261250" lon="17.1175370">
    <ele>134.6</ele>
    <time>2025-10-06T17:12:24Z</time>
   </trkpt>
   <trkpt lat="48.1261200" lon="17.1175340">
    <ele>134.6</ele>
    <time>2025-10-06T17:12:25Z</time>
   </trkpt>
   <trkpt lat="48.1261150" lon="17.1175320">
    <ele>134.6</ele>
    <time>2025-10-06T17:12:26Z</time>
   </trkpt>
   <trkpt lat="48.1261090" lon="17.1175290">
    <ele>134.6</ele>
    <time>2025-10-06T17:12:27Z</time>
   </trkpt>
   <trkpt lat="48.1261040" lon="17.1175270">
    <ele>134.6</ele>
    <time>2025-10-06T17:12:28Z</time>
   </trkpt>
   <trkpt lat="48.1260920" lon="17.1175150">
    <ele>134.6</ele>
    <time>2025-10-06T17:12:29Z</time>
   </trkpt>
   <trkpt lat="48.1260790" lon="17.1175030">
    <ele>134.6</ele>
    <time>2025-10-06T17:12:30Z</time>
   </trkpt>
   <trkpt lat="48.1260700" lon="17.1174920">
    <ele>134.6</ele>
    <time>2025-10-06T17:12:31Z</time>
   </trkpt>
   <trkpt lat="48.1260610" lon="17.1174820">
    <ele>134.6</ele>
    <time>2025-10-06T17:12:32Z</time>
   </trkpt>
   <trkpt lat="48.1260530" lon="17.1174720">
    <ele>134.6</ele>
    <time>2025-10-06T17:12:33Z</time>
   </trkpt>
   <trkpt lat="48.1260470" lon="17.1174650">
    <ele>134.6</ele>
    <time>2025-10-06T17:12:34Z</time>
   </trkpt>
   <trkpt lat="48.1260460" lon="17.1174660">
    <ele>134.6</ele>
    <time>2025-10-06T17:12:35Z</time>
   </trkpt>
   <trkpt lat="48.1260480" lon="17.1174650">
    <ele>134.6</ele>
    <time>2025-10-06T17:12:36Z</time>
   </trkpt>
   <trkpt lat="48.1260500" lon="17.1174660">
    <ele>134.6</ele>
    <time>2025-10-06T17:12:37Z</time>
   </trkpt>
   <trkpt lat="48.1260520" lon="17.1174680">
    <ele>134.6</ele>
    <time>2025-10-06T17:12:38Z</time>
   </trkpt>
   <trkpt lat="48.1260550" lon="17.1174710">
    <ele>134.6</ele>
    <time>2025-10-06T17:12:39Z</time>
   </trkpt>
   <trkpt lat="48.1260570" lon="17.1174730">
    <ele>134.6</ele>
    <time>2025-10-06T17:12:40Z</time>
   </trkpt>
   <trkpt lat="48.1260590" lon="17.1174730">
    <ele>134.6</ele>
    <time>2025-10-06T17:12:41Z</time>
   </trkpt>
   <trkpt lat="48.1260600" lon="17.1174740">
    <ele>134.6</ele>
    <time>2025-10-06T17:12:42Z</time>
   </trkpt>
   <trkpt lat="48.1260610" lon="17.1174730">
    <ele>134.6</ele>
    <time>2025-10-06T17:12:43Z</time>
   </trkpt>
   <trkpt lat="48.1260610" lon="17.1174720">
    <ele>134.6</ele>
    <time>2025-10-06T17:12:44Z</time>
   </trkpt>
   <trkpt lat="48.1260620" lon="17.1174720">
    <ele>134.6</ele>
    <time>2025-10-06T17:12:45Z</time>
   </trkpt>
   <trkpt lat="48.1260630" lon="17.1174720">
    <ele>134.6</ele>
    <time>2025-10-06T17:12:46Z</time>
   </trkpt>
   <trkpt lat="48.1260620" lon="17.1174720">
    <ele>134.6</ele>
    <time>2025-10-06T17:12:47Z</time>
   </trkpt>
   <trkpt lat="48.1260610" lon="17.1174690">
    <ele>134.6</ele>
    <time>2025-10-06T17:12:48Z</time>
   </trkpt>
   <trkpt lat="48.1260580" lon="17.1174640">
    <ele>134.6</ele>
    <time>2025-10-06T17:12:49Z</time>
   </trkpt>
   <trkpt lat="48.1260470" lon="17.1174530">
    <ele>134.6</ele>
    <time>2025-10-06T17:12:50Z</time>
   </trkpt>
   <trkpt lat="48.1260340" lon="17.1174410">
    <ele>134.6</ele>
    <time>2025-10-06T17:12:51Z</time>
   </trkpt>
   <trkpt lat="48.1259930" lon="17.1174170">
    <ele>134.6</ele>
    <time>2025-10-06T17:12:52Z</time>
   </trkpt>
   <trkpt lat="48.1259660" lon="17.1174080">
    <ele>134.6</ele>
    <time>2025-10-06T17:12:58Z</time>
   </trkpt>
   <trkpt lat="48.1259380" lon="17.1174000">
    <ele>134.6</ele>
    <time>2025-10-06T17:12:59Z</time>
   </trkpt>
   <trkpt lat="48.1259300" lon="17.1173880">
    <ele>134.6</ele>
    <time>2025-10-06T17:13:00Z</time>
   </trkpt>
   <trkpt lat="48.1259220" lon="17.1173720">
    <ele>134.6</ele>
    <time>2025-10-06T17:13:01Z</time>
   </trkpt>
   <trkpt lat="48.1259150" lon="17.1173610">
    <ele>134.6</ele>
    <time>2025-10-06T17:13:02Z</time>
   </trkpt>
   <trkpt lat="48.1259100" lon="17.1173550">
    <ele>134.6</ele>
    <time>2025-10-06T17:13:03Z</time>
   </trkpt>
   <trkpt lat="48.1259090" lon="17.1173520">
    <ele>134.6</ele>
    <time>2025-10-06T17:13:04Z</time>
   </trkpt>
   <trkpt lat="48.1259090" lon="17.1173500">
    <ele>134.6</ele>
    <time>2025-10-06T17:13:06Z</time>
   </trkpt>
   <trkpt lat="48.1259090" lon="17.1173470">
    <ele>134.6</ele>
    <time>2025-10-06T17:13:07Z</time>
   </trkpt>
   <trkpt lat="48.1259070" lon="17.1173430">
    <ele>134.6</ele>
    <time>2025-10-06T17:13:08Z</time>
   </trkpt>
   <trkpt lat="48.1259050" lon="17.1173410">
    <ele>134.6</ele>
    <time>2025-10-06T17:13:09Z</time>
   </trkpt>
   <trkpt lat="48.1259000" lon="17.1173380">
    <ele>134.6</ele>
    <time>2025-10-06T17:13:10Z</time>
   </trkpt>
   <trkpt lat="48.1258960" lon="17.1173340">
    <ele>134.6</ele>
    <time>2025-10-06T17:13:11Z</time>
   </trkpt>
   <trkpt lat="48.1258940" lon="17.1173280">
    <ele>134.6</ele>
    <time>2025-10-06T17:13:12Z</time>
   </trkpt>
   <trkpt lat="48.1258890" lon="17.1173190">
    <ele>134.6</ele>
    <time>2025-10-06T17:13:13Z</time>
   </trkpt>
   <trkpt lat="48.1258830" lon="17.1173130">
    <ele>134.6</ele>
    <time>2025-10-06T17:13:14Z</time>
   </trkpt>
   <trkpt lat="48.1258780" lon="17.1173060">
    <ele>134.6</ele>
    <time>2025-10-06T17:13:15Z</time>
   </trkpt>
   <trkpt lat="48.1258720" lon="17.1173000">
    <ele>134.6</ele>
    <time>2025-10-06T17:13:16Z</time>
   </trkpt>
   <trkpt lat="48.1258670" lon="17.1172930">
    <ele>134.6</ele>
    <time>2025-10-06T17:13:17Z</time>
   </trkpt>
   <trkpt lat="48.1258620" lon="17.1172860">
    <ele>134.6</ele>
    <time>2025-10-06T17:13:18Z</time>
   </trkpt>
   <trkpt lat="48.1258560" lon="17.1172800">
    <ele>134.6</ele>
    <time>2025-10-06T17:13:20Z</time>
   </trkpt>
   <trkpt lat="48.1258510" lon="17.1172730">
    <ele>134.6</ele>
    <time>2025-10-06T17:13:26Z</time>
   </trkpt>
   <trkpt lat="48.1258450" lon="17.1172670">
    <ele>134.6</ele>
    <time>2025-10-06T17:13:27Z</time>
   </trkpt>
   <trkpt lat="48.1258400" lon="17.1172600">
    <ele>134.6</ele>
    <time>2025-10-06T17:13:28Z</time>
   </trkpt>
   <trkpt lat="48.1258330" lon="17.1172440">
    <ele>134.6</ele>
    <time>2025-10-06T17:13:29Z</time>
   </trkpt>
   <trkpt lat="48.1258300" lon="17.1172270">
    <ele>134.6</ele>
    <time>2025-10-06T17:13:30Z</time>
   </trkpt>
   <trkpt lat="48.1258290" lon="17.1172140">
    <ele>134.6</ele>
    <time>2025-10-06T17:13:31Z</time>
   </trkpt>
   <trkpt lat="48.1258250" lon="17.1172030">
    <ele>134.6</ele>
    <time>2025-10-06T17:13:32Z</time>
   </trkpt>
   <trkpt lat="48.1258230" lon="17.1171930">
    <ele>134.6</ele>
    <time>2025-10-06T17:13:33Z</time>
   </trkpt>
   <trkpt lat="48.1258290" lon="17.1171850">
    <ele>134.6</ele>
    <time>2025-10-06T17:13:34Z</time>
   </trkpt>
   <trkpt lat="48.1258340" lon="17.1171840">
    <ele>134.5</ele>
    <time>2025-10-06T17:13:35Z</time>
   </trkpt>
   <trkpt lat="48.1258400" lon="17.1171840">
    <ele>134.5</ele>
    <time>2025-10-06T17:13:36Z</time>
   </trkpt>
   <trkpt lat="48.1258490" lon="17.1171810">
    <ele>134.5</ele>
    <time>2025-10-06T17:13:37Z</time>
   </trkpt>
   <trkpt lat="48.1258510" lon="17.1171790">
    <ele>134.5</ele>
    <time>2025-10-06T17:13:38Z</time>
   </trkpt>
   <trkpt lat="48.1258460" lon="17.1171790">
    <ele>134.5</ele>
    <time>2025-10-06T17:13:39Z</time>
   </trkpt>
   <trkpt lat="48.1258420" lon="17.1171790">
    <ele>134.5</ele>
    <time>2025-10-06T17:13:40Z</time>
   </trkpt>
   <trkpt lat="48.1258380" lon="17.1171790">
    <ele>134.5</ele>
    <time>2025-10-06T17:13:41Z</time>
   </trkpt>
   <trkpt lat="48.1258340" lon="17.1171790">
    <ele>134.5</ele>
    <time>2025-10-06T17:13:42Z</time>
   </trkpt>
   <trkpt lat="48.1258290" lon="17.1171790">
    <ele>134.5</ele>
    <time>2025-10-06T17:13:43Z</time>
   </trkpt>
   <trkpt lat="48.1258250" lon="17.1171790">
    <ele>134.5</ele>
    <time>2025-10-06T17:13:44Z</time>
   </trkpt>
   <trkpt lat="48.1258210" lon="17.1171790">
    <ele>134.5</ele>
    <time>2025-10-06T17:13:45Z</time>
   </trkpt>
   <trkpt lat="48.1258160" lon="17.1171790">
    <ele>134.5</ele>
    <time>2025-10-06T17:13:46Z</time>
   </trkpt>
   <trkpt lat="48.1258120" lon="17.1171790">
    <ele>134.5</ele>
    <time>2025-10-06T17:13:47Z</time>
   </trkpt>
   <trkpt lat="48.1258050" lon="17.1171820">
    <ele>134.5</ele>
    <time>2025-10-06T17:13:48Z</time>
   </trkpt>
   <trkpt lat="48.1257950" lon="17.1171870">
    <ele>134.5</ele>
    <time>2025-10-06T17:13:49Z</time>
   </trkpt>
   <trkpt lat="48.1257840" lon="17.1171920">
    <ele>134.5</ele>
    <time>2025-10-06T17:13:50Z</time>
   </trkpt>
   <trkpt lat="48.1257750" lon="17.1171960">
    <ele>134.5</ele>
    <time>2025-10-06T17:13:51Z</time>
   </trkpt>
   <trkpt lat="48.1257640" lon="17.1171860">
    <ele>134.5</ele>
    <time>2025-10-06T17:13:52Z</time>
   </trkpt>
   <trkpt lat="48.1257550" lon="17.1171710">
    <ele>134.5</ele>
    <time>2025-10-06T17:13:53Z</time>
   </trkpt>
   <trkpt lat="48.1257470" lon="17.1171570">
    <ele>134.5</ele>
    <time>2025-10-06T17:13:54Z</time>
   </trkpt>
   <trkpt lat="48.1257410" lon="17.1171440">
    <ele>134.5</ele>
    <time>2025-10-06T17:13:55Z</time>
   </trkpt>
   <trkpt lat="48.1257380" lon="17.1171270">
    <ele>134.5</ele>
    <time>2025-10-06T17:13:57Z</time>
   </trkpt>
   <trkpt lat="48.1257200" lon="17.1171240">
    <ele>134.5</ele>
    <time>2025-10-06T17:13:58Z</time>
   </trkpt>
   <trkpt lat="48.1257210" lon="17.1171250">
    <ele>134.5</ele>
    <time>2025-10-06T17:13:59Z</time>
   </trkpt>
   <trkpt lat="48.1257210" lon="17.1171240">
    <ele>134.5</ele>
    <time>2025-10-06T17:14:00Z</time>
   </trkpt>
   <trkpt lat="48.1257210" lon="17.1171210">
    <ele>134.5</ele>
    <time>2025-10-06T17:14:01Z</time>
   </trkpt>
   <trkpt lat="48.1257210" lon="17.1171200">
    <ele>134.5</ele>
    <time>2025-10-06T17:14:02Z</time>
   </trkpt>
   <trkpt lat="48.1257220" lon="17.1171190">
    <ele>134.5</ele>
    <time>2025-10-06T17:14:03Z</time>
   </trkpt>
   <trkpt lat="48.1257210" lon="17.1171190">
    <ele>134.5</ele>
    <time>2025-10-06T17:14:04Z</time>
   </trkpt>
   <trkpt lat="48.1257220" lon="17.1171190">
    <ele>134.5</ele>
    <time>2025-10-06T17:14:06Z</time>
   </trkpt>
   <trkpt lat="48.1257210" lon="17.1171180">
    <ele>134.5</ele>
    <time>2025-10-06T17:14:07Z</time>
   </trkpt>
   <trkpt lat="48.1257190" lon="17.1171170">
    <ele>134.5</ele>
    <time>2025-10-06T17:14:09Z</time>
   </trkpt>
   <trkpt lat="48.1257090" lon="17.1171140">
    <ele>134.5</ele>
    <time>2025-10-06T17:14:10Z</time>
   </trkpt>
   <trkpt lat="48.1257030" lon="17.1171120">
    <ele>134.5</ele>
    <time>2025-10-06T17:14:11Z</time>
   </trkpt>
   <trkpt lat="48.1256980" lon="17.1171080">
    <ele>134.5</ele>
    <time>2025-10-06T17:14:12Z</time>
   </trkpt>
   <trkpt lat="48.1256970" lon="17.1171050">
    <ele>134.5</ele>
    <time>2025-10-06T17:14:13Z</time>
   </trkpt>
   <trkpt lat="48.1256960" lon="17.1171040">
    <ele>134.5</ele>
    <time>2025-10-06T17:14:14Z</time>
   </trkpt>
   <trkpt lat="48.1256930" lon="17.1171030">
    <ele>134.5</ele>
    <time>2025-10-06T17:14:15Z</time>
   </trkpt>
   <trkpt lat="48.1256930" lon="17.1171010">
    <ele>134.5</ele>
    <time>2025-10-06T17:14:16Z</time>
   </trkpt>
   <trkpt lat="48.1256910" lon="17.1170990">
    <ele>134.5</ele>
    <time>2025-10-06T17:14:17Z</time>
   </trkpt>
   <trkpt lat="48.1256900" lon="17.1170970">
    <ele>134.5</ele>
    <time>2025-10-06T17:14:18Z</time>
   </trkpt>
   <trkpt lat="48.1256880" lon="17.1170960">
    <ele>134.5</ele>
    <time>2025-10-06T17:14:19Z</time>
   </trkpt>
   <trkpt lat="48.1256860" lon="17.1170930">
    <ele>134.5</ele>
    <time>2025-10-06T17:14:20Z</time>
   </trkpt>
   <trkpt lat="48.1256670" lon="17.1170850">
    <ele>134.5</ele>
    <time>2025-10-06T17:14:21Z</time>
   </trkpt>
   <trkpt lat="48.1256490" lon="17.1170780">
    <ele>134.5</ele>
    <time>2025-10-06T17:14:22Z</time>
   </trkpt>
   <trkpt lat="48.1256320" lon="17.1170710">
    <ele>134.5</ele>
    <time>2025-10-06T17:14:23Z</time>
   </trkpt>
   <trkpt lat="48.1256140" lon="17.1170650">
    <ele>134.5</ele>
    <time>2025-10-06T17:14:24Z</time>
   </trkpt>
   <trkpt lat="48.1255970" lon="17.1170580">
    <ele>134.5</ele>
    <time>2025-10-06T17:14:30Z</time>
   </trkpt>
   <trkpt lat="48.1255790" lon="17.1170510">
    <ele>134.5</ele>
    <time>2025-10-06T17:14:31Z</time>
   </trkpt>
   <trkpt lat="48.1255660" lon="17.1170400">
    <ele>134.5</ele>
    <time>2025-10-06T17:14:32Z</time>
   </trkpt>
   <trkpt lat="48.1255540" lon="17.1170230">
    <ele>134.5</ele>
    <time>2025-10-06T17:14:33Z</time>
   </trkpt>
   <trkpt lat="48.1255450" lon="17.1170060">
    <ele>134.5</ele>
    <time>2025-10-06T17:14:34Z</time>
   </trkpt>
   <trkpt lat="48.1255360" lon="17.1169910">
    <ele>134.5</ele>
    <time>2025-10-06T17:14:35Z</time>
   </trkpt>
   <trkpt lat="48.1255290" lon="17.1169800">
    <ele>134.5</ele>
    <time>2025-10-06T17:14:36Z</time>
   </trkpt>
   <trkpt lat="48.1255260" lon="17.1169790">
    <ele>134.5</ele>
    <time>2025-10-06T17:14:37Z</time>
   </trkpt>
   <trkpt lat="48.1255260" lon="17.1169810">
    <ele>134.5</ele>
    <time>2025-10-06T17:14:38Z</time>
   </trkpt>
   <trkpt lat="48.1255290" lon="17.1169850">
    <ele>134.5</ele>
    <time>2025-10-06T17:14:40Z</time>
   </trkpt>
   <trkpt lat="48.1255260" lon="17.1169700">
    <ele>134.5</ele>
    <time>2025-10-06T17:14:41Z</time>
   </trkpt>
   <trkpt lat="48.1255090" lon="17.1169510">
    <ele>134.5</ele>
    <time>2025-10-06T17:14:43Z</time>
   </trkpt>
   <trkpt lat="48.1254990" lon="17.1169460">
    <ele>134.5</ele>
    <time>2025-10-06T17:14:44Z</time>
   </trkpt>
   <trkpt lat="48.1254900" lon="17.1169400">
    <ele>134.5</ele>
    <time>2025-10-06T17:14:45Z</time>
   </trkpt>
   <trkpt lat="48.1254810" lon="17.1169390">
    <ele>134.5</ele>
    <time>2025-10-06T17:14:46Z</time>
   </trkpt>
   <trkpt lat="48.1254800" lon="17.1169410">
    <ele>134.5</ele>
    <time>2025-10-06T17:14:47Z</time>
   </trkpt>
   <trkpt lat="48.1254830" lon="17.1169450">
    <ele>134.5</ele>
    <time>2025-10-06T17:14:48Z</time>
   </trkpt>
   <trkpt lat="48.1254870" lon="17.1169510">
    <ele>134.5</ele>
    <time>2025-10-06T17:14:49Z</time>
   </trkpt>
   <trkpt lat="48.1254880" lon="17.1169520">
    <ele>134.5</ele>
    <time>2025-10-06T17:14:50Z</time>
   </trkpt>
   <trkpt lat="48.1254880" lon="17.1169520">
    <ele>134.5</ele>
    <time>2025-10-06T17:14:51Z</time>
   </trkpt>
   <trkpt lat="48.1254880" lon="17.1169540">
    <ele>134.5</ele>
    <time>2025-10-06T17:14:52Z</time>
   </trkpt>
   <trkpt lat="48.1254850" lon="17.1169540">
    <ele>134.5</ele>
    <time>2025-10-06T17:14:53Z</time>
   </trkpt>
   <trkpt lat="48.1254830" lon="17.1169540">
    <ele>134.5</ele>
    <time>2025-10-06T17:14:54Z</time>
   </trkpt>
   <trkpt lat="48.1254820" lon="17.1169530">
    <ele>134.5</ele>
    <time>2025-10-06T17:14:55Z</time>
   </trkpt>
   <trkpt lat="48.1254780" lon="17.1169510">
    <ele>134.5</ele>
    <time>2025-10-06T17:14:56Z</time>
   </trkpt>
   <trkpt lat="48.1254720" lon="17.1169470">
    <ele>134.5</ele>
    <time>2025-10-06T17:14:57Z</time>
   </trkpt>
   <trkpt lat="48.1254620" lon="17.1169390">
    <ele>134.5</ele>
    <time>2025-10-06T17:14:58Z</time>
   </trkpt>
   <trkpt lat="48.1254480" lon="17.1169280">
    <ele>134.5</ele>
    <time>2025-10-06T17:14:59Z</time>
   </trkpt>
   <trkpt lat="48.1254190" lon="17.1169060">
    <ele>134.5</ele>
    <time>2025-10-06T17:15:01Z</time>
   </trkpt>
   <trkpt lat="48.1254120" lon="17.1169000">
    <ele>134.5</ele>
    <time>2025-10-06T17:15:02Z</time>
   </trkpt>
   <trkpt lat="48.1254080" lon="17.1168920">
    <ele>134.5</ele>
    <time>2025-10-06T17:15:03Z</time>
   </trkpt>
   <trkpt lat="48.1254030" lon="17.1168760">
    <ele>134.5</ele>
    <time>2025-10-06T17:15:09Z</time>
   </trkpt>
   <trkpt lat="48.1254010" lon="17.1168740">
    <ele>134.5</ele>
    <time>2025-10-06T17:15:10Z</time>
   </trkpt>
   <trkpt lat="48.1253960" lon="17.1168670">
    <ele>134.5</ele>
    <time>2025-10-06T17:15:11Z</time>
   </trkpt>
   <trkpt lat="48.1253850" lon="17.1168590">
    <ele>134.5</ele>
    <time>2025-10-06T17:15:12Z</time>
   </trkpt>
   <trkpt lat="48.1253740" lon="17.1168430">
    <ele>134.5</ele>
    <time>2025-10-06T17:15:13Z</time>
   </trkpt>
   <trkpt lat="48.1253710" lon="17.1168270">
    <ele>134.5</ele>
    <time>2025-10-06T17:15:14Z</time>
   </trkpt>
   <trkpt lat="48.1253690" lon="17.1168150">
    <ele>134.5</ele>
    <time>2025-10-06T17:15:15Z</time>
   </trkpt>
   <trkpt lat="48.1253680" lon="17.1168090">
    <ele>134.5</ele>
    <time>2025-10-06T17:15:16Z</time>
   </trkpt>
   <trkpt lat="48.1253680" lon="17.1168090">
    <ele>134.5</ele>
    <time>2025-10-06T17:15:17Z</time>
   </trkpt>
   <trkpt lat="48.1253670" lon="17.1168070">
    <ele>134.5</ele>
    <time>2025-10-06T17:15:19Z</time>
   </trkpt>
   <trkpt lat="48.1253670" lon="17.1168060">
    <ele>134.5</ele>
    <time>2025-10-06T17:15:20Z</time>
   </trkpt>
   <trkpt lat="48.1253670" lon="17.1168050">
    <ele>134.5</ele>
    <time>2025-10-06T17:15:21Z</time>
   </trkpt>
   <trkpt lat="48.1253670" lon="17.1168040">
    <ele>134.5</ele>
    <time>2025-10-06T17:15:22Z</time>
   </trkpt>
   <trkpt lat="48.1253660" lon="17.1168010">
    <ele>134.5</ele>
    <time>2025-10-06T17:15:23Z</time>
   </trkpt>
   <trkpt lat="48.1253650" lon="17.1167980">
    <ele>134.5</ele>
    <time>2025-10-06T17:15:25Z</time>
   </trkpt>
   <trkpt lat="48.1253630" lon="17.1167960">
    <ele>134.5</ele>
    <time>2025-10-06T17:15:26Z</time>
   </trkpt>
   <trkpt lat="48.1253610" lon="17.1167930">
    <ele>134.5</ele>
    <time>2025-10-06T17:15:27Z</time>
   </trkpt>
   <trkpt lat="48.1253600" lon="17.1167910">
    <ele>134.5</ele>
    <time>2025-10-06T17:15:28Z</time>
   </trkpt>
   <trkpt lat="48.1253580" lon="17.1167880">
    <ele>134.5</ele>
    <time>2025-10-06T17:15:29Z</time>
   </trkpt>
   <trkpt lat="48.1253560" lon="17.1167860">
    <ele>134.5</ele>
    <time>2025-10-06T17:15:30Z</time>
   </trkpt>
   <trkpt lat="48.1253550" lon="17.1167830">
    <ele>134.5</ele>
    <time>2025-10-06T17:15:31Z</time>
   </trkpt>
   <trkpt lat="48.1253530" lon="17.1167810">
    <ele>134.5</ele>
    <time>2025-10-06T17:15:32Z</time>
   </trkpt>
   <trkpt lat="48.1253510" lon="17.1167780">
    <ele>134.5</ele>
    <time>2025-10-06T17:15:33Z</time>
   </trkpt>
   <trkpt lat="48.1253500" lon="17.1167760">
    <ele>134.5</ele>
    <time>2025-10-06T17:15:34Z</time>
   </trkpt>
   <trkpt lat="48.1253480" lon="17.1167730">
    <ele>134.5</ele>
    <time>2025-10-06T17:15:35Z</time>
   </trkpt>
   <trkpt lat="48.1253460" lon="17.1167710">
    <ele>134.5</ele>
    <time>2025-10-06T17:15:36Z</time>
   </trkpt>
   <trkpt lat="48.1253450" lon="17.1167680">
    <ele>134.5</ele>
    <time>2025-10-06T17:15:37Z</time>
   </trkpt>
   <trkpt lat="48.1253430" lon="17.1167660">
    <ele>134.5</ele>
    <time>2025-10-06T17:15:38Z</time>
   </trkpt>
   <trkpt lat="48.1253410" lon="17.1167640">
    <ele>134.5</ele>
    <time>2025-10-06T17:15:39Z</time>
   </trkpt>
   <trkpt lat="48.1253390" lon="17.1167610">
    <ele>134.5</ele>
    <time>2025-10-06T17:15:40Z</time>
   </trkpt>
   <trkpt lat="48.1253380" lon="17.1167590">
    <ele>134.5</ele>
    <time>2025-10-06T17:15:41Z</time>
   </trkpt>
   <trkpt lat="48.1253360" lon="17.1167560">
    <ele>134.5</ele>
    <time>2025-10-06T17:15:42Z</time>
   </trkpt>
   <trkpt lat="48.1253340" lon="17.1167540">
    <ele>134.5</ele>
    <time>2025-10-06T17:15:43Z</time>
   </trkpt>
   <trkpt lat="48.1253330" lon="17.1167510">
    <ele>134.5</ele>
    <time>2025-10-06T17:15:44Z</time>
   </trkpt>
   <trkpt lat="48.1253310" lon="17.1167490">
    <ele>134.5</ele>
    <time>2025-10-06T17:15:45Z</time>
   </trkpt>
   <trkpt lat="48.1253290" lon="17.1167460">
    <ele>134.5</ele>
    <time>2025-10-06T17:15:46Z</time>
   </trkpt>
   <trkpt lat="48.1253280" lon="17.1167440">
    <ele>134.5</ele>
    <time>2025-10-06T17:15:48Z</time>
   </trkpt>
   <trkpt lat="48.1253260" lon="17.1167410">
    <ele>134.5</ele>
    <time>2025-10-06T17:15:49Z</time>
   </trkpt>
   <trkpt lat="48.1253240" lon="17.1167390">
    <ele>134.5</ele>
    <time>2025-10-06T17:15:50Z</time>
   </trkpt>
   <trkpt lat="48.1253230" lon="17.1167360">
    <ele>134.5</ele>
    <time>2025-10-06T17:15:51Z</time>
   </trkpt>
   <trkpt lat="48.1253210" lon="17.1167340">
    <ele>134.5</ele>
    <time>2025-10-06T17:15:52Z</time>
   </trkpt>
   <trkpt lat="48.1253090" lon="17.1167200">
    <ele>134.5</ele>
    <time>2025-10-06T17:15:53Z</time>
   </trkpt>
   <trkpt lat="48.1253000" lon="17.1167110">
    <ele>134.5</ele>
    <time>2025-10-06T17:15:54Z</time>
   </trkpt>
   <trkpt lat="48.1252940" lon="17.1167070">
    <ele>134.5</ele>
    <time>2025-10-06T17:15:55Z</time>
   </trkpt>
   <trkpt lat="48.1252910" lon="17.1167070">
    <ele>134.5</ele>
    <time>2025-10-06T17:15:56Z</time>
   </trkpt>
   <trkpt lat="48.1252890" lon="17.1167070">
    <ele>134.5</ele>
    <time>2025-10-06T17:15:57Z</time>
   </trkpt>
   <trkpt lat="48.1252870" lon="17.1167060">
    <ele>134.5</ele>
    <time>2025-10-06T17:15:58Z</time>
   </trkpt>
   <trkpt lat="48.1252850" lon="17.1167050">
    <ele>134.5</ele>
    <time>2025-10-06T17:15:59Z</time>
   </trkpt>
   <trkpt lat="48.1252820" lon="17.1167050">
    <ele>134.5</ele>
    <time>2025-10-06T17:16:00Z</time>
   </trkpt>
   <trkpt lat="48.1252800" lon="17.1167040">
    <ele>134.5</ele>
    <time>2025-10-06T17:16:01Z</time>
   </trkpt>
   <trkpt lat="48.1252780" lon="17.1167030">
    <ele>134.5</ele>
    <time>2025-10-06T17:16:02Z</time>
   </trkpt>
   <trkpt lat="48.1252760" lon="17.1167020">
    <ele>134.5</ele>
    <time>2025-10-06T17:16:03Z</time>
   </trkpt>
   <trkpt lat="48.1252740" lon="17.1167020">
    <ele>134.5</ele>
    <time>2025-10-06T17:16:04Z</time>
   </trkpt>
   <trkpt lat="48.1252720" lon="17.1167010">
    <ele>134.5</ele>
    <time>2025-10-06T17:16:05Z</time>
   </trkpt>
   <trkpt lat="48.1252700" lon="17.1167000">
    <ele>134.5</ele>
    <time>2025-10-06T17:16:06Z</time>
   </trkpt>
   <trkpt lat="48.1252680" lon="17.1167000">
    <ele>134.5</ele>
    <time>2025-10-06T17:16:07Z</time>
   </trkpt>
   <trkpt lat="48.1252650" lon="17.1166990">
    <ele>134.5</ele>
    <time>2025-10-06T17:16:08Z</time>
   </trkpt>
   <trkpt lat="48.1252630" lon="17.1166980">
    <ele>134.5</ele>
    <time>2025-10-06T17:16:09Z</time>
   </trkpt>
   <trkpt lat="48.1252610" lon="17.1166980">
    <ele>134.5</ele>
    <time>2025-10-06T17:16:11Z</time>
   </trkpt>
   <trkpt lat="48.1252590" lon="17.1166970">
    <ele>134.5</ele>
    <time>2025-10-06T17:16:12Z</time>
   </trkpt>
   <trkpt lat="48.1252490" lon="17.1166860">
    <ele>134.5</ele>
    <time>2025-10-06T17:16:13Z</time>
   </trkpt>
   <trkpt lat="48.1251830" lon="17.1166690">
    <ele>134.4</ele>
    <time>2025-10-06T17:16:19Z</time>
   </trkpt>
   <trkpt lat="48.1251740" lon="17.1166460">
    <ele>134.4</ele>
    <time>2025-10-06T17:16:20Z</time>
   </trkpt>
   <trkpt lat="48.1251650" lon="17.1166210">
    <ele>134.4</ele>
    <time>2025-10-06T17:16:21Z</time>
   </trkpt>
   <trkpt lat="48.1251570" lon="17.1166060">
    <ele>134.4</ele>
    <time>2025-10-06T17:16:22Z</time>
   </trkpt>
   <trkpt lat="48.1251480" lon="17.1165960">
    <ele>134.4</ele>
    <time>2025-10-06T17:16:23Z</time>
   </trkpt>
   <trkpt lat="48.1251390" lon="17.1165890">
    <ele>134.4</ele>
    <time>2025-10-06T17:16:24Z</time>
   </trkpt>
   <trkpt lat="48.1251290" lon="17.1165810">
    <ele>134.4</ele>
    <time>2025-10-06T17:16:25Z</time>
   </trkpt>
   <trkpt lat="48.1251140" lon="17.1165690">
    <ele>134.4</ele>
    <time>2025-10-06T17:16:27Z</time>
   </trkpt>
   <trkpt lat="48.1251150" lon="17.1165690">
    <ele>134.4</ele>
    <time>2025-10-06T17:16:28Z</time>
   </trkpt>
   <trkpt lat="48.1251140" lon="17.1165710">
    <ele>134.4</ele>
    <time>2025-10-06T17:16:29Z</time>
   </trkpt>
   <trkpt lat="48.1251110" lon="17.1165700">
    <ele>134.4</ele>
    <time>2025-10-06T17:16:30Z</time>
   </trkpt>
   <trkpt lat="48.1251110" lon="17.1165710">
    <ele>134.4</ele>
    <time>2025-10-06T17:16:31Z</time>
   </trkpt>
   <trkpt lat="48.1251120" lon="17.1165750">
    <ele>134.4</ele>
    <time>2025-10-06T17:16:32Z</time>
   </trkpt>
   <trkpt lat="48.1251120" lon="17.1165800">
    <ele>134.4</ele>
    <time>2025-10-06T17:16:33Z</time>
   </trkpt>
   <trkpt lat="48.1251130" lon="17.1165820">
    <ele>134.4</ele>
    <time>2025-10-06T17:16:34Z</time>
   </trkpt>
   <trkpt lat="48.1251130" lon="17.1165840">
    <ele>134.4</ele>
    <time>2025-10-06T17:16:35Z</time>
   </trkpt>
   <trkpt lat="48.1251130" lon="17.1165860">
    <ele>134.4</ele>
    <time>2025-10-06T17:16:37Z</time>
   </trkpt>
   <trkpt lat="48.1251130" lon="17.1165860">
    <ele>134.4</ele>
    <time>2025-10-06T17:16:38Z</time>
   </trkpt>
   <trkpt lat="48.1251100" lon="17.1165820">
    <ele>134.4</ele>
    <time>2025-10-06T17:16:39Z</time>
   </trkpt>
   <trkpt lat="48.1251120" lon="17.1165770">
    <ele>134.4</ele>
    <time>2025-10-06T17:16:40Z</time>
   </trkpt>
   <trkpt lat="48.1251110" lon="17.1165780">
    <ele>134.4</ele>
    <time>2025-10-06T17:16:41Z</time>
   </trkpt>
   <trkpt lat="48.1251110" lon="17.1165750">
    <ele>134.4</ele>
    <time>2025-10-06T17:16:42Z</time>
   </trkpt>
   <trkpt lat="48.1251120" lon="17.1165730">
    <ele>134.4</ele>
    <time>2025-10-06T17:16:43Z</time>
   </trkpt>
   <trkpt lat="48.1251140" lon="17.1165720">
    <ele>134.4</ele>
    <time>2025-10-06T17:16:44Z</time>
   </trkpt>
   <trkpt lat="48.1251160" lon="17.1165720">
    <ele>134.4</ele>
    <time>2025-10-06T17:16:45Z</time>
   </trkpt>
   <trkpt lat="48.1251180" lon="17.1165720">
    <ele>134.4</ele>
    <time>2025-10-06T17:16:46Z</time>
   </trkpt>
   <trkpt lat="48.1251210" lon="17.1165730">
    <ele>134.4</ele>
    <time>2025-10-06T17:16:47Z</time>
   </trkpt>
   <trkpt lat="48.1251240" lon="17.1165750">
    <ele>134.4</ele>
    <time>2025-10-06T17:16:48Z</time>
   </trkpt>
   <trkpt lat="48.1251310" lon="17.1165770">
    <ele>134.4</ele>
    <time>2025-10-06T17:16:49Z</time>
   </trkpt>
   <trkpt lat="48.1251340" lon="17.1165780">
    <ele>134.4</ele>
    <time>2025-10-06T17:16:50Z</time>
   </trkpt>
   <trkpt lat="48.1251360" lon="17.1165780">
    <ele>134.4</ele>
    <time>2025-10-06T17:16:51Z</time>
   </trkpt>
   <trkpt lat="48.1251370" lon="17.1165780">
    <ele>134.4</ele>
    <time>2025-10-06T17:16:52Z</time>
   </trkpt>
   <trkpt lat="48.1251370" lon="17.1165780">
    <ele>134.4</ele>
    <time>2025-10-06T17:16:53Z</time>
   </trkpt>
   <trkpt lat="48.1251380" lon="17.1165780">
    <ele>134.4</ele>
    <time>2025-10-06T17:16:54Z</time>
   </trkpt>
   <trkpt lat="48.1251380" lon="17.1165780">
    <ele>134.4</ele>
    <time>2025-10-06T17:16:55Z</time>
   </trkpt>
   <trkpt lat="48.1251380" lon="17.1165780">
    <ele>134.4</ele>
    <time>2025-10-06T17:16:56Z</time>
   </trkpt>
   <trkpt lat="48.1251390" lon="17.1165780">
    <ele>134.4</ele>
    <time>2025-10-06T17:16:57Z</time>
   </trkpt>
   <trkpt lat="48.1251400" lon="17.1165740">
    <ele>134.4</ele>
    <time>2025-10-06T17:16:58Z</time>
   </trkpt>
   <trkpt lat="48.1251390" lon="17.1165620">
    <ele>134.4</ele>
    <time>2025-10-06T17:16:59Z</time>
   </trkpt>
   <trkpt lat="48.1251280" lon="17.1165540">
    <ele>134.4</ele>
    <time>2025-10-06T17:17:00Z</time>
   </trkpt>
   <trkpt lat="48.1251140" lon="17.1165530">
    <ele>134.4</ele>
    <time>2025-10-06T17:17:01Z</time>
   </trkpt>
   <trkpt lat="48.1251000" lon="17.1165560">
    <ele>134.4</ele>
    <time>2025-10-06T17:17:02Z</time>
   </trkpt>
   <trkpt lat="48.1250870" lon="17.1165600">
    <ele>134.4</ele>
    <time>2025-10-06T17:17:03Z</time>
   </trkpt>
   <trkpt lat="48.1250680" lon="17.1165560">
    <ele>134.4</ele>
    <time>2025-10-06T17:17:04Z</time>
   </trkpt>
   <trkpt lat="48.1250590" lon="17.1165480">
    <ele>134.4</ele>
    <time>2025-10-06T17:17:05Z</time>
   </trkpt>
   <trkpt lat="48.1250510" lon="17.1165400">
    <ele>134.4</ele>
    <time>2025-10-06T17:17:06Z</time>
   </trkpt>
   <trkpt lat="48.1250180" lon="17.1164990">
    <ele>134.4</ele>
    <time>2025-10-06T17:17:08Z</time>
   </trkpt>
   <trkpt lat="48.1249980" lon="17.1164870">
    <ele>134.4</ele>
    <time>2025-10-06T17:17:12Z</time>
   </trkpt>
   <trkpt lat="48.1249780" lon="17.1164750">
    <ele>134.4</ele>
    <time>2025-10-06T17:17:13Z</time>
   </trkpt>
   <trkpt lat="48.1249580" lon="17.1164620">
    <ele>134.4</ele>
    <time>2025-10-06T17:17:14Z</time>
   </trkpt>
   <trkpt lat="48.1249500" lon="17.1164570">
    <ele>134.4</ele>
    <time>2025-10-06T17:17:15Z</time>
   </trkpt>
   <trkpt lat="48.1249420" lon="17.1164520">
    <ele>134.4</ele>
    <time>2025-10-06T17:17:16Z</time>
   </trkpt>
   <trkpt lat="48.1249340" lon="17.1164440">
    <ele>134.4</ele>
    <time>2025-10-06T17:17:17Z</time>
   </trkpt>
   <trkpt lat="48.1249290" lon="17.1164370">
    <ele>134.4</ele>
    <time>2025-10-06T17:17:18Z</time>
   </trkpt>
   <trkpt lat="48.1249250" lon="17.1164290">
    <ele>134.5</ele>
    <time>2025-10-06T17:17:20Z</time>
   </trkpt>
   <trkpt lat="48.1249240" lon="17.1164230">
    <ele>134.5</ele>
    <time>2025-10-06T17:17:21Z</time>
   </trkpt>
   <trkpt lat="48.1249230" lon="17.1164220">
    <ele>134.5</ele>
    <time>2025-10-06T17:17:22Z</time>
   </trkpt>
   <trkpt lat="48.1249230" lon="17.1164210">
    <ele>134.5</ele>
    <time>2025-10-06T17:17:23Z</time>
   </trkpt>
   <trkpt lat="48.1249220" lon="17.1164190">
    <ele>134.5</ele>
    <time>2025-10-06T17:17:24Z</time>
   </trkpt>
   <trkpt lat="48.1249220" lon="17.1164190">
    <ele>134.5</ele>
    <time>2025-10-06T17:17:25Z</time>
   </trkpt>
   <trkpt lat="48.1249220" lon="17.1164180">
    <ele>134.5</ele>
    <time>2025-10-06T17:17:26Z</time>
   </trkpt>
   <trkpt lat="48.1249210" lon="17.1164170">
    <ele>134.5</ele>
    <time>2025-10-06T17:17:27Z</time>
   </trkpt>
   <trkpt lat="48.1249210" lon="17.1164170">
    <ele>134.5</ele>
    <time>2025-10-06T17:17:28Z</time>
   </trkpt>
   <trkpt lat="48.1249220" lon="17.1164160">
    <ele>134.5</ele>
    <time>2025-10-06T17:17:29Z</time>
   </trkpt>
   <trkpt lat="48.1249220" lon="17.1164160">
    <ele>134.5</ele>
    <time>2025-10-06T17:17:31Z</time>
   </trkpt>
   <trkpt lat="48.1249200" lon="17.1164130">
    <ele>134.5</ele>
    <time>2025-10-06T17:17:32Z</time>
   </trkpt>
   <trkpt lat="48.1249210" lon="17.1164060">
    <ele>134.5</ele>
    <time>2025-10-06T17:17:34Z</time>
   </trkpt>
   <trkpt lat="48.1249200" lon="17.1164040">
    <ele>134.5</ele>
    <time>2025-10-06T17:17:35Z</time>
   </trkpt>
   <trkpt lat="48.1249190" lon="17.1164010">
    <ele>134.5</ele>
    <time>2025-10-06T17:17:36Z</time>
   </trkpt>
   <trkpt lat="48.1249190" lon="17.1164010">
    <ele>134.5</ele>
    <time>2025-10-06T17:17:37Z</time>
   </trkpt>
   <trkpt lat="48.1249190" lon="17.1163990">
    <ele>134.5</ele>
    <time>2025-10-06T17:17:38Z</time>
   </trkpt>
   <trkpt lat="48.1249190" lon="17.1163960">
    <ele>134.5</ele>
    <time>2025-10-06T17:17:39Z</time>
   </trkpt>
   <trkpt lat="48.1249190" lon="17.1163940">
    <ele>134.5</ele>
    <time>2025-10-06T17:17:40Z</time>
   </trkpt>
   <trkpt lat="48.1249200" lon="17.1163920">
    <ele>134.5</ele>
    <time>2025-10-06T17:17:41Z</time>
   </trkpt>
   <trkpt lat="48.1249210" lon="17.1163920">
    <ele>134.5</ele>
    <time>2025-10-06T17:17:42Z</time>
   </trkpt>
   <trkpt lat="48.1249210" lon="17.1163890">
    <ele>134.5</ele>
    <time>2025-10-06T17:17:43Z</time>
   </trkpt>
   <trkpt lat="48.1249220" lon="17.1163850">
    <ele>134.5</ele>
    <time>2025-10-06T17:17:44Z</time>
   </trkpt>
   <trkpt lat="48.1249220" lon="17.1163810">
    <ele>134.5</ele>
    <time>2025-10-06T17:17:45Z</time>
   </trkpt>
   <trkpt lat="48.1249190" lon="17.1163760">
    <ele>134.5</ele>
    <time>2025-10-06T17:17:46Z</time>
   </trkpt>
   <trkpt lat="48.1249110" lon="17.1163670">
    <ele>134.5</ele>
    <time>2025-10-06T17:17:47Z</time>
   </trkpt>
   <trkpt lat="48.1248980" lon="17.1163560">
    <ele>134.5</ele>
    <time>2025-10-06T17:17:48Z</time>
   </trkpt>
   <trkpt lat="48.1248880" lon="17.1163470">
    <ele>134.5</ele>
    <time>2025-10-06T17:17:49Z</time>
   </trkpt>
   <trkpt lat="48.1248780" lon="17.1163370">
    <ele>134.5</ele>
    <time>2025-10-06T17:17:50Z</time>
   </trkpt>
   <trkpt lat="48.1248680" lon="17.1163300">
    <ele>134.5</ele>
    <time>2025-10-06T17:17:51Z</time>
   </trkpt>
   <trkpt lat="48.1248580" lon="17.1163230">
    <ele>134.5</ele>
    <time>2025-10-06T17:17:52Z</time>
   </trkpt>
   <trkpt lat="48.1248480" lon="17.1163110">
    <ele>134.5</ele>
    <time>2025-10-06T17:17:53Z</time>
   </trkpt>
   <trkpt lat="48.1248370" lon="17.1162990">
    <ele>134.5</ele>
    <time>2025-10-06T17:17:55Z</time>
   </trkpt>
   <trkpt lat="48.1248080" lon="17.1162920">
    <ele>134.5</ele>
    <time>2025-10-06T17:18:01Z</time>
   </trkpt>
   <trkpt lat="48.1248080" lon="17.1162920">
    <ele>134.5</ele>
    <time>2025-10-06T17:18:02Z</time>
   </trkpt>
   <trkpt lat="48.1247950" lon="17.1162770">
    <ele>134.5</ele>
    <time>2025-10-06T17:18:03Z</time>
   </trkpt>
   <trkpt lat="48.1247880" lon="17.1162650">
    <ele>134.5</ele>
    <time>2025-10-06T17:18:05Z</time>
   </trkpt>
   <trkpt lat="48.1247800" lon="17.1162540">
    <ele>134.5</ele>
    <time>2025-10-06T17:18:06Z</time>
   </trkpt>
   <trkpt lat="48.1247720" lon="17.1162430">
    <ele>134.5</ele>
    <time>2025-10-06T17:18:07Z</time>
   </trkpt>
   <trkpt lat="48.1247630" lon="17.1162330">
    <ele>134.5</ele>
    <time>2025-10-06T17:18:08Z</time>
   </trkpt>
   <trkpt lat="48.1247530" lon="17.1162230">
    <ele>134.5</ele>
    <time>2025-10-06T17:18:09Z</time>
   </trkpt>
   <trkpt lat="48.1247440" lon="17.1162170">
    <ele>134.5</ele>
    <time>2025-10-06T17:18:10Z</time>
   </trkpt>
   <trkpt lat="48.1247410" lon="17.1162140">
    <ele>134.5</ele>
    <time>2025-10-06T17:18:11Z</time>
   </trkpt>
   <trkpt lat="48.1247400" lon="17.1162130">
    <ele>134.5</ele>
    <time>2025-10-06T17:18:12Z</time>
   </trkpt>
   <trkpt lat="48.1247400" lon="17.1162150">
    <ele>134.5</ele>
    <time>2025-10-06T17:18:13Z</time>
   </trkpt>
   <trkpt lat="48.1247400" lon="17.1162170">
    <ele>134.5</ele>
    <time>2025-10-06T17:18:14Z</time>
   </trkpt>
   <trkpt lat="48.1247400" lon="17.1162180">
    <ele>134.5</ele>
    <time>2025-10-06T17:18:15Z</time>
   </trkpt>
   <trkpt lat="48.1247410" lon="17.1162190">
    <ele>134.5</ele>
    <time>2025-10-06T17:18:16Z</time>
   </trkpt>
   <trkpt lat="48.1247410" lon="17.1162190">
    <ele>134.5</ele>
    <time>2025-10-06T17:18:17Z</time>
   </trkpt>
   <trkpt lat="48.1247420" lon="17.1162190">
    <ele>134.5</ele>
    <time>2025-10-06T17:18:18Z</time>
   </trkpt>
   <trkpt lat="48.1247420" lon="17.1162190">
    <ele>134.5</ele>
    <time>2025-10-06T17:18:19Z</time>
   </trkpt>
   <trkpt lat="48.1247420" lon="17.1162190">
    <ele>134.5</ele>
    <time>2025-10-06T17:18:20Z</time>
   </trkpt>
   <trkpt lat="48.1247420" lon="17.1162190">
    <ele>134.5</ele>
    <time>2025-10-06T17:18:21Z</time>
   </trkpt>
   <trkpt lat="48.1247420" lon="17.1162200">
    <ele>134.5</ele>
    <time>2025-10-06T17:18:22Z</time>
   </trkpt>
   <trkpt lat="48.1247420" lon="17.1162200">
    <ele>134.5</ele>
    <time>2025-10-06T17:18:23Z</time>
   </trkpt>
   <trkpt lat="48.1247410" lon="17.1162210">
    <ele>134.5</ele>
    <time>2025-10-06T17:18:24Z</time>
   </trkpt>
   <trkpt lat="48.1247370" lon="17.1162170">
    <ele>134.5</ele>
    <time>2025-10-06T17:18:26Z</time>
   </trkpt>
   <trkpt lat="48.1247260" lon="17.1162100">
    <ele>134.5</ele>
    <time>2025-10-06T17:18:27Z</time>
   </trkpt>
   <trkpt lat="48.1247190" lon="17.1162050">
    <ele>134.5</ele>
    <time>2025-10-06T17:18:28Z</time>
   </trkpt>
   <trkpt lat="48.1247100" lon="17.1161980">
    <ele>134.5</ele>
    <time>2025-10-06T17:18:29Z</time>
   </trkpt>
   <trkpt lat="48.1246990" lon="17.1161880">
    <ele>134.5</ele>
    <time>2025-10-06T17:18:30Z</time>
   </trkpt>
   <trkpt lat="48.1246520" lon="17.1161520">
    <ele>134.5</ele>
    <time>2025-10-06T17:18:31Z</time>
   </trkpt>
   <trkpt lat="48.1246180" lon="17.1161290">
    <ele>134.4</ele>
    <time>2025-10-06T17:18:37Z</time>
   </trkpt>
   <trkpt lat="48.1245840" lon="17.1161050">
    <ele>134.4</ele>
    <time>2025-10-06T17:18:38Z</time>
   </trkpt>
   <trkpt lat="48.1245750" lon="17.1160840">
    <ele>134.4</ele>
    <time>2025-10-06T17:18:39Z</time>
   </trkpt>
   <trkpt lat="48.1245650" lon="17.1160730">
    <ele>134.4</ele>
    <time>2025-10-06T17:18:40Z</time>
   </trkpt>
   <trkpt lat="48.1245550" lon="17.1160620">
    <ele>134.4</ele>
    <time>2025-10-06T17:18:41Z</time>
   </trkpt>
   <trkpt lat="48.1245450" lon="17.1160510">
    <ele>134.4</ele>
    <time>2025-10-06T17:18:42Z</time>
   </trkpt>
   <trkpt lat="48.1245360" lon="17.1160400">
    <ele>134.4</ele>
    <time>2025-10-06T17:18:43Z</time>
   </trkpt>
   <trkpt lat="48.1245270" lon="17.1160290">
    <ele>134.4</ele>
    <time>2025-10-06T17:18:44Z</time>
   </trkpt>
   <trkpt lat="48.1245190" lon="17.1160190">
    <ele>134.4</ele>
    <time>2025-10-06T17:18:45Z</time>
   </trkpt>
   <trkpt lat="48.1244970" lon="17.1160110">
    <ele>134.4</ele>
    <time>2025-10-06T17:18:47Z</time>
   </trkpt>
   <trkpt lat="48.1244900" lon="17.1160160">
    <ele>134.4</ele>
    <time>2025-10-06T17:18:48Z</time>
   </trkpt>
   <trkpt lat="48.1244850" lon="17.1160210">
    <ele>134.4</ele>
    <time>2025-10-06T17:18:49Z</time>
   </trkpt>
   <trkpt lat="48.1244790" lon="17.1160170">
    <ele>134.4</ele>
    <time>2025-10-06T17:18:50Z</time>
   </trkpt>
   <trkpt lat="48.1244670" lon="17.1160030">
    <ele>134.4</ele>
    <time>2025-10-06T17:18:51Z</time>
   </trkpt>
   <trkpt lat="48.1244600" lon="17.1159990">
    <ele>134.4</ele>
    <time>2025-10-06T17:18:52Z</time>
   </trkpt>
   <trkpt lat="48.1244520" lon="17.1159940">
    <ele>134.4</ele>
    <time>2025-10-06T17:18:53Z</time>
   </trkpt>
   <trkpt lat="48.1244450" lon="17.1159900">
    <ele>134.4</ele>
    <time>2025-10-06T17:18:54Z</time>
   </trkpt>
   <trkpt lat="48.1244200" lon="17.1159750">
    <ele>134.4</ele>
    <time>2025-10-06T17:18:55Z</time>
   </trkpt>
   <trkpt lat="48.1244100" lon="17.1159680">
    <ele>134.4</ele>
    <time>2025-10-06T17:18:56Z</time>
   </trkpt>
   <trkpt lat="48.1243940" lon="17.1159540">
    <ele>134.4</ele>
    <time>2025-10-06T17:18:58Z</time>
   </trkpt>
   <trkpt lat="48.1243830" lon="17.1159440">
    <ele>134.4</ele>
    <time>2025-10-06T17:18:59Z</time>
   </trkpt>
   <trkpt lat="48.1243770" lon="17.1159380">
    <ele>134.4</ele>
    <time>2025-10-06T17:19:00Z</time>
   </trkpt>
   <trkpt lat="48.1243720" lon="17.1159390">
    <ele>134.4</ele>
    <time>2025-10-06T17:19:01Z</time>
   </trkpt>
   <trkpt lat="48.1243770" lon="17.1159250">
    <ele>134.4</ele>
    <time>2025-10-06T17:19:02Z</time>
   </trkpt>
   <trkpt lat="48.1243830" lon="17.1159170">
    <ele>134.4</ele>
    <time>2025-10-06T17:19:03Z</time>
   </trkpt>
   <trkpt lat="48.1243870" lon="17.1159090">
    <ele>134.4</ele>
    <time>2025-10-06T17:19:04Z</time>
   </trkpt>
   <trkpt lat="48.1243890" lon="17.1159010">
    <ele>134.4</ele>
    <time>2025-10-06T17:19:05Z</time>
   </trkpt>
   <trkpt lat="48.1243910" lon="17.1158930">
    <ele>134.4</ele>
    <time>2025-10-06T17:19:06Z</time>
   </trkpt>
   <trkpt lat="48.1243910" lon="17.1158870">
    <ele>134.4</ele>
    <time>2025-10-06T17:19:07Z</time>
   </trkpt>
   <trkpt lat="48.1243910" lon="17.1158830">
    <ele>134.4</ele>
    <time>2025-10-06T17:19:08Z</time>
   </trkpt>
   <trkpt lat="48.1243900" lon="17.1158800">
    <ele>134.4</ele>
    <time>2025-10-06T17:19:09Z</time>
   </trkpt>
   <trkpt lat="48.1243890" lon="17.1158770">
    <ele>134.4</ele>
    <time>2025-10-06T17:19:10Z</time>
   </trkpt>
   <trkpt lat="48.1243880" lon="17.1158750">
    <ele>134.4</ele>
    <time>2025-10-06T17:19:12Z</time>
   </trkpt>
   <trkpt lat="48.1243870" lon="17.1158730">
    <ele>134.4</ele>
    <time>2025-10-06T17:19:13Z</time>
   </trkpt>
   <trkpt lat="48.1243850" lon="17.1158680">
    <ele>134.4</ele>
    <time>2025-10-06T17:19:14Z</time>
   </trkpt>
   <trkpt lat="48.1243800" lon="17.1158640">
    <ele>134.4</ele>
    <time>2025-10-06T17:19:15Z</time>
   </trkpt>
   <trkpt lat="48.1243730" lon="17.1158580">
    <ele>134.4</ele>
    <time>2025-10-06T17:19:16Z</time>
   </trkpt>
   <trkpt lat="48.1243650" lon="17.1158460">
    <ele>134.4</ele>
    <time>2025-10-06T17:19:17Z</time>
   </trkpt>
   <trkpt lat="48.1243630" lon="17.1158420">
    <ele>134.4</ele>
    <time>2025-10-06T17:19:18Z</time>
   </trkpt>
   <trkpt lat="48.1243610" lon="17.1158400">
    <ele>134.4</ele>
    <time>2025-10-06T17:19:19Z</time>
   </trkpt>
   <trkpt lat="48.1243600" lon="17.1158390">
    <ele>134.4</ele>
    <time>2025-10-06T17:19:20Z</time>
   </trkpt>
   <trkpt lat="48.1243570" lon="17.1158370">
    <ele>134.4</ele>
    <time>2025-10-06T17:19:22Z</time>
   </trkpt>
   <trkpt lat="48.1243570" lon="17.1158370">
    <ele>134.4</ele>
    <time>2025-10-06T17:19:23Z</time>
   </trkpt>
   <trkpt lat="48.1243570" lon="17.1158370">
    <ele>134.4</ele>
    <time>2025-10-06T17:19:24Z</time>
   </trkpt>
   <trkpt lat="48.1243570" lon="17.1158370">
    <ele>134.4</ele>
    <time>2025-10-06T17:19:25Z</time>
   </trkpt>
   <trkpt lat="48.1243570" lon="17.1158370">
    <ele>134.4</ele>
    <time>2025-10-06T17:19:26Z</time>
   </trkpt>
   <trkpt lat="48.1243500" lon="17.1158320">
    <ele>134.4</ele>
    <time>2025-10-06T17:19:27Z</time>
   </trkpt>
   <trkpt lat="48.1243440" lon="17.1158340">
    <ele>134.4</ele>
    <time>2025-10-06T17:19:28Z</time>
   </trkpt>
   <trkpt lat="48.1243480" lon="17.1158330">
    <ele>134.4</ele>
    <time>2025-10-06T17:19:29Z</time>
   </trkpt>
   <trkpt lat="48.1243270" lon="17.1158420">
    <ele>134.5</ele>
    <time>2025-10-06T17:19:30Z</time>
   </trkpt>
   <trkpt lat="48.1243190" lon="17.1158370">
    <ele>134.5</ele>
    <time>2025-10-06T17:19:31Z</time>
   </trkpt>
   <trkpt lat="48.1242970" lon="17.1158060">
    <ele>134.5</ele>
    <time>2025-10-06T17:19:32Z</time>
   </trkpt>
   <trkpt lat="48.1242810" lon="17.1157900">
    <ele>134.5</ele>
    <time>2025-10-06T17:19:33Z</time>
   </trkpt>
   <trkpt lat="48.1242640" lon="17.1157730">
    <ele>134.5</ele>
    <time>2025-10-06T17:19:39Z</time>
   </trkpt>
   <trkpt lat="48.1242480" lon="17.1157570">
    <ele>134.5</ele>
    <time>2025-10-06T17:19:40Z</time>
   </trkpt>
   <trkpt lat="48.1242390" lon="17.1157410">
    <ele>134.5</ele>
    <time>2025-10-06T17:19:41Z</time>
   </trkpt>
   <trkpt lat="48.1242350" lon="17.1157230">
    <ele>134.5</ele>
    <time>2025-10-06T17:19:42Z</time>
   </trkpt>
   <trkpt lat="48.1242320" lon="17.1157080">
    <ele>134.5</ele>
    <time>2025-10-06T17:19:43Z</time>
   </trkpt>
   <trkpt lat="48.1242220" lon="17.1157010">
    <ele>134.5</ele>
    <time>2025-10-06T17:19:44Z</time>
   </trkpt>
   <trkpt lat="48.1242060" lon="17.1156820">
    <ele>134.5</ele>
    <time>2025-10-06T17:19:45Z</time>
   </trkpt>
   <trkpt lat="48.1241990" lon="17.1156750">
    <ele>134.5</ele>
    <time>2025-10-06T17:19:46Z</time>
   </trkpt>
   <trkpt lat="48.1241920" lon="17.1156680">
    <ele>134.5</ele>
    <time>2025-10-06T17:19:47Z</time>
   </trkpt>
   <trkpt lat="48.1241820" lon="17.1156590">
    <ele>134.5</ele>
    <time>2025-10-06T17:19:48Z</time>
   </trkpt>
   <trkpt lat="48.1241750" lon="17.1156520">
    <ele>134.5</ele>
    <time>2025-10-06T17:19:49Z</time>
   </trkpt>
   <trkpt lat="48.1241700" lon="17.1156460">
    <ele>134.5</ele>
    <time>2025-10-06T17:19:50Z</time>
   </trkpt>
   <trkpt lat="48.1241680" lon="17.1156430">
    <ele>134.5</ele>
    <time>2025-10-06T17:19:51Z</time>
   </trkpt>
   <trkpt lat="48.1241710" lon="17.1156430">
    <ele>134.5</ele>
    <time>2025-10-06T17:19:52Z</time>
   </trkpt>
   <trkpt lat="48.1241730" lon="17.1156440">
    <ele>134.5</ele>
    <time>2025-10-06T17:19:53Z</time>
   </trkpt>
   <trkpt lat="48.1241740" lon="17.1156440">
    <ele>134.5</ele>
    <time>2025-10-06T17:19:54Z</time>
   </trkpt>
   <trkpt lat="48.1241740" lon="17.1156430">
    <ele>134.5</ele>
    <time>2025-10-06T17:19:55Z</time>
   </trkpt>
   <trkpt lat="48.1241740" lon="17.1156420">
    <ele>134.5</ele>
    <time>2025-10-06T17:19:56Z</time>
   </trkpt>
   <trkpt lat="48.1241750" lon="17.1156410">
    <ele>134.5</ele>
    <time>2025-10-06T17:19:57Z</time>
   </trkpt>
   <trkpt lat="48.1241740" lon="17.1156420">
    <ele>134.5</ele>
    <time>2025-10-06T17:19:58Z</time>
   </trkpt>
   <trkpt lat="48.1241750" lon="17.1156420">
    <ele>134.5</ele>
    <time>2025-10-06T17:19:59Z</time>
   </trkpt>
   <trkpt lat="48.1241750" lon="17.1156420">
    <ele>134.5</ele>
    <time>2025-10-06T17:20:00Z</time>
   </trkpt>
   <trkpt lat="48.1241750" lon="17.1156420">
    <ele>134.5</ele>
    <time>2025-10-06T17:20:01Z</time>
   </trkpt>
   <trkpt lat="48.1241750" lon="17.1156420">
    <ele>134.5</ele>
    <time>2025-10-06T17:20:02Z</time>
   </trkpt>
   <trkpt lat="48.1241750" lon="17.1156410">
    <ele>134.5</ele>
    <time>2025-10-06T17:20:03Z</time>
   </trkpt>
   <trkpt lat="48.1241740" lon="17.1156410">
    <ele>134.5</ele>
    <time>2025-10-06T17:20:04Z</time>
   </trkpt>
   <trkpt lat="48.1241720" lon="17.1156390">
    <ele>134.5</ele>
    <time>2025-10-06T17:20:05Z</time>
   </trkpt>
   <trkpt lat="48.1241700" lon="17.1156380">
    <ele>134.5</ele>
    <time>2025-10-06T17:20:06Z</time>
   </trkpt>
   <trkpt lat="48.1241580" lon="17.1156320">
    <ele>134.5</ele>
    <time>2025-10-06T17:20:07Z</time>
   </trkpt>
   <trkpt lat="48.1241450" lon="17.1156240">
    <ele>134.5</ele>
    <time>2025-10-06T17:20:08Z</time>
   </trkpt>
   <trkpt lat="48.1241150" lon="17.1156040">
    <ele>134.5</ele>
    <time>2025-10-06T17:20:09Z</time>
   </trkpt>
   <trkpt lat="48.1240970" lon="17.1155920">
    <ele>134.5</ele>
    <time>2025-10-06T17:20:11Z</time>
   </trkpt>
   <trkpt lat="48.1240780" lon="17.1155790">
    <ele>134.5</ele>
    <time>2025-10-06T17:20:17Z</time>
   </trkpt>
   <trkpt lat="48.1240600" lon="17.1155670">
    <ele>134.5</ele>
    <time>2025-10-06T17:20:18Z</time>
   </trkpt>
   <trkpt lat="48.1240580" lon="17.1155610">
    <ele>134.5</ele>
    <time>2025-10-06T17:20:19Z</time>
   </trkpt>
   <trkpt lat="48.1240550" lon="17.1155550">
    <ele>134.5</ele>
    <time>2025-10-06T17:20:20Z</time>
   </trkpt>
   <trkpt lat="48.1240520" lon="17.1155500">
    <ele>134.5</ele>
    <time>2025-10-06T17:20:21Z</time>
   </trkpt>
   <trkpt lat="48.1240490" lon="17.1155440">
    <ele>134.5</ele>
    <time>2025-10-06T17:20:22Z</time>
   </trkpt>
   <trkpt lat="48.1240470" lon="17.1155390">
    <ele>134.5</ele>
    <time>2025-10-06T17:20:23Z</time>
   </trkpt>
   <trkpt lat="48.1240440" lon="17.1155330">
    <ele>134.5</ele>
    <time>2025-10-06T17:20:24Z</time>
   </trkpt>
   <trkpt lat="48.1240410" lon="17.1155280">
    <ele>134.5</ele>
    <time>2025-10-06T17:20:25Z</time>
   </trkpt>
   <trkpt lat="48.1240380" lon="17.1155220">
    <ele>134.5</ele>
    <time>2025-10-06T17:20:26Z</time>
   </trkpt>
   <trkpt lat="48.1240350" lon="17.1155170">
    <ele>134.5</ele>
    <time>2025-10-06T17:20:27Z</time>
   </trkpt>
   <trkpt lat="48.1240300" lon="17.1154990">
    <ele>134.6</ele>
    <time>2025-10-06T17:20:28Z</time>
   </trkpt>
   <trkpt lat="48.1240210" lon="17.1154890">
    <ele>134.6</ele>
    <time>2025-10-06T17:20:29Z</time>
   </trkpt>
   <trkpt lat="48.1240100" lon="17.1154840">
    <ele>134.6</ele>
    <time>2025-10-06T17:20:30Z</time>
   </trkpt>
   <trkpt lat="48.1240000" lon="17.1154790">
    <ele>134.6</ele>
    <time>2025-10-06T17:20:31Z</time>
   </trkpt>
   <trkpt lat="48.1239950" lon="17.1154760">
    <ele>134.6</ele>
    <time>2025-10-06T17:20:32Z</time>
   </trkpt>
   <trkpt lat="48.1239940" lon="17.1154750">
    <ele>134.6</ele>
    <time>2025-10-06T17:20:33Z</time>
   </trkpt>
   <trkpt lat="48.1239950" lon="17.1154770">
    <ele>134.6</ele>
    <time>2025-10-06T17:20:34Z</time>
   </trkpt>
   <trkpt lat="48.1239960" lon="17.1154790">
    <ele>134.6</ele>
    <time>2025-10-06T17:20:35Z</time>
   </trkpt>
   <trkpt lat="48.1239960" lon="17.1154810">
    <ele>134.6</ele>
    <time>2025-10-06T17:20:36Z</time>
   </trkpt>
   <trkpt lat="48.1239960" lon="17.1154810">
    <ele>134.6</ele>
    <time>2025-10-06T17:20:37Z</time>
   </trkpt>
   <trkpt lat="48.1239960" lon="17.1154820">
    <ele>134.6</ele>
    <time>2025-10-06T17:20:38Z</time>
   </trkpt>
   <trkpt lat="48.1239960" lon="17.1154820">
    <ele>134.6</ele>
    <time>2025-10-06T17:20:39Z</time>
   </trkpt>
   <trkpt lat="48.1239940" lon="17.1154790">
    <ele>134.6</ele>
    <time>2025-10-06T17:20:40Z</time>
   </trkpt>
   <trkpt lat="48.1239860" lon="17.1154740">
    <ele>134.6</ele>
    <time>2025-10-06T17:20:41Z</time>
   </trkpt>
   <trkpt lat="48.1239790" lon="17.1154700">
    <ele>134.6</ele>
    <time>2025-10-06T17:20:42Z</time>
   </trkpt>
   <trkpt lat="48.1239560" lon="17.1154520">
    <ele>134.6</ele>
    <time>2025-10-06T17:20:43Z</time>
   </trkpt>
   <trkpt lat="48.1239470" lon="17.1154430">
    <ele>134.6</ele>
    <time>2025-10-06T17:20:44Z</time>
   </trkpt>
   <trkpt lat="48.1239340" lon="17.1154320">
    <ele>134.6</ele>
    <time>2025-10-06T17:20:45Z</time>
   </trkpt>
   <trkpt lat="48.1239170" lon="17.1154310">
    <ele>134.6</ele>
    <time>2025-10-06T17:20:46Z</time>
   </trkpt>
   <trkpt lat="48.1238940" lon="17.1154200">
    <ele>134.5</ele>
    <time>2025-10-06T17:20:47Z</time>
   </trkpt>
   <trkpt lat="48.1238880" lon="17.1154120">
    <ele>134.5</ele>
    <time>2025-10-06T17:20:48Z</time>
   </trkpt>
   <trkpt lat="48.1238820" lon="17.1154050">
    <ele>134.5</ele>
    <time>2025-10-06T17:20:49Z</time>
   </trkpt>
   <trkpt lat="48.1238720" lon="17.1153930">
    <ele>134.5</ele>
    <time>2025-10-06T17:20:50Z</time>
   </trkpt>
   <trkpt lat="48.1238560" lon="17.1153740">
    <ele>134.5</ele>
    <time>2025-10-06T17:20:52Z</time>
   </trkpt>
   <trkpt lat="48.1238480" lon="17.1153660">
    <ele>134.5</ele>
    <time>2025-10-06T17:20:54Z</time>
   </trkpt>
   <trkpt lat="48.1238380" lon="17.1153580">
    <ele>134.5</ele>
    <time>2025-10-06T17:20:55Z</time>
   </trkpt>
   <trkpt lat="48.1238310" lon="17.1153520">
    <ele>134.5</ele>
    <time>2025-10-06T17:20:56Z</time>
   </trkpt>
   <trkpt lat="48.1238210" lon="17.1153470">
    <ele>134.5</ele>
    <time>2025-10-06T17:20:57Z</time>
   </trkpt>
   <trkpt lat="48.1238020" lon="17.1153340">
    <ele>134.5</ele>
    <time>2025-10-06T17:20:58Z</time>
   </trkpt>
   <trkpt lat="48.1237940" lon="17.1153370">
    <ele>134.5</ele>
    <time>2025-10-06T17:21:00Z</time>
   </trkpt>
   <trkpt lat="48.1237890" lon="17.1153420">
    <ele>134.5</ele>
    <time>2025-10-06T17:21:01Z</time>
   </trkpt>
   <trkpt lat="48.1237890" lon="17.1153500">
    <ele>134.5</ele>
    <time>2025-10-06T17:21:02Z</time>
   </trkpt>
   <trkpt lat="48.1237940" lon="17.1153670">
    <ele>134.5</ele>
    <time>2025-10-06T17:21:04Z</time>
   </trkpt>
   <trkpt lat="48.1237950" lon="17.1153700">
    <ele>134.5</ele>
    <time>2025-10-06T17:21:06Z</time>
   </trkpt>
   <trkpt lat="48.1237950" lon="17.1153710">
    <ele>134.5</ele>
    <time>2025-10-06T17:21:07Z</time>
   </trkpt>
   <trkpt lat="48.1237940" lon="17.1153700">
    <ele>134.5</ele>
    <time>2025-10-06T17:21:09Z</time>
   </trkpt>
   <trkpt lat="48.1237960" lon="17.1153680">
    <ele>134.5</ele>
    <time>2025-10-06T17:21:10Z</time>
   </trkpt>
   <trkpt lat="48.1237960" lon="17.1153660">
    <ele>134.5</ele>
    <time>2025-10-06T17:21:12Z</time>
   </trkpt>
   <trkpt lat="48.1237950" lon="17.1153650">
    <ele>134.5</ele>
    <time>2025-10-06T17:21:13Z</time>
   </trkpt>
   <trkpt lat="48.1237970" lon="17.1153640">
    <ele>134.5</ele>
    <time>2025-10-06T17:21:14Z</time>
   </trkpt>
   <trkpt lat="48.1237970" lon="17.1153620">
    <ele>134.5</ele>
    <time>2025-10-06T17:21:15Z</time>
   </trkpt>
   <trkpt lat="48.1237980" lon="17.1153620">
    <ele>134.5</ele>
    <time>2025-10-06T17:21:16Z</time>
   </trkpt>
   <trkpt lat="48.1237980" lon="17.1153600">
    <ele>134.5</ele>
    <time>2025-10-06T17:21:17Z</time>
   </trkpt>
   <trkpt lat="48.1237990" lon="17.1153600">
    <ele>134.5</ele>
    <time>2025-10-06T17:21:18Z</time>
   </trkpt>
   <trkpt lat="48.1237990" lon="17.1153600">
    <ele>134.5</ele>
    <time>2025-10-06T17:21:20Z</time>
   </trkpt>
   <trkpt lat="48.1237990" lon="17.1153600">
    <ele>134.5</ele>
    <time>2025-10-06T17:21:21Z</time>
   </trkpt>
   <trkpt lat="48.1237990" lon="17.1153600">
    <ele>134.5</ele>
    <time>2025-10-06T17:21:22Z</time>
   </trkpt>
   <trkpt lat="48.1237990" lon="17.1153600">
    <ele>134.5</ele>
    <time>2025-10-06T17:21:23Z</time>
   </trkpt>
   <trkpt lat="48.1237990" lon="17.1153600">
    <ele>134.5</ele>
    <time>2025-10-06T17:21:24Z</time>
   </trkpt>
   <trkpt lat="48.1237990" lon="17.1153600">
    <ele>134.5</ele>
    <time>2025-10-06T17:21:25Z</time>
   </trkpt>
   <trkpt lat="48.1237980" lon="17.1153570">
    <ele>134.5</ele>
    <time>2025-10-06T17:21:30Z</time>
   </trkpt>
   <trkpt lat="48.1237990" lon="17.1153570">
    <ele>134.5</ele>
    <time>2025-10-06T17:21:31Z</time>
   </trkpt>
   <trkpt lat="48.1237990" lon="17.1153570">
    <ele>134.5</ele>
    <time>2025-10-06T17:21:32Z</time>
   </trkpt>
   <trkpt lat="48.1237990" lon="17.1153570">
    <ele>134.5</ele>
    <time>2025-10-06T17:21:33Z</time>
   </trkpt>
   <trkpt lat="48.1237990" lon="17.1153570">
    <ele>134.5</ele>
    <time>2025-10-06T17:21:35Z</time>
   </trkpt>
   <trkpt lat="48.1237990" lon="17.1153560">
    <ele>134.5</ele>
    <time>2025-10-06T17:21:36Z</time>
   </trkpt>
   <trkpt lat="48.1237900" lon="17.1153440">
    <ele>134.5</ele>
    <time>2025-10-06T17:21:38Z</time>
   </trkpt>
   <trkpt lat="48.1237910" lon="17.1153380">
    <ele>134.5</ele>
    <time>2025-10-06T17:21:39Z</time>
   </trkpt>
   <trkpt lat="48.1237890" lon="17.1153360">
    <ele>134.5</ele>
    <time>2025-10-06T17:21:40Z</time>
   </trkpt>
   <trkpt lat="48.1237820" lon="17.1153250">
    <ele>134.5</ele>
    <time>2025-10-06T17:21:41Z</time>
   </trkpt>
   <trkpt lat="48.1237790" lon="17.1153220">
    <ele>134.5</ele>
    <time>2025-10-06T17:21:42Z</time>
   </trkpt>
   <trkpt lat="48.1237760" lon="17.1153210">
    <ele>134.5</ele>
    <time>2025-10-06T17:21:43Z</time>
   </trkpt>
   <trkpt lat="48.1237740" lon="17.1153210">
    <ele>134.5</ele>
    <time>2025-10-06T17:21:44Z</time>
   </trkpt>
   <trkpt lat="48.1237730" lon="17.1153210">
    <ele>134.5</ele>
    <time>2025-10-06T17:21:45Z</time>
   </trkpt>
   <trkpt lat="48.1237720" lon="17.1153210">
    <ele>134.5</ele>
    <time>2025-10-06T17:21:46Z</time>
   </trkpt>
   <trkpt lat="48.1237720" lon="17.1153210">
    <ele>134.5</ele>
    <time>2025-10-06T17:21:47Z</time>
   </trkpt>
   <trkpt lat="48.1237720" lon="17.1153210">
    <ele>134.5</ele>
    <time>2025-10-06T17:21:48Z</time>
   </trkpt>
   <trkpt lat="48.1237710" lon="17.1153210">
    <ele>134.5</ele>
    <time>2025-10-06T17:21:49Z</time>
   </trkpt>
   <trkpt lat="48.1237700" lon="17.1153230">
    <ele>134.5</ele>
    <time>2025-10-06T17:21:50Z</time>
   </trkpt>
   <trkpt lat="48.1237700" lon="17.1153230">
    <ele>134.5</ele>
    <time>2025-10-06T17:21:51Z</time>
   </trkpt>
   <trkpt lat="48.1237700" lon="17.1153230">
    <ele>134.5</ele>
    <time>2025-10-06T17:21:52Z</time>
   </trkpt>
   <trkpt lat="48.1237700" lon="17.1153230">
    <ele>134.5</ele>
    <time>2025-10-06T17:21:53Z</time>
   </trkpt>
   <trkpt lat="48.1237700" lon="17.1153230">
    <ele>134.5</ele>
    <time>2025-10-06T17:21:54Z</time>
   </trkpt>
   <trkpt lat="48.1237700" lon="17.1153230">
    <ele>134.5</ele>
    <time>2025-10-06T17:21:55Z</time>
   </trkpt>
   <trkpt lat="48.1237700" lon="17.1153220">
    <ele>134.5</ele>
    <time>2025-10-06T17:21:56Z</time>
   </trkpt>
   <trkpt lat="48.1237600" lon="17.1153100">
    <ele>134.5</ele>
    <time>2025-10-06T17:21:57Z</time>
   </trkpt>
   <trkpt lat="48.1237480" lon="17.1153010">
    <ele>134.5</ele>
    <time>2025-10-06T17:21:58Z</time>
   </trkpt>
   <trkpt lat="48.1237390" lon="17.1152900">
    <ele>134.5</ele>
    <time>2025-10-06T17:22:00Z</time>
   </trkpt>
   <trkpt lat="48.1237330" lon="17.1152770">
    <ele>134.4</ele>
    <time>2025-10-06T17:22:01Z</time>
   </trkpt>
   <trkpt lat="48.1237190" lon="17.1152720">
    <ele>134.4</ele>
    <time>2025-10-06T17:22:02Z</time>
   </trkpt>
   <trkpt lat="48.1237090" lon="17.1152750">
    <ele>134.4</ele>
    <time>2025-10-06T17:22:03Z</time>
   </trkpt>
   <trkpt lat="48.1237100" lon="17.1152710">
    <ele>134.4</ele>
    <time>2025-10-06T17:22:04Z</time>
   </trkpt>
   <trkpt lat="48.1237140" lon="17.1152670">
    <ele>134.4</ele>
    <time>2025-10-06T17:22:06Z</time>
   </trkpt>
   <trkpt lat="48.1237130" lon="17.1152650">
    <ele>134.4</ele>
    <time>2025-10-06T17:22:07Z</time>
   </trkpt>
   <trkpt lat="48.1237100" lon="17.1152580">
    <ele>134.4</ele>
    <time>2025-10-06T17:22:09Z</time>
   </trkpt>
   <trkpt lat="48.1237090" lon="17.1152540">
    <ele>134.4</ele>
    <time>2025-10-06T17:22:10Z</time>
   </trkpt>
   <trkpt lat="48.1237080" lon="17.1152500">
    <ele>134.4</ele>
    <time>2025-10-06T17:22:11Z</time>
   </trkpt>
   <trkpt lat="48.1237050" lon="17.1152360">
    <ele>134.4</ele>
    <time>2025-10-06T17:22:12Z</time>
   </trkpt>
   <trkpt lat="48.1236790" lon="17.1152070">
    <ele>134.4</ele>
    <time>2025-10-06T17:22:13Z</time>
   </trkpt>
   <trkpt lat="48.1236650" lon="17.1151980">
    <ele>134.4</ele>
    <time>2025-10-06T17:22:14Z</time>
   </trkpt>
   <trkpt lat="48.1236500" lon="17.1151860">
    <ele>134.4</ele>
    <time>2025-10-06T17:22:15Z</time>
   </trkpt>
   <trkpt lat="48.1236360" lon="17.1151770">
    <ele>134.4</ele>
    <time>2025-10-06T17:22:16Z</time>
   </trkpt>
   <trkpt lat="48.1236160" lon="17.1151690">
    <ele>134.4</ele>
    <time>2025-10-06T17:22:17Z</time>
   </trkpt>
   <trkpt lat="48.1236090" lon="17.1151640">
    <ele>134.4</ele>
    <time>2025-10-06T17:22:18Z</time>
   </trkpt>
   <trkpt lat="48.1236010" lon="17.1151600">
    <ele>134.4</ele>
    <time>2025-10-06T17:22:19Z</time>
   </trkpt>
   <trkpt lat="48.1235910" lon="17.1151520">
    <ele>134.4</ele>
    <time>2025-10-06T17:22:20Z</time>
   </trkpt>
   <trkpt lat="48.1235810" lon="17.1151440">
    <ele>134.4</ele>
    <time>2025-10-06T17:22:21Z</time>
   </trkpt>
   <trkpt lat="48.1235740" lon="17.1151420">
    <ele>134.4</ele>
    <time>2025-10-06T17:22:22Z</time>
   </trkpt>
   <trkpt lat="48.1235690" lon="17.1151400">
    <ele>134.4</ele>
    <time>2025-10-06T17:22:23Z</time>
   </trkpt>
   <trkpt lat="48.1235680" lon="17.1151400">
    <ele>134.4</ele>
    <time>2025-10-06T17:22:24Z</time>
   </trkpt>
   <trkpt lat="48.1235700" lon="17.1151420">
    <ele>134.4</ele>
    <time>2025-10-06T17:22:25Z</time>
   </trkpt>
   <trkpt lat="48.1235720" lon="17.1151430">
    <ele>134.4</ele>
    <time>2025-10-06T17:22:26Z</time>
   </trkpt>
   <trkpt lat="48.1235750" lon="17.1151450">
    <ele>134.4</ele>
    <time>2025-10-06T17:22:27Z</time>
   </trkpt>
   <trkpt lat="48.1235760" lon="17.1151460">
    <ele>134.4</ele>
    <time>2025-10-06T17:22:28Z</time>
   </trkpt>
   <trkpt lat="48.1235770" lon="17.1151470">
    <ele>134.4</ele>
    <time>2025-10-06T17:22:29Z</time>
   </trkpt>
   <trkpt lat="48.1235780" lon="17.1151470">
    <ele>134.4</ele>
    <time>2025-10-06T17:22:30Z</time>
   </trkpt>
   <trkpt lat="48.1235780" lon="17.1151480">
    <ele>134.4</ele>
    <time>2025-10-06T17:22:31Z</time>
   </trkpt>
   <trkpt lat="48.1235780" lon="17.1151480">
    <ele>134.4</ele>
    <time>2025-10-06T17:22:32Z</time>
   </trkpt>
   <trkpt lat="48.1235780" lon="17.1151480">
    <ele>134.4</ele>
    <time>2025-10-06T17:22:33Z</time>
   </trkpt>
   <trkpt lat="48.1235780" lon="17.1151480">
    <ele>134.4</ele>
    <time>2025-10-06T17:22:34Z</time>
   </trkpt>
   <trkpt lat="48.1235780" lon="17.1151480">
    <ele>134.4</ele>
    <time>2025-10-06T17:22:35Z</time>
   </trkpt>
   <trkpt lat="48.1235770" lon="17.1151470">
    <ele>134.4</ele>
    <time>2025-10-06T17:22:36Z</time>
   </trkpt>
   <trkpt lat="48.1235730" lon="17.1151430">
    <ele>134.4</ele>
    <time>2025-10-06T17:22:37Z</time>
   </trkpt>
   <trkpt lat="48.1235710" lon="17.1151330">
    <ele>134.4</ele>
    <time>2025-10-06T17:22:38Z</time>
   </trkpt>
   <trkpt lat="48.1235690" lon="17.1151250">
    <ele>134.4</ele>
    <time>2025-10-06T17:22:40Z</time>
   </trkpt>
   <trkpt lat="48.1235680" lon="17.1151220">
    <ele>134.4</ele>
    <time>2025-10-06T17:22:41Z</time>
   </trkpt>
   <trkpt lat="48.1235670" lon="17.1151210">
    <ele>134.4</ele>
    <time>2025-10-06T17:22:43Z</time>
   </trkpt>
   <trkpt lat="48.1235660" lon="17.1151200">
    <ele>134.4</ele>
    <time>2025-10-06T17:22:44Z</time>
   </trkpt>
   <trkpt lat="48.1235660" lon="17.1151180">
    <ele>134.4</ele>
    <time>2025-10-06T17:22:45Z</time>
   </trkpt>
   <trkpt lat="48.1235640" lon="17.1151040">
    <ele>134.4</ele>
    <time>2025-10-06T17:22:46Z</time>
   </trkpt>
   <trkpt lat="48.1235660" lon="17.1151100">
    <ele>134.4</ele>
    <time>2025-10-06T17:22:47Z</time>
   </trkpt>
   <trkpt lat="48.1235660" lon="17.1151090">
    <ele>134.4</ele>
    <time>2025-10-06T17:22:49Z</time>
   </trkpt>
   <trkpt lat="48.1235650" lon="17.1151050">
    <ele>134.4</ele>
    <time>2025-10-06T17:22:50Z</time>
   </trkpt>
   <trkpt lat="48.1235630" lon="17.1151010">
    <ele>134.4</ele>
    <time>2025-10-06T17:22:51Z</time>
   </trkpt>
   <trkpt lat="48.1235620" lon="17.1150980">
    <ele>134.4</ele>
    <time>2025-10-06T17:22:52Z</time>
   </trkpt>
   <trkpt lat="48.1235450" lon="17.1150750">
    <ele>134.4</ele>
    <time>2025-10-06T17:22:53Z</time>
   </trkpt>
   <trkpt lat="48.1235200" lon="17.1150460">
    <ele>134.4</ele>
    <time>2025-10-06T17:22:55Z</time>
   </trkpt>
   <trkpt lat="48.1235020" lon="17.1150300">
    <ele>134.4</ele>
    <time>2025-10-06T17:22:59Z</time>
   </trkpt>
   <trkpt lat="48.1234850" lon="17.1150150">
    <ele>134.4</ele>
    <time>2025-10-06T17:23:00Z</time>
   </trkpt>
   <trkpt lat="48.1234790" lon="17.1149990">
    <ele>134.4</ele>
    <time>2025-10-06T17:23:01Z</time>
   </trkpt>
   <trkpt lat="48.1234720" lon="17.1149860">
    <ele>134.3</ele>
    <time>2025-10-06T17:23:02Z</time>
   </trkpt>
   <trkpt lat="48.1234680" lon="17.1149780">
    <ele>134.3</ele>
    <time>2025-10-06T17:23:03Z</time>
   </trkpt>
   <trkpt lat="48.1234680" lon="17.1149840">
    <ele>134.3</ele>
    <time>2025-10-06T17:23:05Z</time>
   </trkpt>
   <trkpt lat="48.1234690" lon="17.1149860">
    <ele>134.3</ele>
    <time>2025-10-06T17:23:07Z</time>
   </trkpt>
   <trkpt lat="48.1234690" lon="17.1149790">
    <ele>134.3</ele>
    <time>2025-10-06T17:23:08Z</time>
   </trkpt>
   <trkpt lat="48.1234670" lon="17.1149670">
    <ele>134.3</ele>
    <time>2025-10-06T17:23:10Z</time>
   </trkpt>
   <trkpt lat="48.1234630" lon="17.1149510">
    <ele>134.3</ele>
    <time>2025-10-06T17:23:11Z</time>
   </trkpt>
   <trkpt lat="48.1234510" lon="17.1149180">
    <ele>134.3</ele>
    <time>2025-10-06T17:23:12Z</time>
   </trkpt>
   <trkpt lat="48.1234460" lon="17.1148990">
    <ele>134.3</ele>
    <time>2025-10-06T17:23:13Z</time>
   </trkpt>
   <trkpt lat="48.1234410" lon="17.1148860">
    <ele>134.3</ele>
    <time>2025-10-06T17:23:14Z</time>
   </trkpt>
   <trkpt lat="48.1234360" lon="17.1148710">
    <ele>134.3</ele>
    <time>2025-10-06T17:23:15Z</time>
   </trkpt>
   <trkpt lat="48.1234350" lon="17.1148690">
    <ele>134.3</ele>
    <time>2025-10-06T17:23:16Z</time>
   </trkpt>
   <trkpt lat="48.1234350" lon="17.1148670">
    <ele>134.3</ele>
    <time>2025-10-06T17:23:17Z</time>
   </trkpt>
   <trkpt lat="48.1234340" lon="17.1148650">
    <ele>134.3</ele>
    <time>2025-10-06T17:23:18Z</time>
   </trkpt>
   <trkpt lat="48.1234340" lon="17.1148630">
    <ele>134.3</ele>
    <time>2025-10-06T17:23:19Z</time>
   </trkpt>
   <trkpt lat="48.1234340" lon="17.1148610">
    <ele>134.3</ele>
    <time>2025-10-06T17:23:20Z</time>
   </trkpt>
   <trkpt lat="48.1234330" lon="17.1148590">
    <ele>134.3</ele>
    <time>2025-10-06T17:23:21Z</time>
   </trkpt>
   <trkpt lat="48.1234330" lon="17.1148570">
    <ele>134.3</ele>
    <time>2025-10-06T17:23:22Z</time>
   </trkpt>
   <trkpt lat="48.1234320" lon="17.1148550">
    <ele>134.3</ele>
    <time>2025-10-06T17:23:23Z</time>
   </trkpt>
   <trkpt lat="48.1234320" lon="17.1148530">
    <ele>134.3</ele>
    <time>2025-10-06T17:23:24Z</time>
   </trkpt>
   <trkpt lat="48.1234320" lon="17.1148510">
    <ele>134.3</ele>
    <time>2025-10-06T17:23:25Z</time>
   </trkpt>
   <trkpt lat="48.1234310" lon="17.1148490">
    <ele>134.3</ele>
    <time>2025-10-06T17:23:26Z</time>
   </trkpt>
   <trkpt lat="48.1234310" lon="17.1148470">
    <ele>134.3</ele>
    <time>2025-10-06T17:23:27Z</time>
   </trkpt>
   <trkpt lat="48.1234300" lon="17.1148450">
    <ele>134.3</ele>
    <time>2025-10-06T17:23:28Z</time>
   </trkpt>
   <trkpt lat="48.1234300" lon="17.1148430">
    <ele>134.3</ele>
    <time>2025-10-06T17:23:29Z</time>
   </trkpt>
   <trkpt lat="48.1234290" lon="17.1148410">
    <ele>134.3</ele>
    <time>2025-10-06T17:23:30Z</time>
   </trkpt>
   <trkpt lat="48.1234290" lon="17.1148390">
    <ele>134.3</ele>
    <time>2025-10-06T17:23:31Z</time>
   </trkpt>
   <trkpt lat="48.1234290" lon="17.1148370">
    <ele>134.3</ele>
    <time>2025-10-06T17:23:32Z</time>
   </trkpt>
   <trkpt lat="48.1234280" lon="17.1148340">
    <ele>134.3</ele>
    <time>2025-10-06T17:23:33Z</time>
   </trkpt>
   <trkpt lat="48.1234280" lon="17.1148320">
    <ele>134.3</ele>
    <time>2025-10-06T17:23:34Z</time>
   </trkpt>
   <trkpt lat="48.1234270" lon="17.1148300">
    <ele>134.3</ele>
    <time>2025-10-06T17:23:35Z</time>
   </trkpt>
   <trkpt lat="48.1234270" lon="17.1148280">
    <ele>134.3</ele>
    <time>2025-10-06T17:23:36Z</time>
   </trkpt>
   <trkpt lat="48.1234270" lon="17.1148260">
    <ele>134.3</ele>
    <time>2025-10-06T17:23:37Z</time>
   </trkpt>
   <trkpt lat="48.1234260" lon="17.1148240">
    <ele>134.3</ele>
    <time>2025-10-06T17:23:38Z</time>
   </trkpt>
   <trkpt lat="48.1234260" lon="17.1148220">
    <ele>134.3</ele>
    <time>2025-10-06T17:23:39Z</time>
   </trkpt>
   <trkpt lat="48.1234250" lon="17.1148200">
    <ele>134.3</ele>
    <time>2025-10-06T17:23:40Z</time>
   </trkpt>
   <trkpt lat="48.1234250" lon="17.1148180">
    <ele>134.3</ele>
    <time>2025-10-06T17:23:41Z</time>
   </trkpt>
   <trkpt lat="48.1234250" lon="17.1148160">
    <ele>134.4</ele>
    <time>2025-10-06T17:23:42Z</time>
   </trkpt>
   <trkpt lat="48.1234240" lon="17.1148140">
    <ele>134.4</ele>
    <time>2025-10-06T17:23:43Z</time>
   </trkpt>
   <trkpt lat="48.1234240" lon="17.1148120">
    <ele>134.4</ele>
    <time>2025-10-06T17:23:44Z</time>
   </trkpt>
   <trkpt lat="48.1234230" lon="17.1148100">
    <ele>134.4</ele>
    <time>2025-10-06T17:23:45Z</time>
   </trkpt>
   <trkpt lat="48.1234230" lon="17.1148080">
    <ele>134.4</ele>
    <time>2025-10-06T17:23:46Z</time>
   </trkpt>
   <trkpt lat="48.1234230" lon="17.1148060">
    <ele>134.4</ele>
    <time>2025-10-06T17:23:47Z</time>
   </trkpt>
   <trkpt lat="48.1234220" lon="17.1148040">
    <ele>134.4</ele>
    <time>2025-10-06T17:23:48Z</time>
   </trkpt>
   <trkpt lat="48.1234220" lon="17.1148020">
    <ele>134.4</ele>
    <time>2025-10-06T17:23:49Z</time>
   </trkpt>
   <trkpt lat="48.1234210" lon="17.1148000">
    <ele>134.4</ele>
    <time>2025-10-06T17:23:50Z</time>
   </trkpt>
   <trkpt lat="48.1234210" lon="17.1147980">
    <ele>134.4</ele>
    <time>2025-10-06T17:23:51Z</time>
   </trkpt>
   <trkpt lat="48.1234210" lon="17.1147960">
    <ele>134.4</ele>
    <time>2025-10-06T17:23:52Z</time>
   </trkpt>
   <trkpt lat="48.1234200" lon="17.1147940">
    <ele>134.4</ele>
    <time>2025-10-06T17:23:53Z</time>
   </trkpt>
   <trkpt lat="48.1234200" lon="17.1147920">
    <ele>134.4</ele>
    <time>2025-10-06T17:23:54Z</time>
   </trkpt>
   <trkpt lat="48.1234190" lon="17.1147900">
    <ele>134.4</ele>
    <time>2025-10-06T17:23:55Z</time>
   </trkpt>
   <trkpt lat="48.1234190" lon="17.1147880">
    <ele>134.4</ele>
    <time>2025-10-06T17:23:56Z</time>
   </trkpt>
   <trkpt lat="48.1234180" lon="17.1147860">
    <ele>134.4</ele>
    <time>2025-10-06T17:23:57Z</time>
   </trkpt>
   <trkpt lat="48.1234180" lon="17.1147840">
    <ele>134.4</ele>
    <time>2025-10-06T17:23:58Z</time>
   </trkpt>
   <trkpt lat="48.1234180" lon="17.1147820">
    <ele>134.4</ele>
    <time>2025-10-06T17:23:59Z</time>
   </trkpt>
   <trkpt lat="48.1234170" lon="17.1147800">
    <ele>134.4</ele>
    <time>2025-10-06T17:24:00Z</time>
   </trkpt>
   <trkpt lat="48.1234170" lon="17.1147780">
    <ele>134.4</ele>
    <time>2025-10-06T17:24:01Z</time>
   </trkpt>
   <trkpt lat="48.1234160" lon="17.1147760">
    <ele>134.4</ele>
    <time>2025-10-06T17:24:02Z</time>
   </trkpt>
   <trkpt lat="48.1234160" lon="17.1147740">
    <ele>134.4</ele>
    <time>2025-10-06T17:24:03Z</time>
   </trkpt>
   <trkpt lat="48.1234160" lon="17.1147720">
    <ele>134.4</ele>
    <time>2025-10-06T17:24:05Z</time>
   </trkpt>
   <trkpt lat="48.1234150" lon="17.1147700">
    <ele>134.4</ele>
    <time>2025-10-06T17:24:06Z</time>
   </trkpt>
   <trkpt lat="48.1234150" lon="17.1147680">
    <ele>134.4</ele>
    <time>2025-10-06T17:24:08Z</time>
   </trkpt>
   <trkpt lat="48.1234140" lon="17.1147660">
    <ele>134.4</ele>
    <time>2025-10-06T17:24:09Z</time>
   </trkpt>
   <trkpt lat="48.1234140" lon="17.1147640">
    <ele>134.4</ele>
    <time>2025-10-06T17:24:10Z</time>
   </trkpt>
   <trkpt lat="48.1234140" lon="17.1147620">
    <ele>134.4</ele>
    <time>2025-10-06T17:24:11Z</time>
   </trkpt>
   <trkpt lat="48.1234130" lon="17.1147600">
    <ele>134.4</ele>
    <time>2025-10-06T17:24:12Z</time>
   </trkpt>
   <trkpt lat="48.1234130" lon="17.1147570">
    <ele>134.4</ele>
    <time>2025-10-06T17:24:13Z</time>
   </trkpt>
   <trkpt lat="48.1234120" lon="17.1147550">
    <ele>134.4</ele>
    <time>2025-10-06T17:24:14Z</time>
   </trkpt>
   <trkpt lat="48.1234120" lon="17.1147530">
    <ele>134.4</ele>
    <time>2025-10-06T17:24:15Z</time>
   </trkpt>
   <trkpt lat="48.1234120" lon="17.1147510">
    <ele>134.4</ele>
    <time>2025-10-06T17:24:16Z</time>
   </trkpt>
   <trkpt lat="48.1234110" lon="17.1147490">
    <ele>134.4</ele>
    <time>2025-10-06T17:24:17Z</time>
   </trkpt>
   <trkpt lat="48.1234110" lon="17.1147470">
    <ele>134.4</ele>
    <time>2025-10-06T17:24:18Z</time>
   </trkpt>
   <trkpt lat="48.1234100" lon="17.1147450">
    <ele>134.4</ele>
    <time>2025-10-06T17:24:19Z</time>
   </trkpt>
   <trkpt lat="48.1234100" lon="17.1147430">
    <ele>134.4</ele>
    <time>2025-10-06T17:24:20Z</time>
   </trkpt>
   <trkpt lat="48.1234090" lon="17.1147410">
    <ele>134.4</ele>
    <time>2025-10-06T17:24:21Z</time>
   </trkpt>
   <trkpt lat="48.1234090" lon="17.1147390">
    <ele>134.4</ele>
    <time>2025-10-06T17:24:22Z</time>
   </trkpt>
   <trkpt lat="48.1234090" lon="17.1147370">
    <ele>134.4</ele>
    <time>2025-10-06T17:24:23Z</time>
   </trkpt>
   <trkpt lat="48.1234080" lon="17.1147350">
    <ele>134.4</ele>
    <time>2025-10-06T17:24:24Z</time>
   </trkpt>
   <trkpt lat="48.1234080" lon="17.1147330">
    <ele>134.4</ele>
    <time>2025-10-06T17:24:25Z</time>
   </trkpt>
   <trkpt lat="48.1234070" lon="17.1147310">
    <ele>134.4</ele>
    <time>2025-10-06T17:24:26Z</time>
   </trkpt>
   <trkpt lat="48.1234070" lon="17.1147290">
    <ele>134.4</ele>
    <time>2025-10-06T17:24:27Z</time>
   </trkpt>
   <trkpt lat="48.1234070" lon="17.1147270">
    <ele>134.4</ele>
    <time>2025-10-06T17:24:28Z</time>
   </trkpt>
   <trkpt lat="48.1234060" lon="17.1147250">
    <ele>134.4</ele>
    <time>2025-10-06T17:24:29Z</time>
   </trkpt>
   <trkpt lat="48.1234060" lon="17.1147230">
    <ele>134.4</ele>
    <time>2025-10-06T17:24:31Z</time>
   </trkpt>
   <trkpt lat="48.1234050" lon="17.1147210">
    <ele>134.4</ele>
    <time>2025-10-06T17:24:36Z</time>
   </trkpt>
   <trkpt lat="48.1234050" lon="17.1147190">
    <ele>134.5</ele>
    <time>2025-10-06T17:24:37Z</time>
   </trkpt>
   <trkpt lat="48.1234010" lon="17.1147100">
    <ele>134.5</ele>
    <time>2025-10-06T17:24:38Z</time>
   </trkpt>
   <trkpt lat="48.1233950" lon="17.1146990">
    <ele>134.5</ele>
    <time>2025-10-06T17:24:39Z</time>
   </trkpt>
   <trkpt lat="48.1233910" lon="17.1146830">
    <ele>134.5</ele>
    <time>2025-10-06T17:24:40Z</time>
   </trkpt>
   <trkpt lat="48.1233860" lon="17.1146650">
    <ele>134.5</ele>
    <time>2025-10-06T17:24:41Z</time>
   </trkpt>
   <trkpt lat="48.1233840" lon="17.1146540">
    <ele>134.5</ele>
    <time>2025-10-06T17:24:42Z</time>
   </trkpt>
   <trkpt lat="48.1233860" lon="17.1146480">
    <ele>134.5</ele>
    <time>2025-10-06T17:24:43Z</time>
   </trkpt>
   <trkpt lat="48.1233890" lon="17.1146480">
    <ele>134.6</ele>
    <time>2025-10-06T17:24:44Z</time>
   </trkpt>
   <trkpt lat="48.1233920" lon="17.1146490">
    <ele>134.6</ele>
    <time>2025-10-06T17:24:45Z</time>
   </trkpt>
   <trkpt lat="48.1233960" lon="17.1146480">
    <ele>134.6</ele>
    <time>2025-10-06T17:24:47Z</time>
   </trkpt>
   <trkpt lat="48.1233970" lon="17.1146410">
    <ele>134.6</ele>
    <time>2025-10-06T17:24:48Z</time>
   </trkpt>
   <trkpt lat="48.1234010" lon="17.1146240">
    <ele>134.6</ele>
    <time>2025-10-06T17:24:50Z</time>
   </trkpt>
   <trkpt lat="48.1234000" lon="17.1146080">
    <ele>134.6</ele>
    <time>2025-10-06T17:24:51Z</time>
   </trkpt>
   <trkpt lat="48.1233840" lon="17.1145800">
    <ele>134.7</ele>
    <time>2025-10-06T17:24:52Z</time>
   </trkpt>
   <trkpt lat="48.1233790" lon="17.1145680">
    <ele>134.7</ele>
    <time>2025-10-06T17:24:53Z</time>
   </trkpt>
   <trkpt lat="48.1233790" lon="17.1145670">
    <ele>134.7</ele>
    <time>2025-10-06T17:24:54Z</time>
   </trkpt>
   <trkpt lat="48.1233780" lon="17.1145670">
    <ele>134.7</ele>
    <time>2025-10-06T17:24:55Z</time>
   </trkpt>
   <trkpt lat="48.1233770" lon="17.1145670">
    <ele>134.7</ele>
    <time>2025-10-06T17:24:56Z</time>
   </trkpt>
   <trkpt lat="48.1233760" lon="17.1145660">
    <ele>134.7</ele>
    <time>2025-10-06T17:24:57Z</time>
   </trkpt>
   <trkpt lat="48.1233760" lon="17.1145660">
    <ele>134.7</ele>
    <time>2025-10-06T17:24:58Z</time>
   </trkpt>
   <trkpt lat="48.1233750" lon="17.1145660">
    <ele>134.7</ele>
    <time>2025-10-06T17:24:59Z</time>
   </trkpt>
   <trkpt lat="48.1233740" lon="17.1145650">
    <ele>134.7</ele>
    <time>2025-10-06T17:25:00Z</time>
   </trkpt>
   <trkpt lat="48.1233730" lon="17.1145650">
    <ele>134.7</ele>
    <time>2025-10-06T17:25:02Z</time>
   </trkpt>
   <trkpt lat="48.1233730" lon="17.1145650">
    <ele>134.7</ele>
    <time>2025-10-06T17:25:03Z</time>
   </trkpt>
   <trkpt lat="48.1233720" lon="17.1145640">
    <ele>134.7</ele>
    <time>2025-10-06T17:25:04Z</time>
   </trkpt>
   <trkpt lat="48.1233710" lon="17.1145640">
    <ele>134.7</ele>
    <time>2025-10-06T17:25:05Z</time>
   </trkpt>
   <trkpt lat="48.1233700" lon="17.1145630">
    <ele>134.7</ele>
    <time>2025-10-06T17:25:06Z</time>
   </trkpt>
   <trkpt lat="48.1233700" lon="17.1145630">
    <ele>134.7</ele>
    <time>2025-10-06T17:25:07Z</time>
   </trkpt>
   <trkpt lat="48.1233690" lon="17.1145630">
    <ele>134.7</ele>
    <time>2025-10-06T17:25:08Z</time>
   </trkpt>
   <trkpt lat="48.1233680" lon="17.1145620">
    <ele>134.7</ele>
    <time>2025-10-06T17:25:09Z</time>
   </trkpt>
   <trkpt lat="48.1233670" lon="17.1145620">
    <ele>134.7</ele>
    <time>2025-10-06T17:25:10Z</time>
   </trkpt>
   <trkpt lat="48.1233670" lon="17.1145620">
    <ele>134.7</ele>
    <time>2025-10-06T17:25:11Z</time>
   </trkpt>
   <trkpt lat="48.1233660" lon="17.1145610">
    <ele>134.7</ele>
    <time>2025-10-06T17:25:12Z</time>
   </trkpt>
   <trkpt lat="48.1233650" lon="17.1145610">
    <ele>134.7</ele>
    <time>2025-10-06T17:25:13Z</time>
   </trkpt>
   <trkpt lat="48.1233640" lon="17.1145610">
    <ele>134.7</ele>
    <time>2025-10-06T17:25:14Z</time>
   </trkpt>
   <trkpt lat="48.1233640" lon="17.1145600">
    <ele>134.7</ele>
    <time>2025-10-06T17:25:15Z</time>
   </trkpt>
   <trkpt lat="48.1233630" lon="17.1145600">
    <ele>134.7</ele>
    <time>2025-10-06T17:25:16Z</time>
   </trkpt>
   <trkpt lat="48.1233640" lon="17.1145070">
    <ele>134.8</ele>
    <time>2025-10-06T17:25:18Z</time>
   </trkpt>
   <trkpt lat="48.1233670" lon="17.1145020">
    <ele>134.8</ele>
    <time>2025-10-06T17:25:19Z</time>
   </trkpt>
   <trkpt lat="48.1233690" lon="17.1144970">
    <ele>134.8</ele>
    <time>2025-10-06T17:25:21Z</time>
   </trkpt>
   <trkpt lat="48.1233720" lon="17.1144920">
    <ele>134.9</ele>
    <time>2025-10-06T17:25:22Z</time>
   </trkpt>
   <trkpt lat="48.1233740" lon="17.1144870">
    <ele>134.9</ele>
    <time>2025-10-06T17:25:23Z</time>
   </trkpt>
   <trkpt lat="48.1233770" lon="17.1144820">
    <ele>134.9</ele>
    <time>2025-10-06T17:25:24Z</time>
   </trkpt>
   <trkpt lat="48.1233790" lon="17.1144770">
    <ele>134.9</ele>
    <time>2025-10-06T17:25:26Z</time>
   </trkpt>
   <trkpt lat="48.1233820" lon="17.1144710">
    <ele>134.9</ele>
    <time>2025-10-06T17:25:27Z</time>
   </trkpt>
   <trkpt lat="48.1233840" lon="17.1144660">
    <ele>134.9</ele>
    <time>2025-10-06T17:25:29Z</time>
   </trkpt>
   <trkpt lat="48.1233870" lon="17.1144610">
    <ele>134.9</ele>
    <time>2025-10-06T17:25:31Z</time>
   </trkpt>
   <trkpt lat="48.1233890" lon="17.1144560">
    <ele>134.9</ele>
    <time>2025-10-06T17:25:32Z</time>
   </trkpt>
   <trkpt lat="48.1233920" lon="17.1144510">
    <ele>134.9</ele>
    <time>2025-10-06T17:25:34Z</time>
   </trkpt>
   <trkpt lat="48.1233940" lon="17.1144460">
    <ele>134.9</ele>
    <time>2025-10-06T17:25:35Z</time>
   </trkpt>
   <trkpt lat="48.1233970" lon="17.1144410">
    <ele>135.0</ele>
    <time>2025-10-06T17:25:36Z</time>
   </trkpt>
   <trkpt lat="48.1233990" lon="17.1144360">
    <ele>135.0</ele>
    <time>2025-10-06T17:25:37Z</time>
   </trkpt>
   <trkpt lat="48.1234110" lon="17.1144300">
    <ele>135.0</ele>
    <time>2025-10-06T17:25:38Z</time>
   </trkpt>
   <trkpt lat="48.1234220" lon="17.1144220">
    <ele>135.1</ele>
    <time>2025-10-06T17:25:39Z</time>
   </trkpt>
   <trkpt lat="48.1234310" lon="17.1144160">
    <ele>135.2</ele>
    <time>2025-10-06T17:25:40Z</time>
   </trkpt>
   <trkpt lat="48.1234340" lon="17.1144110">
    <ele>135.2</ele>
    <time>2025-10-06T17:25:41Z</time>
   </trkpt>
   <trkpt lat="48.1234350" lon="17.1144120">
    <ele>135.2</ele>
    <time>2025-10-06T17:25:42Z</time>
   </trkpt>
   <trkpt lat="48.1234330" lon="17.1144150">
    <ele>135.2</ele>
    <time>2025-10-06T17:25:43Z</time>
   </trkpt>
   <trkpt lat="48.1234320" lon="17.1144180">
    <ele>135.2</ele>
    <time>2025-10-06T17:25:44Z</time>
   </trkpt>
   <trkpt lat="48.1234310" lon="17.1144230">
    <ele>135.2</ele>
    <time>2025-10-06T17:25:45Z</time>
   </trkpt>
   <trkpt lat="48.1234290" lon="17.1144290">
    <ele>135.3</ele>
    <time>2025-10-06T17:25:46Z</time>
   </trkpt>
   <trkpt lat="48.1234290" lon="17.1144330">
    <ele>135.3</ele>
    <time>2025-10-06T17:25:47Z</time>
   </trkpt>
   <trkpt lat="48.1234290" lon="17.1144350">
    <ele>135.3</ele>
    <time>2025-10-06T17:25:48Z</time>
   </trkpt>
   <trkpt lat="48.1234300" lon="17.1144370">
    <ele>135.3</ele>
    <time>2025-10-06T17:25:49Z</time>
   </trkpt>
   <trkpt lat="48.1234300" lon="17.1144380">
    <ele>135.3</ele>
    <time>2025-10-06T17:25:50Z</time>
   </trkpt>
   <trkpt lat="48.1234310" lon="17.1144390">
    <ele>135.3</ele>
    <time>2025-10-06T17:25:51Z</time>
   </trkpt>
   <trkpt lat="48.1234310" lon="17.1144400">
    <ele>135.3</ele>
    <time>2025-10-06T17:25:52Z</time>
   </trkpt>
   <trkpt lat="48.1234310" lon="17.1144400">
    <ele>135.3</ele>
    <time>2025-10-06T17:25:53Z</time>
   </trkpt>
   <trkpt lat="48.1234300" lon="17.1144400">
    <ele>135.3</ele>
    <time>2025-10-06T17:25:54Z</time>
   </trkpt>
   <trkpt lat="48.1234300" lon="17.1144400">
    <ele>135.3</ele>
    <time>2025-10-06T17:25:55Z</time>
   </trkpt>
   <trkpt lat="48.1234300" lon="17.1144400">
    <ele>135.3</ele>
    <time>2025-10-06T17:25:56Z</time>
   </trkpt>
   <trkpt lat="48.1234310" lon="17.1144410">
    <ele>135.3</ele>
    <time>2025-10-06T17:25:57Z</time>
   </trkpt>
   <trkpt lat="48.1234320" lon="17.1144390">
    <ele>135.3</ele>
    <time>2025-10-06T17:25:58Z</time>
   </trkpt>
   <trkpt lat="48.1234360" lon="17.1144290">
    <ele>135.4</ele>
    <time>2025-10-06T17:25:59Z</time>
   </trkpt>
   <trkpt lat="48.1234370" lon="17.1144130">
    <ele>135.4</ele>
    <time>2025-10-06T17:26:00Z</time>
   </trkpt>
   <trkpt lat="48.1234380" lon="17.1143940">
    <ele>135.5</ele>
    <time>2025-10-06T17:26:01Z</time>
   </trkpt>
   <trkpt lat="48.1234470" lon="17.1143790">
    <ele>135.6</ele>
    <time>2025-10-06T17:26:02Z</time>
   </trkpt>
   <trkpt lat="48.1234020" lon="17.1143020">
    <ele>136.0</ele>
    <time>2025-10-06T17:26:08Z</time>
   </trkpt>
   <trkpt lat="48.1234000" lon="17.1142910">
    <ele>136.0</ele>
    <time>2025-10-06T17:26:09Z</time>
   </trkpt>
   <trkpt lat="48.1233990" lon="17.1142800">
    <ele>136.1</ele>
    <time>2025-10-06T17:26:10Z</time>
   </trkpt>
   <trkpt lat="48.1233970" lon="17.1142700">
    <ele>136.1</ele>
    <time>2025-10-06T17:26:11Z</time>
   </trkpt>
   <trkpt lat="48.1233960" lon="17.1142590">
    <ele>136.2</ele>
    <time>2025-10-06T17:26:13Z</time>
   </trkpt>
   <trkpt lat="48.1233940" lon="17.1142480">
    <ele>136.2</ele>
    <time>2025-10-06T17:26:15Z</time>
   </trkpt>
   <trkpt lat="48.1233930" lon="17.1142370">
    <ele>136.2</ele>
    <time>2025-10-06T17:26:16Z</time>
   </trkpt>
   <trkpt lat="48.1233920" lon="17.1142140">
    <ele>136.3</ele>
    <time>2025-10-06T17:26:17Z</time>
   </trkpt>
   <trkpt lat="48.1233890" lon="17.1141940">
    <ele>136.4</ele>
    <time>2025-10-06T17:26:18Z</time>
   </trkpt>
   <trkpt lat="48.1233840" lon="17.1141790">
    <ele>136.5</ele>
    <time>2025-10-06T17:26:19Z</time>
   </trkpt>
   <trkpt lat="48.1233790" lon="17.1141660">
    <ele>136.5</ele>
    <time>2025-10-06T17:26:20Z</time>
   </trkpt>
   <trkpt lat="48.1233730" lon="17.1141570">
    <ele>136.6</ele>
    <time>2025-10-06T17:26:21Z</time>
   </trkpt>
   <trkpt lat="48.1233640" lon="17.1141480">
    <ele>136.6</ele>
    <time>2025-10-06T17:26:22Z</time>
   </trkpt>
   <trkpt lat="48.1233610" lon="17.1141410">
    <ele>136.6</ele>
    <time>2025-10-06T17:26:23Z</time>
   </trkpt>
   <trkpt lat="48.1233580" lon="17.1141300">
    <ele>136.7</ele>
    <time>2025-10-06T17:26:24Z</time>
   </trkpt>
   <trkpt lat="48.1233560" lon="17.1141180">
    <ele>136.7</ele>
    <time>2025-10-06T17:26:25Z</time>
   </trkpt>
   <trkpt lat="48.1233540" lon="17.1141040">
    <ele>136.7</ele>
    <time>2025-10-06T17:26:26Z</time>
   </trkpt>
   <trkpt lat="48.1233540" lon="17.1140880">
    <ele>136.8</ele>
    <time>2025-10-06T17:26:27Z</time>
   </trkpt>
   <trkpt lat="48.1233530" lon="17.1140700">
    <ele>136.8</ele>
    <time>2025-10-06T17:26:28Z</time>
   </trkpt>
   <trkpt lat="48.1233510" lon="17.1140560">
    <ele>136.9</ele>
    <time>2025-10-06T17:26:29Z</time>
   </trkpt>
   <trkpt lat="48.1233470" lon="17.1140420">
    <ele>136.9</ele>
    <time>2025-10-06T17:26:30Z</time>
   </trkpt>
   <trkpt lat="48.1233430" lon="17.1140270">
    <ele>137.0</ele>
    <time>2025-10-06T17:26:31Z</time>
   </trkpt>
   <trkpt lat="48.1233400" lon="17.1140120">
    <ele>137.0</ele>
    <time>2025-10-06T17:26:32Z</time>
   </trkpt>
   <trkpt lat="48.1233360" lon="17.1139970">
    <ele>137.0</ele>
    <time>2025-10-06T17:26:33Z</time>
   </trkpt>
   <trkpt lat="48.1233380" lon="17.1139960">
    <ele>137.0</ele>
    <time>2025-10-06T17:26:34Z</time>
   </trkpt>
   <trkpt lat="48.1233400" lon="17.1139970">
    <ele>137.0</ele>
    <time>2025-10-06T17:26:35Z</time>
   </trkpt>
   <trkpt lat="48.1233420" lon="17.1139980">
    <ele>137.0</ele>
    <time>2025-10-06T17:26:36Z</time>
   </trkpt>
   <trkpt lat="48.1233450" lon="17.1139990">
    <ele>137.0</ele>
    <time>2025-10-06T17:26:37Z</time>
   </trkpt>
   <trkpt lat="48.1233470" lon="17.1140000">
    <ele>137.0</ele>
    <time>2025-10-06T17:26:38Z</time>
   </trkpt>
   <trkpt lat="48.1233490" lon="17.1140010">
    <ele>137.0</ele>
    <time>2025-10-06T17:26:39Z</time>
   </trkpt>
   <trkpt lat="48.1233510" lon="17.1140020">
    <ele>137.0</ele>
    <time>2025-10-06T17:26:41Z</time>
   </trkpt>
   <trkpt lat="48.1233530" lon="17.1140030">
    <ele>137.0</ele>
    <time>2025-10-06T17:26:42Z</time>
   </trkpt>
   <trkpt lat="48.1233550" lon="17.1140040">
    <ele>137.0</ele>
    <time>2025-10-06T17:26:43Z</time>
   </trkpt>
   <trkpt lat="48.1233570" lon="17.1140050">
    <ele>137.0</ele>
    <time>2025-10-06T17:26:44Z</time>
   </trkpt>
   <trkpt lat="48.1233600" lon="17.1140060">
    <ele>137.0</ele>
    <time>2025-10-06T17:26:45Z</time>
   </trkpt>
   <trkpt lat="48.1233620" lon="17.1140070">
    <ele>137.0</ele>
    <time>2025-10-06T17:26:46Z</time>
   </trkpt>
   <trkpt lat="48.1233640" lon="17.1140080">
    <ele>137.0</ele>
    <time>2025-10-06T17:26:47Z</time>
   </trkpt>
   <trkpt lat="48.1233660" lon="17.1140090">
    <ele>137.0</ele>
    <time>2025-10-06T17:26:48Z</time>
   </trkpt>
   <trkpt lat="48.1233680" lon="17.1140110">
    <ele>137.0</ele>
    <time>2025-10-06T17:26:49Z</time>
   </trkpt>
   <trkpt lat="48.1233700" lon="17.1140120">
    <ele>137.0</ele>
    <time>2025-10-06T17:26:50Z</time>
   </trkpt>
   <trkpt lat="48.1233720" lon="17.1140130">
    <ele>137.0</ele>
    <time>2025-10-06T17:26:51Z</time>
   </trkpt>
   <trkpt lat="48.1233750" lon="17.1140140">
    <ele>137.0</ele>
    <time>2025-10-06T17:26:52Z</time>
   </trkpt>
   <trkpt lat="48.1233770" lon="17.1140150">
    <ele>137.0</ele>
    <time>2025-10-06T17:26:53Z</time>
   </trkpt>
   <trkpt lat="48.1233790" lon="17.1140160">
    <ele>137.0</ele>
    <time>2025-10-06T17:26:55Z</time>
   </trkpt>
   <trkpt lat="48.1233810" lon="17.1140170">
    <ele>137.1</ele>
    <time>2025-10-06T17:26:56Z</time>
   </trkpt>
   <trkpt lat="48.1233830" lon="17.1140180">
    <ele>137.1</ele>
    <time>2025-10-06T17:26:58Z</time>
   </trkpt>
   <trkpt lat="48.1233850" lon="17.1140190">
    <ele>137.1</ele>
    <time>2025-10-06T17:27:04Z</time>
   </trkpt>
   <trkpt lat="48.1233870" lon="17.1140200">
    <ele>137.1</ele>
    <time>2025-10-06T17:27:05Z</time>
   </trkpt>
   <trkpt lat="48.1233900" lon="17.1140210">
    <ele>137.1</ele>
    <time>2025-10-06T17:27:07Z</time>
   </trkpt>
   <trkpt lat="48.1233920" lon="17.1140220">
    <ele>137.1</ele>
    <time>2025-10-06T17:27:08Z</time>
   </trkpt>
   <trkpt lat="48.1233940" lon="17.1140230">
    <ele>137.1</ele>
    <time>2025-10-06T17:27:10Z</time>
   </trkpt>
   <trkpt lat="48.1233960" lon="17.1140240">
    <ele>137.1</ele>
    <time>2025-10-06T17:27:11Z</time>
   </trkpt>
   <trkpt lat="48.1234230" lon="17.1140270">
    <ele>137.1</ele>
    <time>2025-10-06T17:27:12Z</time>
   </trkpt>
   <trkpt lat="48.1234320" lon="17.1140270">
    <ele>137.1</ele>
    <time>2025-10-06T17:27:13Z</time>
   </trkpt>
   <trkpt lat="48.1234600" lon="17.1140360">
    <ele>137.1</ele>
    <time>2025-10-06T17:27:14Z</time>
   </trkpt>
   <trkpt lat="48.1234720" lon="17.1140450">
    <ele>137.1</ele>
    <time>2025-10-06T17:27:16Z</time>
   </trkpt>
   <trkpt lat="48.1234830" lon="17.1140550">
    <ele>137.1</ele>
    <time>2025-10-06T17:27:17Z</time>
   </trkpt>
   <trkpt lat="48.1234940" lon="17.1140640">
    <ele>137.1</ele>
    <time>2025-10-06T17:27:18Z</time>
   </trkpt>
   <trkpt lat="48.1235050" lon="17.1140730">
    <ele>137.1</ele>
    <time>2025-10-06T17:27:19Z</time>
   </trkpt>
   <trkpt lat="48.1235170" lon="17.1140800">
    <ele>137.1</ele>
    <time>2025-10-06T17:27:20Z</time>
   </trkpt>
   <trkpt lat="48.1235270" lon="17.1140870">
    <ele>137.1</ele>
    <time>2025-10-06T17:27:21Z</time>
   </trkpt>
   <trkpt lat="48.1235340" lon="17.1140880">
    <ele>137.1</ele>
    <time>2025-10-06T17:27:22Z</time>
   </trkpt>
   <trkpt lat="48.1235380" lon="17.1140880">
    <ele>137.1</ele>
    <time>2025-10-06T17:27:23Z</time>
   </trkpt>
   <trkpt lat="48.1235390" lon="17.1140890">
    <ele>137.1</ele>
    <time>2025-10-06T17:27:24Z</time>
   </trkpt>
   <trkpt lat="48.1235420" lon="17.1140910">
    <ele>137.1</ele>
    <time>2025-10-06T17:27:25Z</time>
   </trkpt>
   <trkpt lat="48.1235390" lon="17.1140910">
    <ele>137.1</ele>
    <time>2025-10-06T17:27:26Z</time>
   </trkpt>
   <trkpt lat="48.1235370" lon="17.1140890">
    <ele>137.1</ele>
    <time>2025-10-06T17:27:27Z</time>
   </trkpt>
   <trkpt lat="48.1235350" lon="17.1140870">
    <ele>137.1</ele>
    <time>2025-10-06T17:27:28Z</time>
   </trkpt>
   <trkpt lat="48.1235340" lon="17.1140870">
    <ele>137.1</ele>
    <time>2025-10-06T17:27:29Z</time>
   </trkpt>
   <trkpt lat="48.1235330" lon="17.1140860">
    <ele>137.1</ele>
    <time>2025-10-06T17:27:30Z</time>
   </trkpt>
   <trkpt lat="48.1235320" lon="17.1140850">
    <ele>137.1</ele>
    <time>2025-10-06T17:27:31Z</time>
   </trkpt>
   <trkpt lat="48.1235320" lon="17.1140840">
    <ele>137.1</ele>
    <time>2025-10-06T17:27:32Z</time>
   </trkpt>
   <trkpt lat="48.1235310" lon="17.1140830">
    <ele>137.1</ele>
    <time>2025-10-06T17:27:33Z</time>
   </trkpt>
   <trkpt lat="48.1235310" lon="17.1140820">
    <ele>137.1</ele>
    <time>2025-10-06T17:27:34Z</time>
   </trkpt>
   <trkpt lat="48.1235310" lon="17.1140810">
    <ele>137.1</ele>
    <time>2025-10-06T17:27:35Z</time>
   </trkpt>
   <trkpt lat="48.1235300" lon="17.1140790">
    <ele>137.1</ele>
    <time>2025-10-06T17:27:36Z</time>
   </trkpt>
   <trkpt lat="48.1235300" lon="17.1140770">
    <ele>137.1</ele>
    <time>2025-10-06T17:27:37Z</time>
   </trkpt>
   <trkpt lat="48.1235290" lon="17.1140760">
    <ele>137.1</ele>
    <time>2025-10-06T17:27:38Z</time>
   </trkpt>
   <trkpt lat="48.1235290" lon="17.1140750">
    <ele>137.1</ele>
    <time>2025-10-06T17:27:39Z</time>
   </trkpt>
   <trkpt lat="48.1235290" lon="17.1140750">
    <ele>137.1</ele>
    <time>2025-10-06T17:27:40Z</time>
   </trkpt>
   <trkpt lat="48.1235300" lon="17.1140760">
    <ele>137.1</ele>
    <time>2025-10-06T17:27:41Z</time>
   </trkpt>
   <trkpt lat="48.1235300" lon="17.1140710">
    <ele>137.1</ele>
    <time>2025-10-06T17:27:42Z</time>
   </trkpt>
   <trkpt lat="48.1235280" lon="17.1140640">
    <ele>137.1</ele>
    <time>2025-10-06T17:27:43Z</time>
   </trkpt>
   <trkpt lat="48.1235260" lon="17.1140610">
    <ele>137.1</ele>
    <time>2025-10-06T17:27:44Z</time>
   </trkpt>
   <trkpt lat="48.1235200" lon="17.1140740">
    <ele>137.1</ele>
    <time>2025-10-06T17:27:49Z</time>
   </trkpt>
   <trkpt lat="48.1235200" lon="17.1140760">
    <ele>137.1</ele>
    <time>2025-10-06T17:27:50Z</time>
   </trkpt>
   <trkpt lat="48.1235200" lon="17.1140780">
    <ele>137.1</ele>
    <time>2025-10-06T17:27:51Z</time>
   </trkpt>
   <trkpt lat="48.1235200" lon="17.1140790">
    <ele>137.1</ele>
    <time>2025-10-06T17:27:52Z</time>
   </trkpt>
   <trkpt lat="48.1235190" lon="17.1140810">
    <ele>137.1</ele>
    <time>2025-10-06T17:27:53Z</time>
   </trkpt>
   <trkpt lat="48.1235190" lon="17.1140820">
    <ele>137.1</ele>
    <time>2025-10-06T17:27:54Z</time>
   </trkpt>
   <trkpt lat="48.1235190" lon="17.1140830">
    <ele>137.1</ele>
    <time>2025-10-06T17:27:55Z</time>
   </trkpt>
   <trkpt lat="48.1235190" lon="17.1140830">
    <ele>137.1</ele>
    <time>2025-10-06T17:27:56Z</time>
   </trkpt>
   <trkpt lat="48.1235200" lon="17.1140840">
    <ele>137.1</ele>
    <time>2025-10-06T17:27:57Z</time>
   </trkpt>
   <trkpt lat="48.1235190" lon="17.1140840">
    <ele>137.1</ele>
    <time>2025-10-06T17:27:58Z</time>
   </trkpt>
   <trkpt lat="48.1235190" lon="17.1140870">
    <ele>137.1</ele>
    <time>2025-10-06T17:28:00Z</time>
   </trkpt>
   <trkpt lat="48.1235190" lon="17.1140870">
    <ele>137.1</ele>
    <time>2025-10-06T17:28:01Z</time>
   </trkpt>
   <trkpt lat="48.1235200" lon="17.1140840">
    <ele>137.1</ele>
    <time>2025-10-06T17:28:03Z</time>
   </trkpt>
   <trkpt lat="48.1235210" lon="17.1140750">
    <ele>137.1</ele>
    <time>2025-10-06T17:28:04Z</time>
   </trkpt>
   <trkpt lat="48.1235260" lon="17.1140630">
    <ele>137.1</ele>
    <time>2025-10-06T17:28:05Z</time>
   </trkpt>
   <trkpt lat="48.1235320" lon="17.1140560">
    <ele>137.1</ele>
    <time>2025-10-06T17:28:06Z</time>
   </trkpt>
   <trkpt lat="48.1235360" lon="17.1140540">
    <ele>137.1</ele>
    <time>2025-10-06T17:28:07Z</time>
   </trkpt>
   <trkpt lat="48.1235450" lon="17.1140600">
    <ele>137.1</ele>
    <time>2025-10-06T17:28:08Z</time>
   </trkpt>
   <trkpt lat="48.1235490" lon="17.1140600">
    <ele>137.1</ele>
    <time>2025-10-06T17:28:09Z</time>
   </trkpt>
   <trkpt lat="48.1235480" lon="17.1140590">
    <ele>137.1</ele>
    <time>2025-10-06T17:28:10Z</time>
   </trkpt>
   <trkpt lat="48.1235480" lon="17.1140490">
    <ele>137.1</ele>
    <time>2025-10-06T17:28:11Z</time>
   </trkpt>
   <trkpt lat="48.1235400" lon="17.1140390">
    <ele>137.1</ele>
    <time>2025-10-06T17:28:12Z</time>
   </trkpt>
   <trkpt lat="48.1235230" lon="17.1140260">
    <ele>137.1</ele>
    <time>2025-10-06T17:28:13Z</time>
   </trkpt>
   <trkpt lat="48.1234970" lon="17.1140120">
    <ele>137.1</ele>
    <time>2025-10-06T17:28:14Z</time>
   </trkpt>
   <trkpt lat="48.1234880" lon="17.1140090">
    <ele>137.1</ele>
    <time>2025-10-06T17:28:15Z</time>
   </trkpt>
   <trkpt lat="48.1234730" lon="17.1140040">
    <ele>137.1</ele>
    <time>2025-10-06T17:28:16Z</time>
   </trkpt>
   <trkpt lat="48.1234580" lon="17.1139980">
    <ele>137.1</ele>
    <time>2025-10-06T17:28:17Z</time>
   </trkpt>
   <trkpt lat="48.1234440" lon="17.1139890">
    <ele>137.1</ele>
    <time>2025-10-06T17:28:18Z</time>
   </trkpt>
   <trkpt lat="48.1234390" lon="17.1139760">
    <ele>137.2</ele>
    <time>2025-10-06T17:28:19Z</time>
   </trkpt>
   <trkpt lat="48.1234430" lon="17.1139590">
    <ele>137.2</ele>
    <time>2025-10-06T17:28:20Z</time>
   </trkpt>
   <trkpt lat="48.1234560" lon="17.1139330">
    <ele>137.2</ele>
    <time>2025-10-06T17:28:21Z</time>
   </trkpt>
   <trkpt lat="48.1234620" lon="17.1139230">
    <ele>137.2</ele>
    <time>2025-10-06T17:28:22Z</time>
   </trkpt>
   <trkpt lat="48.1234670" lon="17.1139120">
    <ele>137.2</ele>
    <time>2025-10-06T17:28:23Z</time>
   </trkpt>
   <trkpt lat="48.1234800" lon="17.1139030">
    <ele>137.2</ele>
    <time>2025-10-06T17:28:24Z</time>
   </trkpt>
   <trkpt lat="48.1234950" lon="17.1139080">
    <ele>137.2</ele>
    <time>2025-10-06T17:28:25Z</time>
   </trkpt>
   <trkpt lat="48.1235070" lon="17.1139200">
    <ele>137.2</ele>
    <time>2025-10-06T17:28:26Z</time>
   </trkpt>
   <trkpt lat="48.1235170" lon="17.1139300">
    <ele>137.2</ele>
    <time>2025-10-06T17:28:27Z</time>
   </trkpt>
   <trkpt lat="48.1235240" lon="17.1139380">
    <ele>137.2</ele>
    <time>2025-10-06T17:28:28Z</time>
   </trkpt>
   <trkpt lat="48.1235300" lon="17.1139470">
    <ele>137.2</ele>
    <time>2025-10-06T17:28:29Z</time>
   </trkpt>
   <trkpt lat="48.1235320" lon="17.1139560">
    <ele>137.2</ele>
    <time>2025-10-06T17:28:30Z</time>
   </trkpt>
   <trkpt lat="48.1235330" lon="17.1139620">
    <ele>137.2</ele>
    <time>2025-10-06T17:28:32Z</time>
   </trkpt>
   <trkpt lat="48.1235330" lon="17.1139620">
    <ele>137.2</ele>
    <time>2025-10-06T17:28:33Z</time>
   </trkpt>
   <trkpt lat="48.1235330" lon="17.1139620">
    <ele>137.2</ele>
    <time>2025-10-06T17:28:34Z</time>
   </trkpt>
   <trkpt lat="48.1235330" lon="17.1139620">
    <ele>137.2</ele>
    <time>2025-10-06T17:28:35Z</time>
   </trkpt>
   <trkpt lat="48.1235330" lon="17.1139630">
    <ele>137.2</ele>
    <time>2025-10-06T17:28:37Z</time>
   </trkpt>
   <trkpt lat="48.1235330" lon="17.1139640">
    <ele>137.2</ele>
    <time>2025-10-06T17:28:38Z</time>
   </trkpt>
   <trkpt lat="48.1235330" lon="17.1139650">
    <ele>137.2</ele>
    <time>2025-10-06T17:28:39Z</time>
   </trkpt>
   <trkpt lat="48.1235330" lon="17.1139650">
    <ele>137.2</ele>
    <time>2025-10-06T17:28:40Z</time>
   </trkpt>
   <trkpt lat="48.1235320" lon="17.1139650">
    <ele>137.2</ele>
    <time>2025-10-06T17:28:41Z</time>
   </trkpt>
   <trkpt lat="48.1235310" lon="17.1139640">
    <ele>137.2</ele>
    <time>2025-10-06T17:28:42Z</time>
   </trkpt>
   <trkpt lat="48.1235310" lon="17.1139640">
    <ele>137.2</ele>
    <time>2025-10-06T17:28:43Z</time>
   </trkpt>
   <trkpt lat="48.1235280" lon="17.1139640">
    <ele>137.2</ele>
    <time>2025-10-06T17:28:44Z</time>
   </trkpt>
   <trkpt lat="48.1235280" lon="17.1139650">
    <ele>137.2</ele>
    <time>2025-10-06T17:28:45Z</time>
   </trkpt>
   <trkpt lat="48.1235270" lon="17.1139650">
    <ele>137.2</ele>
    <time>2025-10-06T17:28:46Z</time>
   </trkpt>
   <trkpt lat="48.1235270" lon="17.1139660">
    <ele>137.2</ele>
    <time>2025-10-06T17:28:47Z</time>
   </trkpt>
   <trkpt lat="48.1235270" lon="17.1139660">
    <ele>137.2</ele>
    <time>2025-10-06T17:28:48Z</time>
   </trkpt>
   <trkpt lat="48.1235280" lon="17.1139670">
    <ele>137.2</ele>
    <time>2025-10-06T17:28:49Z</time>
   </trkpt>
   <trkpt lat="48.1235280" lon="17.1139670">
    <ele>137.2</ele>
    <time>2025-10-06T17:28:50Z</time>
   </trkpt>
   <trkpt lat="48.1235380" lon="17.1139540">
    <ele>137.2</ele>
    <time>2025-10-06T17:28:52Z</time>
   </trkpt>
   <trkpt lat="48.1235440" lon="17.1139440">
    <ele>137.2</ele>
    <time>2025-10-06T17:28:53Z</time>
   </trkpt>
   <trkpt lat="48.1235420" lon="17.1139430">
    <ele>137.2</ele>
    <time>2025-10-06T17:28:54Z</time>
   </trkpt>
   <trkpt lat="48.1235460" lon="17.1139380">
    <ele>137.2</ele>
    <time>2025-10-06T17:28:55Z</time>
   </trkpt>
   <trkpt lat="48.1235460" lon="17.1139300">
    <ele>137.2</ele>
    <time>2025-10-06T17:28:56Z</time>
   </trkpt>
   <trkpt lat="48.1235350" lon="17.1139140">
    <ele>137.2</ele>
    <time>2025-10-06T17:28:58Z</time>
   </trkpt>
   <trkpt lat="48.1235300" lon="17.1139140">
    <ele>137.2</ele>
    <time>2025-10-06T17:28:59Z</time>
   </trkpt>
   <trkpt lat="48.1235250" lon="17.1139090">
    <ele>137.2</ele>
    <time>2025-10-06T17:29:00Z</time>
   </trkpt>
   <trkpt lat="48.1235230" lon="17.1139070">
    <ele>137.2</ele>
    <time>2025-10-06T17:29:01Z</time>
   </trkpt>
   <trkpt lat="48.1235210" lon="17.1139060">
    <ele>137.2</ele>
    <time>2025-10-06T17:29:02Z</time>
   </trkpt>
   <trkpt lat="48.1235190" lon="17.1139050">
    <ele>137.2</ele>
    <time>2025-10-06T17:29:03Z</time>
   </trkpt>
   <trkpt lat="48.1235190" lon="17.1139040">
    <ele>137.2</ele>
    <time>2025-10-06T17:29:04Z</time>
   </trkpt>
   <trkpt lat="48.1235190" lon="17.1139030">
    <ele>137.2</ele>
    <time>2025-10-06T17:29:05Z</time>
   </trkpt>
   <trkpt lat="48.1235190" lon="17.1139030">
    <ele>137.2</ele>
    <time>2025-10-06T17:29:06Z</time>
   </trkpt>
   <trkpt lat="48.1235190" lon="17.1139020">
    <ele>137.2</ele>
    <time>2025-10-06T17:29:07Z</time>
   </trkpt>
   <trkpt lat="48.1235180" lon="17.1139030">
    <ele>137.2</ele>
    <time>2025-10-06T17:29:08Z</time>
   </trkpt>
   <trkpt lat="48.1235180" lon="17.1139020">
    <ele>137.2</ele>
    <time>2025-10-06T17:29:10Z</time>
   </trkpt>
   <trkpt lat="48.1235180" lon="17.1139020">
    <ele>137.2</ele>
    <time>2025-10-06T17:29:11Z</time>
   </trkpt>
   <trkpt lat="48.1235180" lon="17.1139020">
    <ele>137.2</ele>
    <time>2025-10-06T17:29:12Z</time>
   </trkpt>
   <trkpt lat="48.1235180" lon="17.1139020">
    <ele>137.2</ele>
    <time>2025-10-06T17:29:13Z</time>
   </trkpt>
   <trkpt lat="48.1235190" lon="17.1139020">
    <ele>137.2</ele>
    <time>2025-10-06T17:29:14Z</time>
   </trkpt>
   <trkpt lat="48.1235300" lon="17.1139050">
    <ele>137.2</ele>
    <time>2025-10-06T17:29:20Z</time>
   </trkpt>
   <trkpt lat="48.1235360" lon="17.1139050">
    <ele>137.2</ele>
    <time>2025-10-06T17:29:22Z</time>
   </trkpt>
   <trkpt lat="48.1235430" lon="17.1139040">
    <ele>137.2</ele>
    <time>2025-10-06T17:29:23Z</time>
   </trkpt>
   <trkpt lat="48.1235440" lon="17.1139050">
    <ele>137.2</ele>
    <time>2025-10-06T17:29:24Z</time>
   </trkpt>
   <trkpt lat="48.1235440" lon="17.1139080">
    <ele>137.2</ele>
    <time>2025-10-06T17:29:25Z</time>
   </trkpt>
   <trkpt lat="48.1235450" lon="17.1139110">
    <ele>137.2</ele>
    <time>2025-10-06T17:29:26Z</time>
   </trkpt>
   <trkpt lat="48.1235460" lon="17.1139150">
    <ele>137.2</ele>
    <time>2025-10-06T17:29:27Z</time>
   </trkpt>
   <trkpt lat="48.1235470" lon="17.1139180">
    <ele>137.2</ele>
    <time>2025-10-06T17:29:28Z</time>
   </trkpt>
   <trkpt lat="48.1235470" lon="17.1139190">
    <ele>137.2</ele>
    <time>2025-10-06T17:29:29Z</time>
   </trkpt>
   <trkpt lat="48.1235470" lon="17.1139210">
    <ele>137.2</ele>
    <time>2025-10-06T17:29:30Z</time>
   </trkpt>
   <trkpt lat="48.1235470" lon="17.1139220">
    <ele>137.2</ele>
    <time>2025-10-06T17:29:31Z</time>
   </trkpt>
   <trkpt lat="48.1235480" lon="17.1139220">
    <ele>137.2</ele>
    <time>2025-10-06T17:29:32Z</time>
   </trkpt>
   <trkpt lat="48.1235480" lon="17.1139230">
    <ele>137.2</ele>
    <time>2025-10-06T17:29:33Z</time>
   </trkpt>
   <trkpt lat="48.1235480" lon="17.1139220">
    <ele>137.2</ele>
    <time>2025-10-06T17:29:34Z</time>
   </trkpt>
   <trkpt lat="48.1235480" lon="17.1139230">
    <ele>137.2</ele>
    <time>2025-10-06T17:29:35Z</time>
   </trkpt>
   <trkpt lat="48.1235480" lon="17.1139230">
    <ele>137.2</ele>
    <time>2025-10-06T17:29:36Z</time>
   </trkpt>
   <trkpt lat="48.1235490" lon="17.1139240">
    <ele>137.2</ele>
    <time>2025-10-06T17:29:37Z</time>
   </trkpt>
   <trkpt lat="48.1235490" lon="17.1139240">
    <ele>137.2</ele>
    <time>2025-10-06T17:29:38Z</time>
   </trkpt>
   <trkpt lat="48.1235490" lon="17.1139240">
    <ele>137.2</ele>
    <time>2025-10-06T17:29:39Z</time>
   </trkpt>
   <trkpt lat="48.1235330" lon="17.1139080">
    <ele>137.2</ele>
    <time>2025-10-06T17:29:45Z</time>
   </trkpt>
   <trkpt lat="48.1235330" lon="17.1139080">
    <ele>137.2</ele>
    <time>2025-10-06T17:29:46Z</time>
   </trkpt>
   <trkpt lat="48.1235240" lon="17.1138930">
    <ele>137.2</ele>
    <time>2025-10-06T17:29:48Z</time>
   </trkpt>
   <trkpt lat="48.1235040" lon="17.1138650">
    <ele>137.2</ele>
    <time>2025-10-06T17:29:49Z</time>
   </trkpt>
   <trkpt lat="48.1234880" lon="17.1138540">
    <ele>137.2</ele>
    <time>2025-10-06T17:29:50Z</time>
   </trkpt>
   <trkpt lat="48.1234780" lon="17.1138450">
    <ele>137.2</ele>
    <time>2025-10-06T17:29:51Z</time>
   </trkpt>
   <trkpt lat="48.1234700" lon="17.1138320">
    <ele>137.2</ele>
    <time>2025-10-06T17:29:52Z</time>
   </trkpt>
   <trkpt lat="48.1234620" lon="17.1138320">
    <ele>137.2</ele>
    <time>2025-10-06T17:29:53Z</time>
   </trkpt>
   <trkpt lat="48.1234530" lon="17.1138350">
    <ele>137.2</ele>
    <time>2025-10-06T17:29:54Z</time>
   </trkpt>
   <trkpt lat="48.1234500" lon="17.1138400">
    <ele>137.2</ele>
    <time>2025-10-06T17:29:55Z</time>
   </trkpt>
   <trkpt lat="48.1234490" lon="17.1138400">
    <ele>137.2</ele>
    <time>2025-10-06T17:29:56Z</time>
   </trkpt>
   <trkpt lat="48.1234510" lon="17.1138380">
    <ele>137.2</ele>
    <time>2025-10-06T17:29:57Z</time>
   </trkpt>
   <trkpt lat="48.1234510" lon="17.1138380">
    <ele>137.2</ele>
    <time>2025-10-06T17:29:58Z</time>
   </trkpt>
   <trkpt lat="48.1234510" lon="17.1138380">
    <ele>137.2</ele>
    <time>2025-10-06T17:29:59Z</time>
   </trkpt>
   <trkpt lat="48.1234500" lon="17.1138380">
    <ele>137.2</ele>
    <time>2025-10-06T17:30:00Z</time>
   </trkpt>
   <trkpt lat="48.1234500" lon="17.1138370">
    <ele>137.2</ele>
    <time>2025-10-06T17:30:01Z</time>
   </trkpt>
   <trkpt lat="48.1234500" lon="17.1138380">
    <ele>137.2</ele>
    <time>2025-10-06T17:30:02Z</time>
   </trkpt>
   <trkpt lat="48.1234510" lon="17.1138390">
    <ele>137.2</ele>
    <time>2025-10-06T17:30:03Z</time>
   </trkpt>
   <trkpt lat="48.1234510" lon="17.1138400">
    <ele>137.2</ele>
    <time>2025-10-06T17:30:04Z</time>
   </trkpt>
   <trkpt lat="48.1234510" lon="17.1138400">
    <ele>137.2</ele>
    <time>2025-10-06T17:30:05Z</time>
   </trkpt>
   <trkpt lat="48.1234510" lon="17.1138400">
    <ele>137.2</ele>
    <time>2025-10-06T17:30:11Z</time>
   </trkpt>
   <trkpt lat="48.1234510" lon="17.1138400">
    <ele>137.2</ele>
    <time>2025-10-06T17:30:12Z</time>
   </trkpt>
   <trkpt lat="48.1234510" lon="17.1138400">
    <ele>137.2</ele>
    <time>2025-10-06T17:30:13Z</time>
   </trkpt>
   <trkpt lat="48.1234540" lon="17.1138380">
    <ele>137.2</ele>
    <time>2025-10-06T17:30:14Z</time>
   </trkpt>
   <trkpt lat="48.1234560" lon="17.1138400">
    <ele>137.2</ele>
    <time>2025-10-06T17:30:15Z</time>
   </trkpt>
   <trkpt lat="48.1234560" lon="17.1138390">
    <ele>137.2</ele>
    <time>2025-10-06T17:30:16Z</time>
   </trkpt>
   <trkpt lat="48.1234570" lon="17.1138390">
    <ele>137.2</ele>
    <time>2025-10-06T17:30:17Z</time>
   </trkpt>
   <trkpt lat="48.1234570" lon="17.1138390">
    <ele>137.2</ele>
    <time>2025-10-06T17:30:18Z</time>
   </trkpt>
   <trkpt lat="48.1234570" lon="17.1138390">
    <ele>137.2</ele>
    <time>2025-10-06T17:30:19Z</time>
   </trkpt>
   <trkpt lat="48.1234570" lon="17.1138390">
    <ele>137.2</ele>
    <time>2025-10-06T17:30:20Z</time>
   </trkpt>
   <trkpt lat="48.1234570" lon="17.1138390">
    <ele>137.2</ele>
    <time>2025-10-06T17:30:21Z</time>
   </trkpt>
   <trkpt lat="48.1234580" lon="17.1138390">
    <ele>137.2</ele>
    <time>2025-10-06T17:30:22Z</time>
   </trkpt>
   <trkpt lat="48.1234560" lon="17.1138390">
    <ele>137.2</ele>
    <time>2025-10-06T17:30:23Z</time>
   </trkpt>
   <trkpt lat="48.1234530" lon="17.1138400">
    <ele>137.2</ele>
    <time>2025-10-06T17:30:24Z</time>
   </trkpt>
   <trkpt lat="48.1234490" lon="17.1138370">
    <ele>137.2</ele>
    <time>2025-10-06T17:30:25Z</time>
   </trkpt>
   <trkpt lat="48.1234410" lon="17.1138330">
    <ele>137.2</ele>
    <time>2025-10-06T17:30:26Z</time>
   </trkpt>
   <trkpt lat="48.1234340" lon="17.1138220">
    <ele>137.2</ele>
    <time>2025-10-06T17:30:27Z</time>
   </trkpt>
   <trkpt lat="48.1234260" lon="17.1138100">
    <ele>137.2</ele>
    <time>2025-10-06T17:30:28Z</time>
   </trkpt>
   <trkpt lat="48.1234180" lon="17.1138000">
    <ele>137.2</ele>
    <time>2025-10-06T17:30:29Z</time>
   </trkpt>
   <trkpt lat="48.1234130" lon="17.1137850">
    <ele>137.2</ele>
    <time>2025-10-06T17:30:30Z</time>
   </trkpt>
   <trkpt lat="48.1234110" lon="17.1137550">
    <ele>137.2</ele>
    <time>2025-10-06T17:30:31Z</time>
   </trkpt>
   <trkpt lat="48.1234100" lon="17.1137430">
    <ele>137.2</ele>
    <time>2025-10-06T17:30:32Z</time>
   </trkpt>
   <trkpt lat="48.1234100" lon="17.1137220">
    <ele>137.2</ele>
    <time>2025-10-06T17:30:33Z</time>
   </trkpt>
   <trkpt lat="48.1234110" lon="17.1137010">
    <ele>137.2</ele>
    <time>2025-10-06T17:30:34Z</time>
   </trkpt>
   <trkpt lat="48.1234090" lon="17.1136690">
    <ele>137.2</ele>
    <time>2025-10-06T17:30:35Z</time>
   </trkpt>
   <trkpt lat="48.1234060" lon="17.1136580">
    <ele>137.2</ele>
    <time>2025-10-06T17:30:36Z</time>
   </trkpt>
   <trkpt lat="48.1234040" lon="17.1136460">
    <ele>137.2</ele>
    <time>2025-10-06T17:30:37Z</time>
   </trkpt>
   <trkpt lat="48.1233940" lon="17.1136480">
    <ele>137.2</ele>
    <time>2025-10-06T17:30:38Z</time>
   </trkpt>
   <trkpt lat="48.1233890" lon="17.1136600">
    <ele>137.2</ele>
    <time>2025-10-06T17:30:39Z</time>
   </trkpt>
   <trkpt lat="48.1233830" lon="17.1136720">
    <ele>137.2</ele>
    <time>2025-10-06T17:30:40Z</time>
   </trkpt>
   <trkpt lat="48.1233780" lon="17.1136840">
    <ele>137.2</ele>
    <time>2025-10-06T17:30:41Z</time>
   </trkpt>
   <trkpt lat="48.1233750" lon="17.1137100">
    <ele>137.2</ele>
    <time>2025-10-06T17:30:42Z</time>
   </trkpt>
   <trkpt lat="48.1233730" lon="17.1137180">
    <ele>137.2</ele>
    <time>2025-10-06T17:30:43Z</time>
   </trkpt>
   <trkpt lat="48.1233710" lon="17.1137330">
    <ele>137.2</ele>
    <time>2025-10-06T17:30:44Z</time>
   </trkpt>
   <trkpt lat="48.1233710" lon="17.1137630">
    <ele>137.2</ele>
    <time>2025-10-06T17:30:45Z</time>
   </trkpt>
   <trkpt lat="48.1233710" lon="17.1137780">
    <ele>137.2</ele>
    <time>2025-10-06T17:30:46Z</time>
   </trkpt>
   <trkpt lat="48.1233720" lon="17.1137920">
    <ele>137.2</ele>
    <time>2025-10-06T17:30:47Z</time>
   </trkpt>
   <trkpt lat="48.1233690" lon="17.1138230">
    <ele>137.1</ele>
    <time>2025-10-06T17:30:48Z</time>
   </trkpt>
   <trkpt lat="48.1233670" lon="17.1138350">
    <ele>137.1</ele>
    <time>2025-10-06T17:30:49Z</time>
   </trkpt>
   <trkpt lat="48.1233660" lon="17.1138460">
    <ele>137.1</ele>
    <time>2025-10-06T17:30:50Z</time>
   </trkpt>
   <trkpt lat="48.1233640" lon="17.1138620">
    <ele>137.1</ele>
    <time>2025-10-06T17:30:51Z</time>
   </trkpt>
   <trkpt lat="48.1233580" lon="17.1138740">
    <ele>137.1</ele>
    <time>2025-10-06T17:30:52Z</time>
   </trkpt>
   <trkpt lat="48.1233450" lon="17.1138880">
    <ele>137.1</ele>
    <time>2025-10-06T17:30:53Z</time>
   </trkpt>
   <trkpt lat="48.1233070" lon="17.1138950">
    <ele>137.1</ele>
    <time>2025-10-06T17:30:54Z</time>
   </trkpt>
   <trkpt lat="48.1232720" lon="17.1138930">
    <ele>137.1</ele>
    <time>2025-10-06T17:31:00Z</time>
   </trkpt>
   <trkpt lat="48.1232370" lon="17.1138920">
    <ele>137.1</ele>
    <time>2025-10-06T17:31:01Z</time>
   </trkpt>
   <trkpt lat="48.1232350" lon="17.1138960">
    <ele>137.1</ele>
    <time>2025-10-06T17:31:02Z</time>
   </trkpt>
   <trkpt lat="48.1232370" lon="17.1138920">
    <ele>137.1</ele>
    <time>2025-10-06T17:31:04Z</time>
   </trkpt>
   <trkpt lat="48.1232370" lon="17.1138890">
    <ele>137.1</ele>
    <time>2025-10-06T17:31:06Z</time>
   </trkpt>
   <trkpt lat="48.1232370" lon="17.1138870">
    <ele>137.1</ele>
    <time>2025-10-06T17:31:07Z</time>
   </trkpt>
   <trkpt lat="48.1232340" lon="17.1138850">
    <ele>137.1</ele>
    <time>2025-10-06T17:31:08Z</time>
   </trkpt>
   <trkpt lat="48.1232350" lon="17.1138810">
    <ele>137.1</ele>
    <time>2025-10-06T17:31:09Z</time>
   </trkpt>
   <trkpt lat="48.1232350" lon="17.1138790">
    <ele>137.1</ele>
    <time>2025-10-06T17:31:10Z</time>
   </trkpt>
   <trkpt lat="48.1232340" lon="17.1138760">
    <ele>137.1</ele>
    <time>2025-10-06T17:31:11Z</time>
   </trkpt>
   <trkpt lat="48.1232340" lon="17.1138740">
    <ele>137.1</ele>
    <time>2025-10-06T17:31:12Z</time>
   </trkpt>
   <trkpt lat="48.1232330" lon="17.1138720">
    <ele>137.1</ele>
    <time>2025-10-06T17:31:13Z</time>
   </trkpt>
   <trkpt lat="48.1232290" lon="17.1138740">
    <ele>137.1</ele>
    <time>2025-10-06T17:31:14Z</time>
   </trkpt>
   <trkpt lat="48.1232220" lon="17.1138800">
    <ele>137.2</ele>
    <time>2025-10-06T17:31:15Z</time>
   </trkpt>
   <trkpt lat="48.1232100" lon="17.1138980">
    <ele>137.2</ele>
    <time>2025-10-06T17:31:16Z</time>
   </trkpt>
   <trkpt lat="48.1231940" lon="17.1138710">
    <ele>137.2</ele>
    <time>2025-10-06T17:31:17Z</time>
   </trkpt>
   <trkpt lat="48.1231840" lon="17.1138390">
    <ele>137.2</ele>
    <time>2025-10-06T17:31:18Z</time>
   </trkpt>
   <trkpt lat="48.1231750" lon="17.1138060">
    <ele>137.2</ele>
    <time>2025-10-06T17:31:19Z</time>
   </trkpt>
   <trkpt lat="48.1231660" lon="17.1137920">
    <ele>137.2</ele>
    <time>2025-10-06T17:31:20Z</time>
   </trkpt>
   <trkpt lat="48.1231520" lon="17.1137850">
    <ele>137.3</ele>
    <time>2025-10-06T17:31:21Z</time>
   </trkpt>
   <trkpt lat="48.1231180" lon="17.1137840">
    <ele>137.3</ele>
    <time>2025-10-06T17:31:22Z</time>
   </trkpt>
   <trkpt lat="48.1231090" lon="17.1137820">
    <ele>137.3</ele>
    <time>2025-10-06T17:31:23Z</time>
   </trkpt>
   <trkpt lat="48.1230930" lon="17.1137770">
    <ele>137.3</ele>
    <time>2025-10-06T17:31:24Z</time>
   </trkpt>
   <trkpt lat="48.1230800" lon="17.1137730">
    <ele>137.2</ele>
    <time>2025-10-06T17:31:25Z</time>
   </trkpt>
   <trkpt lat="48.1230610" lon="17.1137610">
    <ele>137.2</ele>
    <time>2025-10-06T17:31:26Z</time>
   </trkpt>
   <trkpt lat="48.1230530" lon="17.1137530">
    <ele>137.2</ele>
    <time>2025-10-06T17:31:27Z</time>
   </trkpt>
   <trkpt lat="48.1230460" lon="17.1137460">
    <ele>137.2</ele>
    <time>2025-10-06T17:31:33Z</time>
   </trkpt>
   <trkpt lat="48.1230380" lon="17.1137380">
    <ele>137.2</ele>
    <time>2025-10-06T17:31:34Z</time>
   </trkpt>
   <trkpt lat="48.1230310" lon="17.1137310">
    <ele>137.1</ele>
    <time>2025-10-06T17:31:35Z</time>
   </trkpt>
   <trkpt lat="48.1230230" lon="17.1137230">
    <ele>137.1</ele>
    <time>2025-10-06T17:31:36Z</time>
   </trkpt>
   <trkpt lat="48.1230160" lon="17.1137160">
    <ele>137.1</ele>
    <time>2025-10-06T17:31:37Z</time>
   </trkpt>
   <trkpt lat="48.1229990" lon="17.1136950">
    <ele>137.1</ele>
    <time>2025-10-06T17:31:38Z</time>
   </trkpt>
   <trkpt lat="48.1229940" lon="17.1136870">
    <ele>137.1</ele>
    <time>2025-10-06T17:31:39Z</time>
   </trkpt>
   <trkpt lat="48.1229880" lon="17.1136800">
    <ele>137.1</ele>
    <time>2025-10-06T17:31:40Z</time>
   </trkpt>
   <trkpt lat="48.1229810" lon="17.1136690">
    <ele>137.0</ele>
    <time>2025-10-06T17:31:41Z</time>
   </trkpt>
   <trkpt lat="48.1229800" lon="17.1136660">
    <ele>137.0</ele>
    <time>2025-10-06T17:31:42Z</time>
   </trkpt>
   <trkpt lat="48.1229780" lon="17.1136630">
    <ele>137.0</ele>
    <time>2025-10-06T17:31:43Z</time>
   </trkpt>
   <trkpt lat="48.1229770" lon="17.1136600">
    <ele>137.0</ele>
    <time>2025-10-06T17:31:44Z</time>
   </trkpt>
   <trkpt lat="48.1229760" lon="17.1136570">
    <ele>137.0</ele>
    <time>2025-10-06T17:31:45Z</time>
   </trkpt>
   <trkpt lat="48.1229750" lon="17.1136540">
    <ele>137.0</ele>
    <time>2025-10-06T17:31:46Z</time>
   </trkpt>
   <trkpt lat="48.1229740" lon="17.1136510">
    <ele>137.0</ele>
    <time>2025-10-06T17:31:47Z</time>
   </trkpt>
   <trkpt lat="48.1229720" lon="17.1136480">
    <ele>137.0</ele>
    <time>2025-10-06T17:31:48Z</time>
   </trkpt>
   <trkpt lat="48.1229710" lon="17.1136450">
    <ele>137.0</ele>
    <time>2025-10-06T17:31:49Z</time>
   </trkpt>
   <trkpt lat="48.1229700" lon="17.1136420">
    <ele>137.0</ele>
    <time>2025-10-06T17:31:50Z</time>
   </trkpt>
   <trkpt lat="48.1229690" lon="17.1136390">
    <ele>137.0</ele>
    <time>2025-10-06T17:31:51Z</time>
   </trkpt>
   <trkpt lat="48.1229670" lon="17.1136360">
    <ele>137.0</ele>
    <time>2025-10-06T17:31:52Z</time>
   </trkpt>
   <trkpt lat="48.1229660" lon="17.1136330">
    <ele>137.0</ele>
    <time>2025-10-06T17:31:53Z</time>
   </trkpt>
   <trkpt lat="48.1229650" lon="17.1136300">
    <ele>137.0</ele>
    <time>2025-10-06T17:31:54Z</time>
   </trkpt>
   <trkpt lat="48.1229590" lon="17.1136170">
    <ele>137.0</ele>
    <time>2025-10-06T17:31:55Z</time>
   </trkpt>
   <trkpt lat="48.1229540" lon="17.1136020">
    <ele>137.0</ele>
    <time>2025-10-06T17:31:56Z</time>
   </trkpt>
   <trkpt lat="48.1229470" lon="17.1135880">
    <ele>137.0</ele>
    <time>2025-10-06T17:31:57Z</time>
   </trkpt>
   <trkpt lat="48.1229210" lon="17.1135530">
    <ele>136.9</ele>
    <time>2025-10-06T17:31:58Z</time>
   </trkpt>
   <trkpt lat="48.1229030" lon="17.1135340">
    <ele>136.9</ele>
    <time>2025-10-06T17:31:59Z</time>
   </trkpt>
   <trkpt lat="48.1228840" lon="17.1135150">
    <ele>136.9</ele>
    <time>2025-10-06T17:32:05Z</time>
   </trkpt>
   <trkpt lat="48.1228660" lon="17.1134960">
    <ele>136.9</ele>
    <time>2025-10-06T17:32:06Z</time>
   </trkpt>
   <trkpt lat="48.1228570" lon="17.1134990">
    <ele>136.9</ele>
    <time>2025-10-06T17:32:07Z</time>
   </trkpt>
   <trkpt lat="48.1228470" lon="17.1134810">
    <ele>136.8</ele>
    <time>2025-10-06T17:32:08Z</time>
   </trkpt>
   <trkpt lat="48.1228380" lon="17.1134610">
    <ele>136.8</ele>
    <time>2025-10-06T17:32:09Z</time>
   </trkpt>
   <trkpt lat="48.1228320" lon="17.1134440">
    <ele>136.8</ele>
    <time>2025-10-06T17:32:10Z</time>
   </trkpt>
   <trkpt lat="48.1228260" lon="17.1134300">
    <ele>136.8</ele>
    <time>2025-10-06T17:32:11Z</time>
   </trkpt>
   <trkpt lat="48.1228220" lon="17.1134200">
    <ele>136.8</ele>
    <time>2025-10-06T17:32:12Z</time>
   </trkpt>
   <trkpt lat="48.1228180" lon="17.1134170">
    <ele>136.8</ele>
    <time>2025-10-06T17:32:13Z</time>
   </trkpt>
   <trkpt lat="48.1228140" lon="17.1134140">
    <ele>136.8</ele>
    <time>2025-10-06T17:32:14Z</time>
   </trkpt>
   <trkpt lat="48.1228090" lon="17.1134100">
    <ele>136.8</ele>
    <time>2025-10-06T17:32:16Z</time>
   </trkpt>
   <trkpt lat="48.1228050" lon="17.1134060">
    <ele>136.8</ele>
    <time>2025-10-06T17:32:17Z</time>
   </trkpt>
   <trkpt lat="48.1228010" lon="17.1134030">
    <ele>136.8</ele>
    <time>2025-10-06T17:32:18Z</time>
   </trkpt>
   <trkpt lat="48.1227970" lon="17.1133990">
    <ele>136.8</ele>
    <time>2025-10-06T17:32:19Z</time>
   </trkpt>
   <trkpt lat="48.1227920" lon="17.1133960">
    <ele>136.8</ele>
    <time>2025-10-06T17:32:20Z</time>
   </trkpt>
   <trkpt lat="48.1227880" lon="17.1133920">
    <ele>136.8</ele>
    <time>2025-10-06T17:32:21Z</time>
   </trkpt>
   <trkpt lat="48.1227760" lon="17.1133900">
    <ele>136.8</ele>
    <time>2025-10-06T17:32:22Z</time>
   </trkpt>
   <trkpt lat="48.1227690" lon="17.1133870">
    <ele>136.8</ele>
    <time>2025-10-06T17:32:23Z</time>
   </trkpt>
   <trkpt lat="48.1227620" lon="17.1133860">
    <ele>136.8</ele>
    <time>2025-10-06T17:32:24Z</time>
   </trkpt>
   <trkpt lat="48.1227560" lon="17.1133880">
    <ele>136.7</ele>
    <time>2025-10-06T17:32:25Z</time>
   </trkpt>
   <trkpt lat="48.1227540" lon="17.1133880">
    <ele>136.7</ele>
    <time>2025-10-06T17:32:26Z</time>
   </trkpt>
   <trkpt lat="48.1227530" lon="17.1133880">
    <ele>136.7</ele>
    <time>2025-10-06T17:32:27Z</time>
   </trkpt>
   <trkpt lat="48.1227520" lon="17.1133870">
    <ele>136.7</ele>
    <time>2025-10-06T17:32:28Z</time>
   </trkpt>
   <trkpt lat="48.1227510" lon="17.1133860">
    <ele>136.7</ele>
    <time>2025-10-06T17:32:29Z</time>
   </trkpt>
   <trkpt lat="48.1227510" lon="17.1133850">
    <ele>136.7</ele>
    <time>2025-10-06T17:32:30Z</time>
   </trkpt>
   <trkpt lat="48.1227520" lon="17.1133840">
    <ele>136.7</ele>
    <time>2025-10-06T17:32:31Z</time>
   </trkpt>
   <trkpt lat="48.1227530" lon="17.1133830">
    <ele>136.7</ele>
    <time>2025-10-06T17:32:32Z</time>
   </trkpt>
   <trkpt lat="48.1227530" lon="17.1133820">
    <ele>136.7</ele>
    <time>2025-10-06T17:32:33Z</time>
   </trkpt>
   <trkpt lat="48.1227530" lon="17.1133810">
    <ele>136.7</ele>
    <time>2025-10-06T17:32:34Z</time>
   </trkpt>
   <trkpt lat="48.1227530" lon="17.1133800">
    <ele>136.7</ele>
    <time>2025-10-06T17:32:35Z</time>
   </trkpt>
   <trkpt lat="48.1227530" lon="17.1133800">
    <ele>136.7</ele>
    <time>2025-10-06T17:32:36Z</time>
   </trkpt>
   <trkpt lat="48.1227530" lon="17.1133790">
    <ele>136.7</ele>
    <time>2025-10-06T17:32:37Z</time>
   </trkpt>
   <trkpt lat="48.1227530" lon="17.1133780">
    <ele>136.7</ele>
    <time>2025-10-06T17:32:38Z</time>
   </trkpt>
   <trkpt lat="48.1227520" lon="17.1133780">
    <ele>136.7</ele>
    <time>2025-10-06T17:32:39Z</time>
   </trkpt>
   <trkpt lat="48.1227520" lon="17.1133770">
    <ele>136.7</ele>
    <time>2025-10-06T17:32:40Z</time>
   </trkpt>
   <trkpt lat="48.1227510" lon="17.1133760">
    <ele>136.7</ele>
    <time>2025-10-06T17:32:41Z</time>
   </trkpt>
   <trkpt lat="48.1227510" lon="17.1133770">
    <ele>136.7</ele>
    <time>2025-10-06T17:32:42Z</time>
   </trkpt>
   <trkpt lat="48.1227520" lon="17.1133730">
    <ele>136.7</ele>
    <time>2025-10-06T17:32:43Z</time>
   </trkpt>
   <trkpt lat="48.1227530" lon="17.1133720">
    <ele>136.7</ele>
    <time>2025-10-06T17:32:44Z</time>
   </trkpt>
   <trkpt lat="48.1227530" lon="17.1133720">
    <ele>136.7</ele>
    <time>2025-10-06T17:32:45Z</time>
   </trkpt>
   <trkpt lat="48.1227530" lon="17.1133720">
    <ele>136.7</ele>
    <time>2025-10-06T17:32:46Z</time>
   </trkpt>
   <trkpt lat="48.1227530" lon="17.1133720">
    <ele>136.7</ele>
    <time>2025-10-06T17:32:47Z</time>
   </trkpt>
   <trkpt lat="48.1227530" lon="17.1133720">
    <ele>136.7</ele>
    <time>2025-10-06T17:32:48Z</time>
   </trkpt>
   <trkpt lat="48.1227530" lon="17.1133720">
    <ele>136.7</ele>
    <time>2025-10-06T17:32:49Z</time>
   </trkpt>
   <trkpt lat="48.1227530" lon="17.1133720">
    <ele>136.7</ele>
    <time>2025-10-06T17:32:50Z</time>
   </trkpt>
   <trkpt lat="48.1227530" lon="17.1133720">
    <ele>136.7</ele>
    <time>2025-10-06T17:32:51Z</time>
   </trkpt>
   <trkpt lat="48.1227550" lon="17.1133610">
    <ele>136.7</ele>
    <time>2025-10-06T17:32:52Z</time>
   </trkpt>
   <trkpt lat="48.1227580" lon="17.1133720">
    <ele>136.7</ele>
    <time>2025-10-06T17:32:53Z</time>
   </trkpt>
   <trkpt lat="48.1227610" lon="17.1133860">
    <ele>136.7</ele>
    <time>2025-10-06T17:32:54Z</time>
   </trkpt>
   <trkpt lat="48.1227620" lon="17.1133890">
    <ele>136.7</ele>
    <time>2025-10-06T17:32:55Z</time>
   </trkpt>
   <trkpt lat="48.1227620" lon="17.1133890">
    <ele>136.7</ele>
    <time>2025-10-06T17:32:56Z</time>
   </trkpt>
   <trkpt lat="48.1227620" lon="17.1133890">
    <ele>136.7</ele>
    <time>2025-10-06T17:32:58Z</time>
   </trkpt>
   <trkpt lat="48.1227620" lon="17.1133890">
    <ele>136.7</ele>
    <time>2025-10-06T17:32:59Z</time>
   </trkpt>
   <trkpt lat="48.1227620" lon="17.1133890">
    <ele>136.7</ele>
    <time>2025-10-06T17:33:00Z</time>
   </trkpt>
   <trkpt lat="48.1227650" lon="17.1133890">
    <ele>136.7</ele>
    <time>2025-10-06T17:33:01Z</time>
   </trkpt>
   <trkpt lat="48.1227660" lon="17.1133880">
    <ele>136.7</ele>
    <time>2025-10-06T17:33:02Z</time>
   </trkpt>
   <trkpt lat="48.1227670" lon="17.1133880">
    <ele>136.7</ele>
    <time>2025-10-06T17:33:03Z</time>
   </trkpt>
   <trkpt lat="48.1227670" lon="17.1133870">
    <ele>136.7</ele>
    <time>2025-10-06T17:33:04Z</time>
   </trkpt>
   <trkpt lat="48.1227660" lon="17.1133880">
    <ele>136.7</ele>
    <time>2025-10-06T17:33:05Z</time>
   </trkpt>
   <trkpt lat="48.1227640" lon="17.1133860">
    <ele>136.7</ele>
    <time>2025-10-06T17:33:06Z</time>
   </trkpt>
   <trkpt lat="48.1227630" lon="17.1133870">
    <ele>136.7</ele>
    <time>2025-10-06T17:33:07Z</time>
   </trkpt>
   <trkpt lat="48.1227640" lon="17.1133870">
    <ele>136.7</ele>
    <time>2025-10-06T17:33:08Z</time>
   </trkpt>
   <trkpt lat="48.1227640" lon="17.1133860">
    <ele>136.7</ele>
    <time>2025-10-06T17:33:09Z</time>
   </trkpt>
   <trkpt lat="48.1227630" lon="17.1133860">
    <ele>136.7</ele>
    <time>2025-10-06T17:33:10Z</time>
   </trkpt>
   <trkpt lat="48.1227630" lon="17.1133860">
    <ele>136.7</ele>
    <time>2025-10-06T17:33:11Z</time>
   </trkpt>
   <trkpt lat="48.1227630" lon="17.1133860">
    <ele>136.7</ele>
    <time>2025-10-06T17:33:12Z</time>
   </trkpt>
   <trkpt lat="48.1227630" lon="17.1133860">
    <ele>136.7</ele>
    <time>2025-10-06T17:33:13Z</time>
   </trkpt>
   <trkpt lat="48.1227620" lon="17.1133860">
    <ele>136.7</ele>
    <time>2025-10-06T17:33:14Z</time>
   </trkpt>
   <trkpt lat="48.1227610" lon="17.1133860">
    <ele>136.7</ele>
    <time>2025-10-06T17:33:15Z</time>
   </trkpt>
   <trkpt lat="48.1227630" lon="17.1133860">
    <ele>136.7</ele>
    <time>2025-10-06T17:33:16Z</time>
   </trkpt>
   <trkpt lat="48.1227630" lon="17.1133860">
    <ele>136.7</ele>
    <time>2025-10-06T17:33:17Z</time>
   </trkpt>
   <trkpt lat="48.1227610" lon="17.1133860">
    <ele>136.7</ele>
    <time>2025-10-06T17:33:18Z</time>
   </trkpt>
   <trkpt lat="48.1227610" lon="17.1133870">
    <ele>136.7</ele>
    <time>2025-10-06T17:33:19Z</time>
   </trkpt>
   <trkpt lat="48.1227610" lon="17.1133870">
    <ele>136.7</ele>
    <time>2025-10-06T17:33:20Z</time>
   </trkpt>
   <trkpt lat="48.1227610" lon="17.1133870">
    <ele>136.7</ele>
    <time>2025-10-06T17:33:21Z</time>
   </trkpt>
   <trkpt lat="48.1227710" lon="17.1133770">
    <ele>136.7</ele>
    <time>2025-10-06T17:33:22Z</time>
   </trkpt>
   <trkpt lat="48.1227640" lon="17.1133840">
    <ele>136.7</ele>
    <time>2025-10-06T17:33:23Z</time>
   </trkpt>
   <trkpt lat="48.1227650" lon="17.1133830">
    <ele>136.7</ele>
    <time>2025-10-06T17:33:24Z</time>
   </trkpt>
   <trkpt lat="48.1227680" lon="17.1133810">
    <ele>136.7</ele>
    <time>2025-10-06T17:33:25Z</time>
   </trkpt>
   <trkpt lat="48.1227700" lon="17.1133800">
    <ele>136.7</ele>
    <time>2025-10-06T17:33:26Z</time>
   </trkpt>
   <trkpt lat="48.1227740" lon="17.1133760">
    <ele>136.7</ele>
    <time>2025-10-06T17:33:27Z</time>
   </trkpt>
   <trkpt lat="48.1227750" lon="17.1133720">
    <ele>136.7</ele>
    <time>2025-10-06T17:33:28Z</time>
   </trkpt>
   <trkpt lat="48.1227720" lon="17.1133660">
    <ele>136.7</ele>
    <time>2025-10-06T17:33:29Z</time>
   </trkpt>
   <trkpt lat="48.1227620" lon="17.1133590">
    <ele>136.7</ele>
    <time>2025-10-06T17:33:30Z</time>
   </trkpt>
   <trkpt lat="48.1227520" lon="17.1133580">
    <ele>136.7</ele>
    <time>2025-10-06T17:33:31Z</time>
   </trkpt>
   <trkpt lat="48.1227430" lon="17.1133530">
    <ele>136.7</ele>
    <time>2025-10-06T17:33:32Z</time>
   </trkpt>
   <trkpt lat="48.1227260" lon="17.1133390">
    <ele>136.6</ele>
    <time>2025-10-06T17:33:33Z</time>
   </trkpt>
   <trkpt lat="48.1227170" lon="17.1133320">
    <ele>136.6</ele>
    <time>2025-10-06T17:33:34Z</time>
   </trkpt>
   <trkpt lat="48.1227070" lon="17.1133240">
    <ele>136.6</ele>
    <time>2025-10-06T17:33:35Z</time>
   </trkpt>
   <trkpt lat="48.1226880" lon="17.1133070">
    <ele>136.6</ele>
    <time>2025-10-06T17:33:36Z</time>
   </trkpt>
   <trkpt lat="48.1226800" lon="17.1133010">
    <ele>136.6</ele>
    <time>2025-10-06T17:33:37Z</time>
   </trkpt>
   <trkpt lat="48.1226720" lon="17.1132940">
    <ele>136.6</ele>
    <time>2025-10-06T17:33:38Z</time>
   </trkpt>
   <trkpt lat="48.1226370" lon="17.1132470">
    <ele>136.6</ele>
    <time>2025-10-06T17:33:44Z</time>
   </trkpt>
   <trkpt lat="48.1226370" lon="17.1132450">
    <ele>136.6</ele>
    <time>2025-10-06T17:33:45Z</time>
   </trkpt>
   <trkpt lat="48.1226370" lon="17.1132440">
    <ele>136.6</ele>
    <time>2025-10-06T17:33:47Z</time>
   </trkpt>
   <trkpt lat="48.1226370" lon="17.1132460">
    <ele>136.6</ele>
    <time>2025-10-06T17:33:48Z</time>
   </trkpt>
   <trkpt lat="48.1226270" lon="17.1132290">
    <ele>136.6</ele>
    <time>2025-10-06T17:33:49Z</time>
   </trkpt>
   <trkpt lat="48.1226160" lon="17.1132110">
    <ele>136.6</ele>
    <time>2025-10-06T17:33:50Z</time>
   </trkpt>
   <trkpt lat="48.1226130" lon="17.1131990">
    <ele>136.6</ele>
    <time>2025-10-06T17:33:51Z</time>
   </trkpt>
   <trkpt lat="48.1226100" lon="17.1131890">
    <ele>136.5</ele>
    <time>2025-10-06T17:33:52Z</time>
   </trkpt>
   <trkpt lat="48.1226030" lon="17.1131660">
    <ele>136.5</ele>
    <time>2025-10-06T17:33:53Z</time>
   </trkpt>
   <trkpt lat="48.1225900" lon="17.1131590">
    <ele>136.5</ele>
    <time>2025-10-06T17:33:54Z</time>
   </trkpt>
   <trkpt lat="48.1225750" lon="17.1131570">
    <ele>136.5</ele>
    <time>2025-10-06T17:33:55Z</time>
   </trkpt>
   <trkpt lat="48.1225640" lon="17.1131570">
    <ele>136.5</ele>
    <time>2025-10-06T17:33:56Z</time>
   </trkpt>
   <trkpt lat="48.1225570" lon="17.1131570">
    <ele>136.5</ele>
    <time>2025-10-06T17:33:57Z</time>
   </trkpt>
   <trkpt lat="48.1225530" lon="17.1131590">
    <ele>136.5</ele>
    <time>2025-10-06T17:33:58Z</time>
   </trkpt>
   <trkpt lat="48.1225510" lon="17.1131650">
    <ele>136.5</ele>
    <time>2025-10-06T17:33:59Z</time>
   </trkpt>
   <trkpt lat="48.1225520" lon="17.1131650">
    <ele>136.5</ele>
    <time>2025-10-06T17:34:00Z</time>
   </trkpt>
   <trkpt lat="48.1225540" lon="17.1131640">
    <ele>136.5</ele>
    <time>2025-10-06T17:34:01Z</time>
   </trkpt>
   <trkpt lat="48.1225550" lon="17.1131630">
    <ele>136.5</ele>
    <time>2025-10-06T17:34:02Z</time>
   </trkpt>
   <trkpt lat="48.1225560" lon="17.1131600">
    <ele>136.5</ele>
    <time>2025-10-06T17:34:03Z</time>
   </trkpt>
   <trkpt lat="48.1225570" lon="17.1131580">
    <ele>136.5</ele>
    <time>2025-10-06T17:34:04Z</time>
   </trkpt>
   <trkpt lat="48.1225580" lon="17.1131560">
    <ele>136.5</ele>
    <time>2025-10-06T17:34:05Z</time>
   </trkpt>
   <trkpt lat="48.1225580" lon="17.1131550">
    <ele>136.5</ele>
    <time>2025-10-06T17:34:06Z</time>
   </trkpt>
   <trkpt lat="48.1225590" lon="17.1131540">
    <ele>136.5</ele>
    <time>2025-10-06T17:34:07Z</time>
   </trkpt>
   <trkpt lat="48.1225600" lon="17.1131520">
    <ele>136.5</ele>
    <time>2025-10-06T17:34:08Z</time>
   </trkpt>
   <trkpt lat="48.1225590" lon="17.1131510">
    <ele>136.5</ele>
    <time>2025-10-06T17:34:09Z</time>
   </trkpt>
   <trkpt lat="48.1225600" lon="17.1131510">
    <ele>136.5</ele>
    <time>2025-10-06T17:34:10Z</time>
   </trkpt>
   <trkpt lat="48.1225590" lon="17.1131500">
    <ele>136.5</ele>
    <time>2025-10-06T17:34:11Z</time>
   </trkpt>
   <trkpt lat="48.1225590" lon="17.1131500">
    <ele>136.5</ele>
    <time>2025-10-06T17:34:12Z</time>
   </trkpt>
   <trkpt lat="48.1225590" lon="17.1131500">
    <ele>136.5</ele>
    <time>2025-10-06T17:34:13Z</time>
   </trkpt>
   <trkpt lat="48.1225590" lon="17.1131550">
    <ele>136.5</ele>
    <time>2025-10-06T17:34:14Z</time>
   </trkpt>
   <trkpt lat="48.1225610" lon="17.1131590">
    <ele>136.5</ele>
    <time>2025-10-06T17:34:15Z</time>
   </trkpt>
   <trkpt lat="48.1225620" lon="17.1131580">
    <ele>136.5</ele>
    <time>2025-10-06T17:34:16Z</time>
   </trkpt>
   <trkpt lat="48.1225620" lon="17.1131570">
    <ele>136.5</ele>
    <time>2025-10-06T17:34:17Z</time>
   </trkpt>
   <trkpt lat="48.1225620" lon="17.1131570">
    <ele>136.5</ele>
    <time>2025-10-06T17:34:18Z</time>
   </trkpt>
   <trkpt lat="48.1225630" lon="17.1131560">
    <ele>136.5</ele>
    <time>2025-10-06T17:34:19Z</time>
   </trkpt>
   <trkpt lat="48.1225640" lon="17.1131550">
    <ele>136.5</ele>
    <time>2025-10-06T17:34:20Z</time>
   </trkpt>
   <trkpt lat="48.1225640" lon="17.1131550">
    <ele>136.5</ele>
    <time>2025-10-06T17:34:21Z</time>
   </trkpt>
   <trkpt lat="48.1225640" lon="17.1131550">
    <ele>136.5</ele>
    <time>2025-10-06T17:34:22Z</time>
   </trkpt>
   <trkpt lat="48.1225640" lon="17.1131550">
    <ele>136.5</ele>
    <time>2025-10-06T17:34:23Z</time>
   </trkpt>
   <trkpt lat="48.1225640" lon="17.1131550">
    <ele>136.5</ele>
    <time>2025-10-06T17:34:24Z</time>
   </trkpt>
   <trkpt lat="48.1225640" lon="17.1131550">
    <ele>136.5</ele>
    <time>2025-10-06T17:34:25Z</time>
   </trkpt>
   <trkpt lat="48.1225640" lon="17.1131550">
    <ele>136.5</ele>
    <time>2025-10-06T17:34:26Z</time>
   </trkpt>
   <trkpt lat="48.1225640" lon="17.1131550">
    <ele>136.5</ele>
    <time>2025-10-06T17:34:27Z</time>
   </trkpt>
   <trkpt lat="48.1225640" lon="17.1131550">
    <ele>136.5</ele>
    <time>2025-10-06T17:34:28Z</time>
   </trkpt>
   <trkpt lat="48.1225640" lon="17.1131550">
    <ele>136.5</ele>
    <time>2025-10-06T17:34:29Z</time>
   </trkpt>
   <trkpt lat="48.1225640" lon="17.1131550">
    <ele>136.5</ele>
    <time>2025-10-06T17:34:30Z</time>
   </trkpt>
   <trkpt lat="48.1225690" lon="17.1131550">
    <ele>136.5</ele>
    <time>2025-10-06T17:34:31Z</time>
   </trkpt>
   <trkpt lat="48.1225720" lon="17.1131510">
    <ele>136.5</ele>
    <time>2025-10-06T17:34:32Z</time>
   </trkpt>
   <trkpt lat="48.1225750" lon="17.1131460">
    <ele>136.5</ele>
    <time>2025-10-06T17:34:33Z</time>
   </trkpt>
   <trkpt lat="48.1225740" lon="17.1131450">
    <ele>136.5</ele>
    <time>2025-10-06T17:34:34Z</time>
   </trkpt>
   <trkpt lat="48.1225740" lon="17.1131450">
    <ele>136.5</ele>
    <time>2025-10-06T17:34:35Z</time>
   </trkpt>
   <trkpt lat="48.1225730" lon="17.1131450">
    <ele>136.5</ele>
    <time>2025-10-06T17:34:36Z</time>
   </trkpt>
   <trkpt lat="48.1225730" lon="17.1131450">
    <ele>136.5</ele>
    <time>2025-10-06T17:34:37Z</time>
   </trkpt>
   <trkpt lat="48.1225730" lon="17.1131450">
    <ele>136.5</ele>
    <time>2025-10-06T17:34:38Z</time>
   </trkpt>
   <trkpt lat="48.1225730" lon="17.1131450">
    <ele>136.5</ele>
    <time>2025-10-06T17:34:39Z</time>
   </trkpt>
   <trkpt lat="48.1225730" lon="17.1131450">
    <ele>136.5</ele>
    <time>2025-10-06T17:34:40Z</time>
   </trkpt>
   <trkpt lat="48.1225730" lon="17.1131450">
    <ele>136.5</ele>
    <time>2025-10-06T17:34:41Z</time>
   </trkpt>
   <trkpt lat="48.1225660" lon="17.1131430">
    <ele>136.5</ele>
    <time>2025-10-06T17:34:42Z</time>
   </trkpt>
   <trkpt lat="48.1225670" lon="17.1131440">
    <ele>136.5</ele>
    <time>2025-10-06T17:34:43Z</time>
   </trkpt>
   <trkpt lat="48.1225680" lon="17.1131440">
    <ele>136.5</ele>
    <time>2025-10-06T17:34:44Z</time>
   </trkpt>
   <trkpt lat="48.1225680" lon="17.1131440">
    <ele>136.5</ele>
    <time>2025-10-06T17:34:45Z</time>
   </trkpt>
   <trkpt lat="48.1225680" lon="17.1131440">
    <ele>136.5</ele>
    <time>2025-10-06T17:34:46Z</time>
   </trkpt>
   <trkpt lat="48.1225680" lon="17.1131440">
    <ele>136.5</ele>
    <time>2025-10-06T17:34:47Z</time>
   </trkpt>
   <trkpt lat="48.1225680" lon="17.1131440">
    <ele>136.5</ele>
    <time>2025-10-06T17:34:48Z</time>
   </trkpt>
   <trkpt lat="48.1225680" lon="17.1131440">
    <ele>136.5</ele>
    <time>2025-10-06T17:34:49Z</time>
   </trkpt>
   <trkpt lat="48.1225680" lon="17.1131440">
    <ele>136.5</ele>
    <time>2025-10-06T17:34:50Z</time>
   </trkpt>
   <trkpt lat="48.1225680" lon="17.1131440">
    <ele>136.5</ele>
    <time>2025-10-06T17:34:51Z</time>
   </trkpt>
   <trkpt lat="48.1225680" lon="17.1131440">
    <ele>136.5</ele>
    <time>2025-10-06T17:34:52Z</time>
   </trkpt>
   <trkpt lat="48.1225680" lon="17.1131440">
    <ele>136.5</ele>
    <time>2025-10-06T17:34:53Z</time>
   </trkpt>
   <trkpt lat="48.1225680" lon="17.1131440">
    <ele>136.5</ele>
    <time>2025-10-06T17:34:54Z</time>
   </trkpt>
   <trkpt lat="48.1225680" lon="17.1131440">
    <ele>136.5</ele>
    <time>2025-10-06T17:34:55Z</time>
   </trkpt>
   <trkpt lat="48.1225680" lon="17.1131440">
    <ele>136.5</ele>
    <time>2025-10-06T17:34:56Z</time>
   </trkpt>
   <trkpt lat="48.1225680" lon="17.1131440">
    <ele>136.5</ele>
    <time>2025-10-06T17:34:57Z</time>
   </trkpt>
   <trkpt lat="48.1225680" lon="17.1131440">
    <ele>136.5</ele>
    <time>2025-10-06T17:34:58Z</time>
   </trkpt>
   <trkpt lat="48.1225680" lon="17.1131440">
    <ele>136.5</ele>
    <time>2025-10-06T17:34:59Z</time>
   </trkpt>
   <trkpt lat="48.1225570" lon="17.1131390">
    <ele>136.5</ele>
    <time>2025-10-06T17:35:00Z</time>
   </trkpt>
   <trkpt lat="48.1225570" lon="17.1131380">
    <ele>136.5</ele>
    <time>2025-10-06T17:35:01Z</time>
   </trkpt>
   <trkpt lat="48.1225570" lon="17.1131380">
    <ele>136.5</ele>
    <time>2025-10-06T17:35:02Z</time>
   </trkpt>
   <trkpt lat="48.1225570" lon="17.1131380">
    <ele>136.5</ele>
    <time>2025-10-06T17:35:03Z</time>
   </trkpt>
   <trkpt lat="48.1225560" lon="17.1131380">
    <ele>136.5</ele>
    <time>2025-10-06T17:35:04Z</time>
   </trkpt>
   <trkpt lat="48.1225560" lon="17.1131380">
    <ele>136.5</ele>
    <time>2025-10-06T17:35:05Z</time>
   </trkpt>
   <trkpt lat="48.1225560" lon="17.1131380">
    <ele>136.5</ele>
    <time>2025-10-06T17:35:06Z</time>
   </trkpt>
   <trkpt lat="48.1225560" lon="17.1131380">
    <ele>136.5</ele>
    <time>2025-10-06T17:35:07Z</time>
   </trkpt>
   <trkpt lat="48.1225560" lon="17.1131380">
    <ele>136.5</ele>
    <time>2025-10-06T17:35:08Z</time>
   </trkpt>
   <trkpt lat="48.1225560" lon="17.1131380">
    <ele>136.5</ele>
    <time>2025-10-06T17:35:09Z</time>
   </trkpt>
   <trkpt lat="48.1225560" lon="17.1131380">
    <ele>136.5</ele>
    <time>2025-10-06T17:35:10Z</time>
   </trkpt>
   <trkpt lat="48.1225560" lon="17.1131380">
    <ele>136.5</ele>
    <time>2025-10-06T17:35:11Z</time>
   </trkpt>
   <trkpt lat="48.1225560" lon="17.1131380">
    <ele>136.5</ele>
    <time>2025-10-06T17:35:12Z</time>
   </trkpt>
   <trkpt lat="48.1225560" lon="17.1131380">
    <ele>136.5</ele>
    <time>2025-10-06T17:35:13Z</time>
   </trkpt>
   <trkpt lat="48.1225560" lon="17.1131380">
    <ele>136.5</ele>
    <time>2025-10-06T17:35:14Z</time>
   </trkpt>
   <trkpt lat="48.1225560" lon="17.1131380">
    <ele>136.5</ele>
    <time>2025-10-06T17:35:15Z</time>
   </trkpt>
   <trkpt lat="48.1225560" lon="17.1131380">
    <ele>136.5</ele>
    <time>2025-10-06T17:35:16Z</time>
   </trkpt>
   <trkpt lat="48.1225560" lon="17.1131380">
    <ele>136.5</ele>
    <time>2025-10-06T17:35:17Z</time>
   </trkpt>
   <trkpt lat="48.1225560" lon="17.1131380">
    <ele>136.5</ele>
    <time>2025-10-06T17:35:18Z</time>
   </trkpt>
   <trkpt lat="48.1225750" lon="17.1131460">
    <ele>136.5</ele>
    <time>2025-10-06T17:35:19Z</time>
   </trkpt>
   <trkpt lat="48.1225780" lon="17.1131420">
    <ele>136.5</ele>
    <time>2025-10-06T17:35:20Z</time>
   </trkpt>
   <trkpt lat="48.1225820" lon="17.1131360">
    <ele>136.5</ele>
    <time>2025-10-06T17:35:21Z</time>
   </trkpt>
   <trkpt lat="48.1225830" lon="17.1131350">
    <ele>136.5</ele>
    <time>2025-10-06T17:35:22Z</time>
   </trkpt>
   <trkpt lat="48.1225840" lon="17.1131350">
    <ele>136.5</ele>
    <time>2025-10-06T17:35:23Z</time>
   </trkpt>
   <trkpt lat="48.1225850" lon="17.1131350">
    <ele>136.5</ele>
    <time>2025-10-06T17:35:24Z</time>
   </trkpt>
   <trkpt lat="48.1225860" lon="17.1131350">
    <ele>136.5</ele>
    <time>2025-10-06T17:35:25Z</time>
   </trkpt>
   <trkpt lat="48.1225870" lon="17.1131350">
    <ele>136.5</ele>
    <time>2025-10-06T17:35:26Z</time>
   </trkpt>
   <trkpt lat="48.1225880" lon="17.1131350">
    <ele>136.5</ele>
    <time>2025-10-06T17:35:27Z</time>
   </trkpt>
   <trkpt lat="48.1225890" lon="17.1131350">
    <ele>136.5</ele>
    <time>2025-10-06T17:35:28Z</time>
   </trkpt>
   <trkpt lat="48.1225890" lon="17.1131350">
    <ele>136.5</ele>
    <time>2025-10-06T17:35:29Z</time>
   </trkpt>
   <trkpt lat="48.1225900" lon="17.1131350">
    <ele>136.5</ele>
    <time>2025-10-06T17:35:30Z</time>
   </trkpt>
   <trkpt lat="48.1225910" lon="17.1131350">
    <ele>136.5</ele>
    <time>2025-10-06T17:35:31Z</time>
   </trkpt>
   <trkpt lat="48.1225920" lon="17.1131350">
    <ele>136.5</ele>
    <time>2025-10-06T17:35:32Z</time>
   </trkpt>
   <trkpt lat="48.1225930" lon="17.1131350">
    <ele>136.5</ele>
    <time>2025-10-06T17:35:33Z</time>
   </trkpt>
   <trkpt lat="48.1225940" lon="17.1131350">
    <ele>136.5</ele>
    <time>2025-10-06T17:35:34Z</time>
   </trkpt>
   <trkpt lat="48.1225950" lon="17.1131350">
    <ele>136.5</ele>
    <time>2025-10-06T17:35:35Z</time>
   </trkpt>
   <trkpt lat="48.1225960" lon="17.1131350">
    <ele>136.5</ele>
    <time>2025-10-06T17:35:36Z</time>
   </trkpt>
   <trkpt lat="48.1225970" lon="17.1131350">
    <ele>136.5</ele>
    <time>2025-10-06T17:35:37Z</time>
   </trkpt>
   <trkpt lat="48.1225980" lon="17.1131350">
    <ele>136.5</ele>
    <time>2025-10-06T17:35:38Z</time>
   </trkpt>
   <trkpt lat="48.1225990" lon="17.1131350">
    <ele>136.5</ele>
    <time>2025-10-06T17:35:39Z</time>
   </trkpt>
   <trkpt lat="48.1226000" lon="17.1131350">
    <ele>136.5</ele>
    <time>2025-10-06T17:35:40Z</time>
   </trkpt>
   <trkpt lat="48.1226010" lon="17.1131350">
    <ele>136.5</ele>
    <time>2025-10-06T17:35:41Z</time>
   </trkpt>
   <trkpt lat="48.1226020" lon="17.1131350">
    <ele>136.5</ele>
    <time>2025-10-06T17:35:42Z</time>
   </trkpt>
   <trkpt lat="48.1226020" lon="17.1131340">
    <ele>136.5</ele>
    <time>2025-10-06T17:35:43Z</time>
   </trkpt>
   <trkpt lat="48.1226030" lon="17.1131340">
    <ele>136.5</ele>
    <time>2025-10-06T17:35:44Z</time>
   </trkpt>
   <trkpt lat="48.1226040" lon="17.1131340">
    <ele>136.5</ele>
    <time>2025-10-06T17:35:45Z</time>
   </trkpt>
   <trkpt lat="48.1226050" lon="17.1131340">
    <ele>136.5</ele>
    <time>2025-10-06T17:35:46Z</time>
   </trkpt>
   <trkpt lat="48.1226060" lon="17.1131340">
    <ele>136.5</ele>
    <time>2025-10-06T17:35:47Z</time>
   </trkpt>
   <trkpt lat="48.1226070" lon="17.1131340">
    <ele>136.5</ele>
    <time>2025-10-06T17:35:48Z</time>
   </trkpt>
   <trkpt lat="48.1226080" lon="17.1131340">
    <ele>136.5</ele>
    <time>2025-10-06T17:35:49Z</time>
   </trkpt>
   <trkpt lat="48.1226090" lon="17.1131340">
    <ele>136.5</ele>
    <time>2025-10-06T17:35:50Z</time>
   </trkpt>
   <trkpt lat="48.1226100" lon="17.1131340">
    <ele>136.5</ele>
    <time>2025-10-06T17:35:51Z</time>
   </trkpt>
   <trkpt lat="48.1226110" lon="17.1131340">
    <ele>136.5</ele>
    <time>2025-10-06T17:35:52Z</time>
   </trkpt>
   <trkpt lat="48.1226120" lon="17.1131340">
    <ele>136.5</ele>
    <time>2025-10-06T17:35:53Z</time>
   </trkpt>
   <trkpt lat="48.1226130" lon="17.1131340">
    <ele>136.5</ele>
    <time>2025-10-06T17:35:54Z</time>
   </trkpt>
   <trkpt lat="48.1226140" lon="17.1131340">
    <ele>136.5</ele>
    <time>2025-10-06T17:35:55Z</time>
   </trkpt>
   <trkpt lat="48.1226150" lon="17.1131340">
    <ele>136.5</ele>
    <time>2025-10-06T17:35:56Z</time>
   </trkpt>
   <trkpt lat="48.1226150" lon="17.1131340">
    <ele>136.5</ele>
    <time>2025-10-06T17:35:57Z</time>
   </trkpt>
   <trkpt lat="48.1226160" lon="17.1131340">
    <ele>136.5</ele>
    <time>2025-10-06T17:35:58Z</time>
   </trkpt>
   <trkpt lat="48.1226170" lon="17.1131340">
    <ele>136.5</ele>
    <time>2025-10-06T17:35:59Z</time>
   </trkpt>
   <trkpt lat="48.1226180" lon="17.1131340">
    <ele>136.5</ele>
    <time>2025-10-06T17:36:00Z</time>
   </trkpt>
   <trkpt lat="48.1226190" lon="17.1131340">
    <ele>136.5</ele>
    <time>2025-10-06T17:36:01Z</time>
   </trkpt>
   <trkpt lat="48.1226200" lon="17.1131340">
    <ele>136.5</ele>
    <time>2025-10-06T17:36:02Z</time>
   </trkpt>
   <trkpt lat="48.1226210" lon="17.1131340">
    <ele>136.5</ele>
    <time>2025-10-06T17:36:03Z</time>
   </trkpt>
   <trkpt lat="48.1226220" lon="17.1131340">
    <ele>136.5</ele>
    <time>2025-10-06T17:36:04Z</time>
   </trkpt>
   <trkpt lat="48.1226330" lon="17.1131510">
    <ele>136.5</ele>
    <time>2025-10-06T17:36:05Z</time>
   </trkpt>
   <trkpt lat="48.1226530" lon="17.1131900">
    <ele>136.6</ele>
    <time>2025-10-06T17:36:07Z</time>
   </trkpt>
   <trkpt lat="48.1226620" lon="17.1132010">
    <ele>136.6</ele>
    <time>2025-10-06T17:36:08Z</time>
   </trkpt>
   <trkpt lat="48.1226690" lon="17.1132210">
    <ele>136.6</ele>
    <time>2025-10-06T17:36:09Z</time>
   </trkpt>
   <trkpt lat="48.1226770" lon="17.1132480">
    <ele>136.6</ele>
    <time>2025-10-06T17:36:10Z</time>
   </trkpt>
   <trkpt lat="48.1226890" lon="17.1132740">
    <ele>136.6</ele>
    <time>2025-10-06T17:36:11Z</time>
   </trkpt>
   <trkpt lat="48.1226910" lon="17.1132870">
    <ele>136.6</ele>
    <time>2025-10-06T17:36:12Z</time>
   </trkpt>
   <trkpt lat="48.1226940" lon="17.1132990">
    <ele>136.6</ele>
    <time>2025-10-06T17:36:13Z</time>
   </trkpt>
   <trkpt lat="48.1227180" lon="17.1133520">
    <ele>136.6</ele>
    <time>2025-10-06T17:36:17Z</time>
   </trkpt>
   <trkpt lat="48.1227210" lon="17.1133670">
    <ele>136.7</ele>
    <time>2025-10-06T17:36:18Z</time>
   </trkpt>
   <trkpt lat="48.1227210" lon="17.1133750">
    <ele>136.7</ele>
    <time>2025-10-06T17:36:19Z</time>
   </trkpt>
   <trkpt lat="48.1227190" lon="17.1133880">
    <ele>136.7</ele>
    <time>2025-10-06T17:36:20Z</time>
   </trkpt>
   <trkpt lat="48.1227300" lon="17.1133940">
    <ele>136.7</ele>
    <time>2025-10-06T17:36:21Z</time>
   </trkpt>
   <trkpt lat="48.1227400" lon="17.1133970">
    <ele>136.7</ele>
    <time>2025-10-06T17:36:22Z</time>
   </trkpt>
   <trkpt lat="48.1227520" lon="17.1134000">
    <ele>136.7</ele>
    <time>2025-10-06T17:36:23Z</time>
   </trkpt>
   <trkpt lat="48.1227640" lon="17.1134040">
    <ele>136.7</ele>
    <time>2025-10-06T17:36:24Z</time>
   </trkpt>
   <trkpt lat="48.1227730" lon="17.1134100">
    <ele>136.7</ele>
    <time>2025-10-06T17:36:26Z</time>
   </trkpt>
   <trkpt lat="48.1227810" lon="17.1134150">
    <ele>136.7</ele>
    <time>2025-10-06T17:36:27Z</time>
   </trkpt>
   <trkpt lat="48.1227870" lon="17.1134180">
    <ele>136.7</ele>
    <time>2025-10-06T17:36:28Z</time>
   </trkpt>
   <trkpt lat="48.1227900" lon="17.1134190">
    <ele>136.7</ele>
    <time>2025-10-06T17:36:29Z</time>
   </trkpt>
   <trkpt lat="48.1227900" lon="17.1134200">
    <ele>136.7</ele>
    <time>2025-10-06T17:36:30Z</time>
   </trkpt>
   <trkpt lat="48.1227920" lon="17.1134210">
    <ele>136.7</ele>
    <time>2025-10-06T17:36:31Z</time>
   </trkpt>
   <trkpt lat="48.1227930" lon="17.1134220">
    <ele>136.7</ele>
    <time>2025-10-06T17:36:32Z</time>
   </trkpt>
   <trkpt lat="48.1227950" lon="17.1134240">
    <ele>136.7</ele>
    <time>2025-10-06T17:36:33Z</time>
   </trkpt>
   <trkpt lat="48.1227960" lon="17.1134250">
    <ele>136.7</ele>
    <time>2025-10-06T17:36:34Z</time>
   </trkpt>
   <trkpt lat="48.1227980" lon="17.1134260">
    <ele>136.7</ele>
    <time>2025-10-06T17:36:35Z</time>
   </trkpt>
   <trkpt lat="48.1227990" lon="17.1134270">
    <ele>136.7</ele>
    <time>2025-10-06T17:36:36Z</time>
   </trkpt>
   <trkpt lat="48.1228010" lon="17.1134280">
    <ele>136.7</ele>
    <time>2025-10-06T17:36:37Z</time>
   </trkpt>
   <trkpt lat="48.1228020" lon="17.1134290">
    <ele>136.7</ele>
    <time>2025-10-06T17:36:39Z</time>
   </trkpt>
   <trkpt lat="48.1228040" lon="17.1134300">
    <ele>136.7</ele>
    <time>2025-10-06T17:36:40Z</time>
   </trkpt>
   <trkpt lat="48.1228050" lon="17.1134320">
    <ele>136.7</ele>
    <time>2025-10-06T17:36:41Z</time>
   </trkpt>
   <trkpt lat="48.1228070" lon="17.1134330">
    <ele>136.7</ele>
    <time>2025-10-06T17:36:42Z</time>
   </trkpt>
   <trkpt lat="48.1228080" lon="17.1134340">
    <ele>136.7</ele>
    <time>2025-10-06T17:36:43Z</time>
   </trkpt>
   <trkpt lat="48.1228100" lon="17.1134350">
    <ele>136.7</ele>
    <time>2025-10-06T17:36:44Z</time>
   </trkpt>
   <trkpt lat="48.1228110" lon="17.1134360">
    <ele>136.7</ele>
    <time>2025-10-06T17:36:45Z</time>
   </trkpt>
   <trkpt lat="48.1228120" lon="17.1134370">
    <ele>136.7</ele>
    <time>2025-10-06T17:36:46Z</time>
   </trkpt>
   <trkpt lat="48.1228140" lon="17.1134380">
    <ele>136.7</ele>
    <time>2025-10-06T17:36:47Z</time>
   </trkpt>
   <trkpt lat="48.1228150" lon="17.1134400">
    <ele>136.7</ele>
    <time>2025-10-06T17:36:48Z</time>
   </trkpt>
   <trkpt lat="48.1228170" lon="17.1134410">
    <ele>136.8</ele>
    <time>2025-10-06T17:36:49Z</time>
   </trkpt>
   <trkpt lat="48.1228180" lon="17.1134420">
    <ele>136.8</ele>
    <time>2025-10-06T17:36:51Z</time>
   </trkpt>
   <trkpt lat="48.1228200" lon="17.1134430">
    <ele>136.8</ele>
    <time>2025-10-06T17:36:52Z</time>
   </trkpt>
   <trkpt lat="48.1228210" lon="17.1134440">
    <ele>136.8</ele>
    <time>2025-10-06T17:36:53Z</time>
   </trkpt>
   <trkpt lat="48.1228230" lon="17.1134450">
    <ele>136.8</ele>
    <time>2025-10-06T17:36:54Z</time>
   </trkpt>
   <trkpt lat="48.1228240" lon="17.1134460">
    <ele>136.8</ele>
    <time>2025-10-06T17:36:55Z</time>
   </trkpt>
   <trkpt lat="48.1228260" lon="17.1134470">
    <ele>136.8</ele>
    <time>2025-10-06T17:36:56Z</time>
   </trkpt>
   <trkpt lat="48.1228270" lon="17.1134490">
    <ele>136.8</ele>
    <time>2025-10-06T17:36:57Z</time>
   </trkpt>
   <trkpt lat="48.1228290" lon="17.1134500">
    <ele>136.8</ele>
    <time>2025-10-06T17:36:58Z</time>
   </trkpt>
   <trkpt lat="48.1228300" lon="17.1134510">
    <ele>136.8</ele>
    <time>2025-10-06T17:36:59Z</time>
   </trkpt>
   <trkpt lat="48.1228310" lon="17.1134520">
    <ele>136.8</ele>
    <time>2025-10-06T17:37:00Z</time>
   </trkpt>
   <trkpt lat="48.1228330" lon="17.1134530">
    <ele>136.8</ele>
    <time>2025-10-06T17:37:01Z</time>
   </trkpt>
   <trkpt lat="48.1228340" lon="17.1134540">
    <ele>136.8</ele>
    <time>2025-10-06T17:37:02Z</time>
   </trkpt>
   <trkpt lat="48.1228360" lon="17.1134550">
    <ele>136.8</ele>
    <time>2025-10-06T17:37:03Z</time>
   </trkpt>
   <trkpt lat="48.1228370" lon="17.1134570">
    <ele>136.8</ele>
    <time>2025-10-06T17:37:04Z</time>
   </trkpt>
   <trkpt lat="48.1228390" lon="17.1134580">
    <ele>136.8</ele>
    <time>2025-10-06T17:37:05Z</time>
   </trkpt>
   <trkpt lat="48.1228400" lon="17.1134590">
    <ele>136.8</ele>
    <time>2025-10-06T17:37:06Z</time>
   </trkpt>
   <trkpt lat="48.1228420" lon="17.1134600">
    <ele>136.8</ele>
    <time>2025-10-06T17:37:07Z</time>
   </trkpt>
   <trkpt lat="48.1228430" lon="17.1134610">
    <ele>136.8</ele>
    <time>2025-10-06T17:37:08Z</time>
   </trkpt>
   <trkpt lat="48.1228450" lon="17.1134620">
    <ele>136.8</ele>
    <time>2025-10-06T17:37:09Z</time>
   </trkpt>
   <trkpt lat="48.1228460" lon="17.1134630">
    <ele>136.8</ele>
    <time>2025-10-06T17:37:11Z</time>
   </trkpt>
   <trkpt lat="48.1228480" lon="17.1134650">
    <ele>136.8</ele>
    <time>2025-10-06T17:37:13Z</time>
   </trkpt>
   <trkpt lat="48.1228490" lon="17.1134660">
    <ele>136.8</ele>
    <time>2025-10-06T17:37:14Z</time>
   </trkpt>
   <trkpt lat="48.1228510" lon="17.1134670">
    <ele>136.8</ele>
    <time>2025-10-06T17:37:15Z</time>
   </trkpt>
   <trkpt lat="48.1228520" lon="17.1134680">
    <ele>136.8</ele>
    <time>2025-10-06T17:37:16Z</time>
   </trkpt>
   <trkpt lat="48.1228690" lon="17.1134770">
    <ele>136.8</ele>
    <time>2025-10-06T17:37:17Z</time>
   </trkpt>
   <trkpt lat="48.1228830" lon="17.1134990">
    <ele>136.8</ele>
    <time>2025-10-06T17:37:18Z</time>
   </trkpt>
   <trkpt lat="48.1228970" lon="17.1135090">
    <ele>136.8</ele>
    <time>2025-10-06T17:37:19Z</time>
   </trkpt>
   <trkpt lat="48.1229060" lon="17.1135270">
    <ele>136.9</ele>
    <time>2025-10-06T17:37:20Z</time>
   </trkpt>
   <trkpt lat="48.1229140" lon="17.1135440">
    <ele>136.9</ele>
    <time>2025-10-06T17:37:21Z</time>
   </trkpt>
   <trkpt lat="48.1229250" lon="17.1135710">
    <ele>136.9</ele>
    <time>2025-10-06T17:37:23Z</time>
   </trkpt>
   <trkpt lat="48.1229240" lon="17.1135860">
    <ele>136.9</ele>
    <time>2025-10-06T17:37:24Z</time>
   </trkpt>
   <trkpt lat="48.1229220" lon="17.1135970">
    <ele>136.9</ele>
    <time>2025-10-06T17:37:25Z</time>
   </trkpt>
   <trkpt lat="48.1229210" lon="17.1136030">
    <ele>136.9</ele>
    <time>2025-10-06T17:37:26Z</time>
   </trkpt>
   <trkpt lat="48.1229230" lon="17.1136100">
    <ele>136.9</ele>
    <time>2025-10-06T17:37:27Z</time>
   </trkpt>
   <trkpt lat="48.1229310" lon="17.1136170">
    <ele>136.9</ele>
    <time>2025-10-06T17:37:28Z</time>
   </trkpt>
   <trkpt lat="48.1229380" lon="17.1136270">
    <ele>137.0</ele>
    <time>2025-10-06T17:37:29Z</time>
   </trkpt>
   <trkpt lat="48.1229460" lon="17.1136350">
    <ele>137.0</ele>
    <time>2025-10-06T17:37:30Z</time>
   </trkpt>
   <trkpt lat="48.1229540" lon="17.1136420">
    <ele>137.0</ele>
    <time>2025-10-06T17:37:31Z</time>
   </trkpt>
   <trkpt lat="48.1229620" lon="17.1136500">
    <ele>137.0</ele>
    <time>2025-10-06T17:37:33Z</time>
   </trkpt>
   <trkpt lat="48.1229810" lon="17.1136660">
    <ele>137.0</ele>
    <time>2025-10-06T17:37:34Z</time>
   </trkpt>
   <trkpt lat="48.1229970" lon="17.1136820">
    <ele>137.1</ele>
    <time>2025-10-06T17:37:36Z</time>
   </trkpt>
   <trkpt lat="48.1230050" lon="17.1136910">
    <ele>137.1</ele>
    <time>2025-10-06T17:37:37Z</time>
   </trkpt>
   <trkpt lat="48.1230030" lon="17.1136950">
    <ele>137.1</ele>
    <time>2025-10-06T17:37:38Z</time>
   </trkpt>
   <trkpt lat="48.1230020" lon="17.1136940">
    <ele>137.1</ele>
    <time>2025-10-06T17:37:39Z</time>
   </trkpt>
  </trkseg>
 </trk>
</gpx>
