<?xml version="1.0" encoding="UTF-8"?>
<gpx xmlns:xsi="http://www.w3.org/2001/XMLSchema-instance" xsi:schemaLocation="http://www.topografix.com/GPX/1/1 http://www.topografix.com/GPX/1/1/gpx.xsd" creator="StravaGPX" version="1.1" xmlns="http://www.topografix.com/GPX/1/1">
 <metadata>
  <time>2025-09-30T17:07:02Z</time>
 </metadata>
 <trk>
  <name>spectral meas. 2</name>
  <type>walking</type>
  <trkseg>
   <trkpt lat="48.1293400" lon="17.1237710">
    <ele>137.7</ele>
    <time>2025-09-30T17:07:02Z</time>
   </trkpt>
   <trkpt lat="48.1293380" lon="17.1237640">
    <ele>137.7</ele>
    <time>2025-09-30T17:07:03Z</time>
   </trkpt>
   <trkpt lat="48.1293430" lon="17.1237660">
    <ele>137.7</ele>
    <time>2025-09-30T17:07:08Z</time>
   </trkpt>
   <trkpt lat="48.1293450" lon="17.1237740">
    <ele>137.7</ele>
    <time>2025-09-30T17:07:10Z</time>
   </trkpt>
   <trkpt lat="48.1293350" lon="17.1237730">
    <ele>137.7</ele>
    <time>2025-09-30T17:07:16Z</time>
   </trkpt>
   <trkpt lat="48.1293400" lon="17.1237730">
    <ele>137.7</ele>
    <time>2025-09-30T17:07:17Z</time>
   </trkpt>
   <trkpt lat="48.1293410" lon="17.1237740">
    <ele>137.7</ele>
    <time>2025-09-30T17:07:18Z</time>
   </trkpt>
   <trkpt lat="48.1293420" lon="17.1237750">
    <ele>137.7</ele>
    <time>2025-09-30T17:07:21Z</time>
   </trkpt>
   <trkpt lat="48.1293400" lon="17.1237730">
    <ele>137.7</ele>
    <time>2025-09-30T17:07:24Z</time>
   </trkpt>
   <trkpt lat="48.1293400" lon="17.1237710">
    <ele>137.7</ele>
    <time>2025-09-30T17:07:27Z</time>
   </trkpt>
   <trkpt lat="48.1293410" lon="17.1237700">
    <ele>137.7</ele>
    <time>2025-09-30T17:07:36Z</time>
   </trkpt>
   <trkpt lat="48.1293430" lon="17.1237730">
    <ele>137.7</ele>
    <time>2025-09-30T17:07:44Z</time>
   </trkpt>
   <trkpt lat="48.1293420" lon="17.1237720">
    <ele>137.7</ele>
    <time>2025-09-30T17:07:46Z</time>
   </trkpt>
   <trkpt lat="48.1293510" lon="17.1237720">
    <ele>137.7</ele>
    <time>2025-09-30T17:07:50Z</time>
   </trkpt>
   <trkpt lat="48.1293550" lon="17.1237720">
    <ele>137.7</ele>
    <time>2025-09-30T17:07:57Z</time>
   </trkpt>
   <trkpt lat="48.1293440" lon="17.1237750">
    <ele>137.7</ele>
    <time>2025-09-30T17:07:59Z</time>
   </trkpt>
   <trkpt lat="48.1293430" lon="17.1237730">
    <ele>137.7</ele>
    <time>2025-09-30T17:08:06Z</time>
   </trkpt>
   <trkpt lat="48.1293450" lon="17.1237760">
    <ele>137.7</ele>
    <time>2025-09-30T17:08:07Z</time>
   </trkpt>
   <trkpt lat="48.1293450" lon="17.1237760">
    <ele>137.7</ele>
    <time>2025-09-30T17:08:10Z</time>
   </trkpt>
   <trkpt lat="48.1293510" lon="17.1237760">
    <ele>137.7</ele>
    <time>2025-09-30T17:08:11Z</time>
   </trkpt>
   <trkpt lat="48.1293530" lon="17.1237770">
    <ele>137.7</ele>
    <time>2025-09-30T17:08:12Z</time>
   </trkpt>
   <trkpt lat="48.1293570" lon="17.1237790">
    <ele>137.7</ele>
    <time>2025-09-30T17:08:13Z</time>
   </trkpt>
   <trkpt lat="48.1293800" lon="17.1237920">
    <ele>137.7</ele>
    <time>2025-09-30T17:08:15Z</time>
   </trkpt>
   <trkpt lat="48.1293940" lon="17.1238050">
    <ele>137.7</ele>
    <time>2025-09-30T17:08:16Z</time>
   </trkpt>
   <trkpt lat="48.1294030" lon="17.1238220">
    <ele>137.7</ele>
    <time>2025-09-30T17:08:17Z</time>
   </trkpt>
   <trkpt lat="48.1293790" lon="17.1238070">
    <ele>137.7</ele>
    <time>2025-09-30T17:08:18Z</time>
   </trkpt>
   <trkpt lat="48.1293540" lon="17.1237850">
    <ele>137.7</ele>
    <time>2025-09-30T17:08:19Z</time>
   </trkpt>
   <trkpt lat="48.1293290" lon="17.1237630">
    <ele>137.7</ele>
    <time>2025-09-30T17:08:20Z</time>
   </trkpt>
   <trkpt lat="48.1293230" lon="17.1237690">
    <ele>137.7</ele>
    <time>2025-09-30T17:08:21Z</time>
   </trkpt>
   <trkpt lat="48.1293210" lon="17.1237780">
    <ele>137.7</ele>
    <time>2025-09-30T17:08:22Z</time>
   </trkpt>
   <trkpt lat="48.1293190" lon="17.1237870">
    <ele>137.7</ele>
    <time>2025-09-30T17:08:23Z</time>
   </trkpt>
   <trkpt lat="48.1293170" lon="17.1237950">
    <ele>137.7</ele>
    <time>2025-09-30T17:08:24Z</time>
   </trkpt>
   <trkpt lat="48.1293150" lon="17.1238040">
    <ele>137.7</ele>
    <time>2025-09-30T17:08:25Z</time>
   </trkpt>
   <trkpt lat="48.1293130" lon="17.1238130">
    <ele>137.7</ele>
    <time>2025-09-30T17:08:26Z</time>
   </trkpt>
   <trkpt lat="48.1293110" lon="17.1238220">
    <ele>137.7</ele>
    <time>2025-09-30T17:08:27Z</time>
   </trkpt>
   <trkpt lat="48.1293010" lon="17.1238530">
    <ele>137.7</ele>
    <time>2025-09-30T17:08:28Z</time>
   </trkpt>
   <trkpt lat="48.1293260" lon="17.1238690">
    <ele>137.7</ele>
    <time>2025-09-30T17:08:42Z</time>
   </trkpt>
   <trkpt lat="48.1293470" lon="17.1238720">
    <ele>137.7</ele>
    <time>2025-09-30T17:08:45Z</time>
   </trkpt>
   <trkpt lat="48.1293580" lon="17.1238780">
    <ele>137.7</ele>
    <time>2025-09-30T17:08:46Z</time>
   </trkpt>
   <trkpt lat="48.1293850" lon="17.1238920">
    <ele>137.7</ele>
    <time>2025-09-30T17:08:47Z</time>
   </trkpt>
   <trkpt lat="48.1293970" lon="17.1238950">
    <ele>137.7</ele>
    <time>2025-09-30T17:08:48Z</time>
   </trkpt>
   <trkpt lat="48.1294290" lon="17.1239020">
    <ele>137.7</ele>
    <time>2025-09-30T17:08:49Z</time>
   </trkpt>
   <trkpt lat="48.1294630" lon="17.1239070">
    <ele>137.7</ele>
    <time>2025-09-30T17:08:50Z</time>
   </trkpt>
   <trkpt lat="48.1294990" lon="17.1239070">
    <ele>137.7</ele>
    <time>2025-09-30T17:08:51Z</time>
   </trkpt>
   <trkpt lat="48.1295340" lon="17.1239050">
    <ele>137.7</ele>
    <time>2025-09-30T17:08:52Z</time>
   </trkpt>
   <trkpt lat="48.1295610" lon="17.1239020">
    <ele>137.7</ele>
    <time>2025-09-30T17:08:53Z</time>
   </trkpt>
   <trkpt lat="48.1296020" lon="17.1238960">
    <ele>137.7</ele>
    <time>2025-09-30T17:08:55Z</time>
   </trkpt>
   <trkpt lat="48.1295940" lon="17.1238990">
    <ele>137.8</ele>
    <time>2025-09-30T17:08:56Z</time>
   </trkpt>
   <trkpt lat="48.1295880" lon="17.1239040">
    <ele>137.8</ele>
    <time>2025-09-30T17:08:58Z</time>
   </trkpt>
   <trkpt lat="48.1295180" lon="17.1239900">
    <ele>137.8</ele>
    <time>2025-09-30T17:09:00Z</time>
   </trkpt>
   <trkpt lat="48.1294680" lon="17.1240840">
    <ele>137.8</ele>
    <time>2025-09-30T17:09:06Z</time>
   </trkpt>
   <trkpt lat="48.1293580" lon="17.1237620">
    <ele>137.5</ele>
    <time>2025-09-30T17:09:16Z</time>
   </trkpt>
   <trkpt lat="48.1293580" lon="17.1237620">
    <ele>137.5</ele>
    <time>2025-09-30T17:09:26Z</time>
   </trkpt>
   <trkpt lat="48.1293360" lon="17.1237310">
    <ele>137.5</ele>
    <time>2025-09-30T17:09:27Z</time>
   </trkpt>
   <trkpt lat="48.1293600" lon="17.1237480">
    <ele>137.5</ele>
    <time>2025-09-30T17:09:37Z</time>
   </trkpt>
   <trkpt lat="48.1293920" lon="17.1237630">
    <ele>137.5</ele>
    <time>2025-09-30T17:09:47Z</time>
   </trkpt>
   <trkpt lat="48.1294230" lon="17.1237780">
    <ele>137.5</ele>
    <time>2025-09-30T17:09:48Z</time>
   </trkpt>
   <trkpt lat="48.1294560" lon="17.1237790">
    <ele>137.4</ele>
    <time>2025-09-30T17:09:57Z</time>
   </trkpt>
   <trkpt lat="48.1294880" lon="17.1237810">
    <ele>137.4</ele>
    <time>2025-09-30T17:09:58Z</time>
   </trkpt>
   <trkpt lat="48.1294880" lon="17.1237810">
    <ele>137.4</ele>
    <time>2025-09-30T17:10:08Z</time>
   </trkpt>
   <trkpt lat="48.1295110" lon="17.1238080">
    <ele>137.4</ele>
    <time>2025-09-30T17:10:09Z</time>
   </trkpt>
   <trkpt lat="48.1294900" lon="17.1237920">
    <ele>137.4</ele>
    <time>2025-09-30T17:10:18Z</time>
   </trkpt>
   <trkpt lat="48.1294680" lon="17.1237750">
    <ele>137.4</ele>
    <time>2025-09-30T17:10:19Z</time>
   </trkpt>
   <trkpt lat="48.1294470" lon="17.1237590">
    <ele>137.4</ele>
    <time>2025-09-30T17:10:29Z</time>
   </trkpt>
   <trkpt lat="48.1294250" lon="17.1237430">
    <ele>137.4</ele>
    <time>2025-09-30T17:10:39Z</time>
   </trkpt>
   <trkpt lat="48.1294040" lon="17.1237260">
    <ele>137.4</ele>
    <time>2025-09-30T17:10:49Z</time>
   </trkpt>
   <trkpt lat="48.1293820" lon="17.1237100">
    <ele>137.4</ele>
    <time>2025-09-30T17:10:50Z</time>
   </trkpt>
   <trkpt lat="48.1293720" lon="17.1237020">
    <ele>137.5</ele>
    <time>2025-09-30T17:11:00Z</time>
   </trkpt>
   <trkpt lat="48.1294530" lon="17.1236570">
    <ele>137.3</ele>
    <time>2025-09-30T17:11:10Z</time>
   </trkpt>
   <trkpt lat="48.1293490" lon="17.1237400">
    <ele>137.5</ele>
    <time>2025-09-30T17:11:20Z</time>
   </trkpt>
   <trkpt lat="48.1293490" lon="17.1237400">
    <ele>137.5</ele>
    <time>2025-09-30T17:11:30Z</time>
   </trkpt>
   <trkpt lat="48.1293490" lon="17.1237400">
    <ele>137.5</ele>
    <time>2025-09-30T17:11:33Z</time>
   </trkpt>
   <trkpt lat="48.1293580" lon="17.1236990">
    <ele>137.5</ele>
    <time>2025-09-30T17:11:41Z</time>
   </trkpt>
   <trkpt lat="48.1293580" lon="17.1236990">
    <ele>137.5</ele>
    <time>2025-09-30T17:12:00Z</time>
   </trkpt>
   <trkpt lat="48.1302390" lon="17.1236160">
    <ele>137.6</ele>
    <time>2025-09-30T17:12:05Z</time>
   </trkpt>
   <trkpt lat="48.1301540" lon="17.1236010">
    <ele>137.4</ele>
    <time>2025-09-30T17:12:06Z</time>
   </trkpt>
   <trkpt lat="48.1301160" lon="17.1235710">
    <ele>137.3</ele>
    <time>2025-09-30T17:12:07Z</time>
   </trkpt>
   <trkpt lat="48.1300980" lon="17.1235660">
    <ele>137.3</ele>
    <time>2025-09-30T17:12:08Z</time>
   </trkpt>
   <trkpt lat="48.1300660" lon="17.1235530">
    <ele>137.2</ele>
    <time>2025-09-30T17:12:09Z</time>
   </trkpt>
   <trkpt lat="48.1300380" lon="17.1235390">
    <ele>137.1</ele>
    <time>2025-09-30T17:12:10Z</time>
   </trkpt>
   <trkpt lat="48.1300070" lon="17.1235290">
    <ele>137.0</ele>
    <time>2025-09-30T17:12:11Z</time>
   </trkpt>
   <trkpt lat="48.1299970" lon="17.1235270">
    <ele>137.0</ele>
    <time>2025-09-30T17:12:12Z</time>
   </trkpt>
   <trkpt lat="48.1299640" lon="17.1235070">
    <ele>137.0</ele>
    <time>2025-09-30T17:12:13Z</time>
   </trkpt>
   <trkpt lat="48.1299540" lon="17.1235010">
    <ele>137.0</ele>
    <time>2025-09-30T17:12:14Z</time>
   </trkpt>
   <trkpt lat="48.1301440" lon="17.1234380">
    <ele>137.2</ele>
    <time>2025-09-30T17:12:15Z</time>
   </trkpt>
   <trkpt lat="48.1301550" lon="17.1234250">
    <ele>137.2</ele>
    <time>2025-09-30T17:12:16Z</time>
   </trkpt>
   <trkpt lat="48.1301590" lon="17.1234000">
    <ele>137.2</ele>
    <time>2025-09-30T17:12:17Z</time>
   </trkpt>
   <trkpt lat="48.1301550" lon="17.1233880">
    <ele>137.2</ele>
    <time>2025-09-30T17:12:18Z</time>
   </trkpt>
   <trkpt lat="48.1301530" lon="17.1233730">
    <ele>137.2</ele>
    <time>2025-09-30T17:12:19Z</time>
   </trkpt>
   <trkpt lat="48.1301520" lon="17.1233550">
    <ele>137.2</ele>
    <time>2025-09-30T17:12:20Z</time>
   </trkpt>
   <trkpt lat="48.1301590" lon="17.1233300">
    <ele>137.1</ele>
    <time>2025-09-30T17:12:21Z</time>
   </trkpt>
   <trkpt lat="48.1300520" lon="17.1233240">
    <ele>136.9</ele>
    <time>2025-09-30T17:12:22Z</time>
   </trkpt>
   <trkpt lat="48.1299380" lon="17.1233500">
    <ele>136.8</ele>
    <time>2025-09-30T17:12:23Z</time>
   </trkpt>
   <trkpt lat="48.1298240" lon="17.1233750">
    <ele>136.8</ele>
    <time>2025-09-30T17:12:24Z</time>
   </trkpt>
   <trkpt lat="48.1297920" lon="17.1233610">
    <ele>136.7</ele>
    <time>2025-09-30T17:12:25Z</time>
   </trkpt>
   <trkpt lat="48.1297860" lon="17.1233550">
    <ele>136.7</ele>
    <time>2025-09-30T17:12:26Z</time>
   </trkpt>
   <trkpt lat="48.1297650" lon="17.1233230">
    <ele>136.7</ele>
    <time>2025-09-30T17:12:27Z</time>
   </trkpt>
   <trkpt lat="48.1297570" lon="17.1233100">
    <ele>136.7</ele>
    <time>2025-09-30T17:12:28Z</time>
   </trkpt>
   <trkpt lat="48.1297520" lon="17.1232910">
    <ele>136.7</ele>
    <time>2025-09-30T17:12:29Z</time>
   </trkpt>
   <trkpt lat="48.1297510" lon="17.1232760">
    <ele>136.7</ele>
    <time>2025-09-30T17:12:30Z</time>
   </trkpt>
   <trkpt lat="48.1297460" lon="17.1232580">
    <ele>136.6</ele>
    <time>2025-09-30T17:12:31Z</time>
   </trkpt>
   <trkpt lat="48.1297150" lon="17.1232330">
    <ele>136.6</ele>
    <time>2025-09-30T17:12:32Z</time>
   </trkpt>
   <trkpt lat="48.1296890" lon="17.1232300">
    <ele>136.6</ele>
    <time>2025-09-30T17:12:33Z</time>
   </trkpt>
   <trkpt lat="48.1296600" lon="17.1232130">
    <ele>136.6</ele>
    <time>2025-09-30T17:12:34Z</time>
   </trkpt>
   <trkpt lat="48.1296520" lon="17.1232080">
    <ele>136.6</ele>
    <time>2025-09-30T17:12:35Z</time>
   </trkpt>
   <trkpt lat="48.1296750" lon="17.1231870">
    <ele>136.6</ele>
    <time>2025-09-30T17:12:36Z</time>
   </trkpt>
   <trkpt lat="48.1296980" lon="17.1231520">
    <ele>136.6</ele>
    <time>2025-09-30T17:12:37Z</time>
   </trkpt>
   <trkpt lat="48.1297010" lon="17.1231390">
    <ele>136.6</ele>
    <time>2025-09-30T17:12:38Z</time>
   </trkpt>
   <trkpt lat="48.1297060" lon="17.1231130">
    <ele>136.6</ele>
    <time>2025-09-30T17:12:39Z</time>
   </trkpt>
   <trkpt lat="48.1297090" lon="17.1230930">
    <ele>136.6</ele>
    <time>2025-09-30T17:12:40Z</time>
   </trkpt>
   <trkpt lat="48.1297160" lon="17.1230800">
    <ele>136.6</ele>
    <time>2025-09-30T17:12:41Z</time>
   </trkpt>
   <trkpt lat="48.1297220" lon="17.1230630">
    <ele>136.6</ele>
    <time>2025-09-30T17:12:42Z</time>
   </trkpt>
   <trkpt lat="48.1297220" lon="17.1230590">
    <ele>136.6</ele>
    <time>2025-09-30T17:12:43Z</time>
   </trkpt>
   <trkpt lat="48.1297230" lon="17.1230470">
    <ele>136.6</ele>
    <time>2025-09-30T17:12:44Z</time>
   </trkpt>
   <trkpt lat="48.1297410" lon="17.1230480">
    <ele>136.6</ele>
    <time>2025-09-30T17:12:45Z</time>
   </trkpt>
   <trkpt lat="48.1297490" lon="17.1230400">
    <ele>136.6</ele>
    <time>2025-09-30T17:12:46Z</time>
   </trkpt>
   <trkpt lat="48.1297560" lon="17.1230280">
    <ele>136.6</ele>
    <time>2025-09-30T17:12:47Z</time>
   </trkpt>
   <trkpt lat="48.1297560" lon="17.1230220">
    <ele>136.6</ele>
    <time>2025-09-30T17:12:48Z</time>
   </trkpt>
   <trkpt lat="48.1297600" lon="17.1230140">
    <ele>136.6</ele>
    <time>2025-09-30T17:12:49Z</time>
   </trkpt>
   <trkpt lat="48.1297620" lon="17.1230040">
    <ele>136.6</ele>
    <time>2025-09-30T17:12:50Z</time>
   </trkpt>
   <trkpt lat="48.1297630" lon="17.1229910">
    <ele>136.6</ele>
    <time>2025-09-30T17:12:51Z</time>
   </trkpt>
   <trkpt lat="48.1297650" lon="17.1229760">
    <ele>136.6</ele>
    <time>2025-09-30T17:12:52Z</time>
   </trkpt>
   <trkpt lat="48.1297660" lon="17.1229600">
    <ele>136.6</ele>
    <time>2025-09-30T17:12:53Z</time>
   </trkpt>
   <trkpt lat="48.1297670" lon="17.1229590">
    <ele>136.6</ele>
    <time>2025-09-30T17:12:54Z</time>
   </trkpt>
   <trkpt lat="48.1297660" lon="17.1229580">
    <ele>136.6</ele>
    <time>2025-09-30T17:12:55Z</time>
   </trkpt>
   <trkpt lat="48.1297640" lon="17.1229610">
    <ele>136.6</ele>
    <time>2025-09-30T17:12:56Z</time>
   </trkpt>
   <trkpt lat="48.1297620" lon="17.1229560">
    <ele>136.6</ele>
    <time>2025-09-30T17:12:57Z</time>
   </trkpt>
   <trkpt lat="48.1297580" lon="17.1229380">
    <ele>136.6</ele>
    <time>2025-09-30T17:12:58Z</time>
   </trkpt>
   <trkpt lat="48.1297580" lon="17.1229350">
    <ele>136.6</ele>
    <time>2025-09-30T17:12:59Z</time>
   </trkpt>
   <trkpt lat="48.1297590" lon="17.1229740">
    <ele>136.5</ele>
    <time>2025-09-30T17:13:00Z</time>
   </trkpt>
   <trkpt lat="48.1297590" lon="17.1229830">
    <ele>136.5</ele>
    <time>2025-09-30T17:13:01Z</time>
   </trkpt>
   <trkpt lat="48.1297600" lon="17.1229740">
    <ele>136.5</ele>
    <time>2025-09-30T17:13:02Z</time>
   </trkpt>
   <trkpt lat="48.1297600" lon="17.1229620">
    <ele>136.5</ele>
    <time>2025-09-30T17:13:03Z</time>
   </trkpt>
   <trkpt lat="48.1297600" lon="17.1229510">
    <ele>136.5</ele>
    <time>2025-09-30T17:13:04Z</time>
   </trkpt>
   <trkpt lat="48.1297600" lon="17.1229390">
    <ele>136.5</ele>
    <time>2025-09-30T17:13:05Z</time>
   </trkpt>
   <trkpt lat="48.1297600" lon="17.1229280">
    <ele>136.5</ele>
    <time>2025-09-30T17:13:06Z</time>
   </trkpt>
   <trkpt lat="48.1297610" lon="17.1228290">
    <ele>136.5</ele>
    <time>2025-09-30T17:13:07Z</time>
   </trkpt>
   <trkpt lat="48.1297570" lon="17.1227680">
    <ele>136.5</ele>
    <time>2025-09-30T17:13:08Z</time>
   </trkpt>
   <trkpt lat="48.1297570" lon="17.1227420">
    <ele>136.5</ele>
    <time>2025-09-30T17:13:09Z</time>
   </trkpt>
   <trkpt lat="48.1297580" lon="17.1227230">
    <ele>136.5</ele>
    <time>2025-09-30T17:13:10Z</time>
   </trkpt>
   <trkpt lat="48.1297610" lon="17.1227100">
    <ele>136.5</ele>
    <time>2025-09-30T17:13:11Z</time>
   </trkpt>
   <trkpt lat="48.1297620" lon="17.1226940">
    <ele>136.5</ele>
    <time>2025-09-30T17:13:12Z</time>
   </trkpt>
   <trkpt lat="48.1297630" lon="17.1226750">
    <ele>136.5</ele>
    <time>2025-09-30T17:13:13Z</time>
   </trkpt>
   <trkpt lat="48.1297620" lon="17.1226420">
    <ele>136.4</ele>
    <time>2025-09-30T17:13:14Z</time>
   </trkpt>
   <trkpt lat="48.1297620" lon="17.1226300">
    <ele>136.4</ele>
    <time>2025-09-30T17:13:15Z</time>
   </trkpt>
   <trkpt lat="48.1297610" lon="17.1226180">
    <ele>136.4</ele>
    <time>2025-09-30T17:13:16Z</time>
   </trkpt>
   <trkpt lat="48.1297600" lon="17.1226060">
    <ele>136.4</ele>
    <time>2025-09-30T17:13:17Z</time>
   </trkpt>
   <trkpt lat="48.1297600" lon="17.1225940">
    <ele>136.4</ele>
    <time>2025-09-30T17:13:18Z</time>
   </trkpt>
   <trkpt lat="48.1297590" lon="17.1225820">
    <ele>136.5</ele>
    <time>2025-09-30T17:13:19Z</time>
   </trkpt>
   <trkpt lat="48.1297580" lon="17.1225580">
    <ele>136.5</ele>
    <time>2025-09-30T17:13:20Z</time>
   </trkpt>
   <trkpt lat="48.1297540" lon="17.1225400">
    <ele>136.5</ele>
    <time>2025-09-30T17:13:21Z</time>
   </trkpt>
   <trkpt lat="48.1297410" lon="17.1225190">
    <ele>136.5</ele>
    <time>2025-09-30T17:13:22Z</time>
   </trkpt>
   <trkpt lat="48.1297340" lon="17.1225080">
    <ele>136.5</ele>
    <time>2025-09-30T17:13:23Z</time>
   </trkpt>
   <trkpt lat="48.1297260" lon="17.1224980">
    <ele>136.6</ele>
    <time>2025-09-30T17:13:24Z</time>
   </trkpt>
   <trkpt lat="48.1296920" lon="17.1224820">
    <ele>136.9</ele>
    <time>2025-09-30T17:13:25Z</time>
   </trkpt>
   <trkpt lat="48.1296790" lon="17.1224780">
    <ele>136.8</ele>
    <time>2025-09-30T17:13:26Z</time>
   </trkpt>
   <trkpt lat="48.1296500" lon="17.1224870">
    <ele>136.8</ele>
    <time>2025-09-30T17:13:27Z</time>
   </trkpt>
   <trkpt lat="48.1296400" lon="17.1224900">
    <ele>136.8</ele>
    <time>2025-09-30T17:13:28Z</time>
   </trkpt>
   <trkpt lat="48.1296260" lon="17.1224940">
    <ele>136.8</ele>
    <time>2025-09-30T17:13:29Z</time>
   </trkpt>
   <trkpt lat="48.1296110" lon="17.1224980">
    <ele>136.8</ele>
    <time>2025-09-30T17:13:30Z</time>
   </trkpt>
   <trkpt lat="48.1295840" lon="17.1225030">
    <ele>136.9</ele>
    <time>2025-09-30T17:13:31Z</time>
   </trkpt>
   <trkpt lat="48.1295710" lon="17.1225050">
    <ele>136.9</ele>
    <time>2025-09-30T17:13:32Z</time>
   </trkpt>
   <trkpt lat="48.1295530" lon="17.1225060">
    <ele>136.9</ele>
    <time>2025-09-30T17:13:33Z</time>
   </trkpt>
   <trkpt lat="48.1295380" lon="17.1225100">
    <ele>136.9</ele>
    <time>2025-09-30T17:13:34Z</time>
   </trkpt>
   <trkpt lat="48.1295090" lon="17.1225160">
    <ele>136.9</ele>
    <time>2025-09-30T17:13:35Z</time>
   </trkpt>
   <trkpt lat="48.1294940" lon="17.1225170">
    <ele>136.9</ele>
    <time>2025-09-30T17:13:36Z</time>
   </trkpt>
   <trkpt lat="48.1294800" lon="17.1225130">
    <ele>136.9</ele>
    <time>2025-09-30T17:13:37Z</time>
   </trkpt>
   <trkpt lat="48.1294710" lon="17.1225130">
    <ele>136.9</ele>
    <time>2025-09-30T17:13:38Z</time>
   </trkpt>
   <trkpt lat="48.1294630" lon="17.1225140">
    <ele>136.9</ele>
    <time>2025-09-30T17:13:39Z</time>
   </trkpt>
   <trkpt lat="48.1294420" lon="17.1225150">
    <ele>136.9</ele>
    <time>2025-09-30T17:13:40Z</time>
   </trkpt>
   <trkpt lat="48.1294310" lon="17.1225150">
    <ele>136.9</ele>
    <time>2025-09-30T17:13:41Z</time>
   </trkpt>
   <trkpt lat="48.1294210" lon="17.1225150">
    <ele>136.9</ele>
    <time>2025-09-30T17:13:42Z</time>
   </trkpt>
   <trkpt lat="48.1294050" lon="17.1225160">
    <ele>136.9</ele>
    <time>2025-09-30T17:13:43Z</time>
   </trkpt>
   <trkpt lat="48.1293940" lon="17.1225150">
    <ele>136.9</ele>
    <time>2025-09-30T17:13:44Z</time>
   </trkpt>
   <trkpt lat="48.1293850" lon="17.1225160">
    <ele>136.9</ele>
    <time>2025-09-30T17:13:45Z</time>
   </trkpt>
   <trkpt lat="48.1293690" lon="17.1225130">
    <ele>136.9</ele>
    <time>2025-09-30T17:13:46Z</time>
   </trkpt>
   <trkpt lat="48.1293580" lon="17.1225100">
    <ele>136.9</ele>
    <time>2025-09-30T17:13:47Z</time>
   </trkpt>
   <trkpt lat="48.1293440" lon="17.1225070">
    <ele>136.9</ele>
    <time>2025-09-30T17:13:48Z</time>
   </trkpt>
   <trkpt lat="48.1293250" lon="17.1225040">
    <ele>136.9</ele>
    <time>2025-09-30T17:13:49Z</time>
   </trkpt>
   <trkpt lat="48.1293140" lon="17.1225000">
    <ele>136.9</ele>
    <time>2025-09-30T17:13:50Z</time>
   </trkpt>
   <trkpt lat="48.1293050" lon="17.1224990">
    <ele>136.9</ele>
    <time>2025-09-30T17:13:51Z</time>
   </trkpt>
   <trkpt lat="48.1292970" lon="17.1224970">
    <ele>136.9</ele>
    <time>2025-09-30T17:13:52Z</time>
   </trkpt>
   <trkpt lat="48.1292840" lon="17.1224920">
    <ele>136.9</ele>
    <time>2025-09-30T17:13:53Z</time>
   </trkpt>
   <trkpt lat="48.1292680" lon="17.1224910">
    <ele>136.9</ele>
    <time>2025-09-30T17:13:54Z</time>
   </trkpt>
   <trkpt lat="48.1292540" lon="17.1224930">
    <ele>136.9</ele>
    <time>2025-09-30T17:13:55Z</time>
   </trkpt>
   <trkpt lat="48.1292400" lon="17.1224950">
    <ele>136.9</ele>
    <time>2025-09-30T17:13:56Z</time>
   </trkpt>
   <trkpt lat="48.1292210" lon="17.1224960">
    <ele>136.9</ele>
    <time>2025-09-30T17:13:57Z</time>
   </trkpt>
   <trkpt lat="48.1292090" lon="17.1224870">
    <ele>136.9</ele>
    <time>2025-09-30T17:13:58Z</time>
   </trkpt>
   <trkpt lat="48.1291960" lon="17.1224810">
    <ele>136.9</ele>
    <time>2025-09-30T17:13:59Z</time>
   </trkpt>
   <trkpt lat="48.1291840" lon="17.1224820">
    <ele>136.9</ele>
    <time>2025-09-30T17:14:00Z</time>
   </trkpt>
   <trkpt lat="48.1291750" lon="17.1224820">
    <ele>136.9</ele>
    <time>2025-09-30T17:14:01Z</time>
   </trkpt>
   <trkpt lat="48.1291670" lon="17.1224830">
    <ele>136.9</ele>
    <time>2025-09-30T17:14:02Z</time>
   </trkpt>
   <trkpt lat="48.1291550" lon="17.1224800">
    <ele>136.9</ele>
    <time>2025-09-30T17:14:03Z</time>
   </trkpt>
   <trkpt lat="48.1291430" lon="17.1224780">
    <ele>136.9</ele>
    <time>2025-09-30T17:14:04Z</time>
   </trkpt>
   <trkpt lat="48.1291230" lon="17.1224830">
    <ele>136.8</ele>
    <time>2025-09-30T17:14:05Z</time>
   </trkpt>
   <trkpt lat="48.1291150" lon="17.1224850">
    <ele>136.8</ele>
    <time>2025-09-30T17:14:06Z</time>
   </trkpt>
   <trkpt lat="48.1291060" lon="17.1224870">
    <ele>136.8</ele>
    <time>2025-09-30T17:14:07Z</time>
   </trkpt>
   <trkpt lat="48.1290980" lon="17.1224890">
    <ele>136.8</ele>
    <time>2025-09-30T17:14:08Z</time>
   </trkpt>
   <trkpt lat="48.1290840" lon="17.1224860">
    <ele>136.8</ele>
    <time>2025-09-30T17:14:09Z</time>
   </trkpt>
   <trkpt lat="48.1290690" lon="17.1224870">
    <ele>136.8</ele>
    <time>2025-09-30T17:14:10Z</time>
   </trkpt>
   <trkpt lat="48.1290550" lon="17.1224850">
    <ele>136.8</ele>
    <time>2025-09-30T17:14:11Z</time>
   </trkpt>
   <trkpt lat="48.1290420" lon="17.1224820">
    <ele>136.8</ele>
    <time>2025-09-30T17:14:12Z</time>
   </trkpt>
   <trkpt lat="48.1290250" lon="17.1224780">
    <ele>136.8</ele>
    <time>2025-09-30T17:14:13Z</time>
   </trkpt>
   <trkpt lat="48.1290180" lon="17.1224770">
    <ele>136.8</ele>
    <time>2025-09-30T17:14:14Z</time>
   </trkpt>
   <trkpt lat="48.1290100" lon="17.1224760">
    <ele>136.8</ele>
    <time>2025-09-30T17:14:15Z</time>
   </trkpt>
   <trkpt lat="48.1290020" lon="17.1224750">
    <ele>136.8</ele>
    <time>2025-09-30T17:14:16Z</time>
   </trkpt>
   <trkpt lat="48.1289860" lon="17.1224700">
    <ele>136.8</ele>
    <time>2025-09-30T17:14:17Z</time>
   </trkpt>
   <trkpt lat="48.1289700" lon="17.1224670">
    <ele>136.8</ele>
    <time>2025-09-30T17:14:18Z</time>
   </trkpt>
   <trkpt lat="48.1289500" lon="17.1224640">
    <ele>136.8</ele>
    <time>2025-09-30T17:14:19Z</time>
   </trkpt>
   <trkpt lat="48.1289440" lon="17.1224620">
    <ele>136.8</ele>
    <time>2025-09-30T17:14:20Z</time>
   </trkpt>
   <trkpt lat="48.1289370" lon="17.1224610">
    <ele>136.8</ele>
    <time>2025-09-30T17:14:21Z</time>
   </trkpt>
   <trkpt lat="48.1289310" lon="17.1224600">
    <ele>136.8</ele>
    <time>2025-09-30T17:14:22Z</time>
   </trkpt>
   <trkpt lat="48.1289170" lon="17.1224680">
    <ele>136.8</ele>
    <time>2025-09-30T17:14:23Z</time>
   </trkpt>
   <trkpt lat="48.1289030" lon="17.1224700">
    <ele>136.8</ele>
    <time>2025-09-30T17:14:24Z</time>
   </trkpt>
   <trkpt lat="48.1288810" lon="17.1224680">
    <ele>136.8</ele>
    <time>2025-09-30T17:14:25Z</time>
   </trkpt>
   <trkpt lat="48.1288700" lon="17.1224640">
    <ele>136.8</ele>
    <time>2025-09-30T17:14:26Z</time>
   </trkpt>
   <trkpt lat="48.1288580" lon="17.1224600">
    <ele>136.8</ele>
    <time>2025-09-30T17:14:27Z</time>
   </trkpt>
   <trkpt lat="48.1288210" lon="17.1224340">
    <ele>136.8</ele>
    <time>2025-09-30T17:14:28Z</time>
   </trkpt>
   <trkpt lat="48.1288090" lon="17.1224240">
    <ele>136.8</ele>
    <time>2025-09-30T17:14:29Z</time>
   </trkpt>
   <trkpt lat="48.1287800" lon="17.1224000">
    <ele>136.8</ele>
    <time>2025-09-30T17:14:30Z</time>
   </trkpt>
   <trkpt lat="48.1287570" lon="17.1224390">
    <ele>136.8</ele>
    <time>2025-09-30T17:14:31Z</time>
   </trkpt>
   <trkpt lat="48.1287500" lon="17.1224540">
    <ele>136.8</ele>
    <time>2025-09-30T17:14:32Z</time>
   </trkpt>
   <trkpt lat="48.1287390" lon="17.1224740">
    <ele>136.8</ele>
    <time>2025-09-30T17:14:33Z</time>
   </trkpt>
   <trkpt lat="48.1287310" lon="17.1224850">
    <ele>136.8</ele>
    <time>2025-09-30T17:14:34Z</time>
   </trkpt>
   <trkpt lat="48.1287290" lon="17.1224890">
    <ele>136.8</ele>
    <time>2025-09-30T17:14:35Z</time>
   </trkpt>
   <trkpt lat="48.1287260" lon="17.1224920">
    <ele>136.8</ele>
    <time>2025-09-30T17:14:36Z</time>
   </trkpt>
   <trkpt lat="48.1287190" lon="17.1224950">
    <ele>136.8</ele>
    <time>2025-09-30T17:14:37Z</time>
   </trkpt>
   <trkpt lat="48.1287140" lon="17.1224910">
    <ele>136.8</ele>
    <time>2025-09-30T17:14:38Z</time>
   </trkpt>
   <trkpt lat="48.1287120" lon="17.1224850">
    <ele>136.8</ele>
    <time>2025-09-30T17:14:39Z</time>
   </trkpt>
   <trkpt lat="48.1287090" lon="17.1224780">
    <ele>136.8</ele>
    <time>2025-09-30T17:14:40Z</time>
   </trkpt>
   <trkpt lat="48.1287080" lon="17.1224690">
    <ele>136.8</ele>
    <time>2025-09-30T17:14:41Z</time>
   </trkpt>
   <trkpt lat="48.1287070" lon="17.1224580">
    <ele>136.8</ele>
    <time>2025-09-30T17:14:42Z</time>
   </trkpt>
   <trkpt lat="48.1287070" lon="17.1224510">
    <ele>136.8</ele>
    <time>2025-09-30T17:14:43Z</time>
   </trkpt>
   <trkpt lat="48.1287060" lon="17.1224440">
    <ele>136.8</ele>
    <time>2025-09-30T17:14:44Z</time>
   </trkpt>
   <trkpt lat="48.1287040" lon="17.1224370">
    <ele>136.8</ele>
    <time>2025-09-30T17:14:45Z</time>
   </trkpt>
   <trkpt lat="48.1287040" lon="17.1224360">
    <ele>136.8</ele>
    <time>2025-09-30T17:14:46Z</time>
   </trkpt>
   <trkpt lat="48.1286990" lon="17.1224220">
    <ele>136.8</ele>
    <time>2025-09-30T17:14:47Z</time>
   </trkpt>
   <trkpt lat="48.1286930" lon="17.1224090">
    <ele>136.8</ele>
    <time>2025-09-30T17:14:48Z</time>
   </trkpt>
   <trkpt lat="48.1286920" lon="17.1223600">
    <ele>136.8</ele>
    <time>2025-09-30T17:14:49Z</time>
   </trkpt>
   <trkpt lat="48.1286940" lon="17.1223130">
    <ele>136.8</ele>
    <time>2025-09-30T17:14:50Z</time>
   </trkpt>
   <trkpt lat="48.1286950" lon="17.1222660">
    <ele>136.7</ele>
    <time>2025-09-30T17:14:51Z</time>
   </trkpt>
   <trkpt lat="48.1286960" lon="17.1222200">
    <ele>136.7</ele>
    <time>2025-09-30T17:14:52Z</time>
   </trkpt>
   <trkpt lat="48.1286970" lon="17.1221730">
    <ele>136.7</ele>
    <time>2025-09-30T17:14:53Z</time>
   </trkpt>
   <trkpt lat="48.1286990" lon="17.1221260">
    <ele>136.7</ele>
    <time>2025-09-30T17:14:54Z</time>
   </trkpt>
   <trkpt lat="48.1287000" lon="17.1220790">
    <ele>136.7</ele>
    <time>2025-09-30T17:14:55Z</time>
   </trkpt>
   <trkpt lat="48.1286970" lon="17.1220700">
    <ele>136.7</ele>
    <time>2025-09-30T17:14:56Z</time>
   </trkpt>
   <trkpt lat="48.1286930" lon="17.1220700">
    <ele>136.7</ele>
    <time>2025-09-30T17:14:57Z</time>
   </trkpt>
   <trkpt lat="48.1286900" lon="17.1220710">
    <ele>136.7</ele>
    <time>2025-09-30T17:14:58Z</time>
   </trkpt>
   <trkpt lat="48.1286860" lon="17.1220710">
    <ele>136.7</ele>
    <time>2025-09-30T17:14:59Z</time>
   </trkpt>
   <trkpt lat="48.1286820" lon="17.1220720">
    <ele>136.7</ele>
    <time>2025-09-30T17:15:00Z</time>
   </trkpt>
   <trkpt lat="48.1286780" lon="17.1220730">
    <ele>136.7</ele>
    <time>2025-09-30T17:15:01Z</time>
   </trkpt>
   <trkpt lat="48.1286740" lon="17.1220730">
    <ele>136.7</ele>
    <time>2025-09-30T17:15:02Z</time>
   </trkpt>
   <trkpt lat="48.1286700" lon="17.1220740">
    <ele>136.7</ele>
    <time>2025-09-30T17:15:03Z</time>
   </trkpt>
   <trkpt lat="48.1286670" lon="17.1220740">
    <ele>136.7</ele>
    <time>2025-09-30T17:15:04Z</time>
   </trkpt>
   <trkpt lat="48.1286630" lon="17.1220750">
    <ele>136.7</ele>
    <time>2025-09-30T17:15:05Z</time>
   </trkpt>
   <trkpt lat="48.1286590" lon="17.1220750">
    <ele>136.7</ele>
    <time>2025-09-30T17:15:06Z</time>
   </trkpt>
   <trkpt lat="48.1286550" lon="17.1220760">
    <ele>136.7</ele>
    <time>2025-09-30T17:15:07Z</time>
   </trkpt>
   <trkpt lat="48.1286280" lon="17.1220830">
    <ele>136.7</ele>
    <time>2025-09-30T17:15:08Z</time>
   </trkpt>
   <trkpt lat="48.1286180" lon="17.1220880">
    <ele>136.7</ele>
    <time>2025-09-30T17:15:09Z</time>
   </trkpt>
   <trkpt lat="48.1285860" lon="17.1221070">
    <ele>136.7</ele>
    <time>2025-09-30T17:15:10Z</time>
   </trkpt>
   <trkpt lat="48.1285690" lon="17.1221220">
    <ele>136.7</ele>
    <time>2025-09-30T17:15:11Z</time>
   </trkpt>
   <trkpt lat="48.1285430" lon="17.1221230">
    <ele>136.7</ele>
    <time>2025-09-30T17:15:12Z</time>
   </trkpt>
   <trkpt lat="48.1285320" lon="17.1221280">
    <ele>136.7</ele>
    <time>2025-09-30T17:15:13Z</time>
   </trkpt>
   <trkpt lat="48.1285170" lon="17.1221460">
    <ele>136.7</ele>
    <time>2025-09-30T17:15:14Z</time>
   </trkpt>
   <trkpt lat="48.1285030" lon="17.1221570">
    <ele>136.7</ele>
    <time>2025-09-30T17:15:15Z</time>
   </trkpt>
   <trkpt lat="48.1284860" lon="17.1221630">
    <ele>136.7</ele>
    <time>2025-09-30T17:15:16Z</time>
   </trkpt>
   <trkpt lat="48.1284700" lon="17.1221640">
    <ele>136.7</ele>
    <time>2025-09-30T17:15:17Z</time>
   </trkpt>
   <trkpt lat="48.1284530" lon="17.1221560">
    <ele>136.7</ele>
    <time>2025-09-30T17:15:18Z</time>
   </trkpt>
   <trkpt lat="48.1284350" lon="17.1221510">
    <ele>136.7</ele>
    <time>2025-09-30T17:15:19Z</time>
   </trkpt>
   <trkpt lat="48.1284170" lon="17.1221430">
    <ele>136.7</ele>
    <time>2025-09-30T17:15:20Z</time>
   </trkpt>
   <trkpt lat="48.1284040" lon="17.1221390">
    <ele>136.7</ele>
    <time>2025-09-30T17:15:21Z</time>
   </trkpt>
   <trkpt lat="48.1283900" lon="17.1221390">
    <ele>136.7</ele>
    <time>2025-09-30T17:15:22Z</time>
   </trkpt>
   <trkpt lat="48.1283780" lon="17.1221390">
    <ele>136.7</ele>
    <time>2025-09-30T17:15:23Z</time>
   </trkpt>
   <trkpt lat="48.1283750" lon="17.1221440">
    <ele>136.7</ele>
    <time>2025-09-30T17:15:24Z</time>
   </trkpt>
   <trkpt lat="48.1283720" lon="17.1221490">
    <ele>136.7</ele>
    <time>2025-09-30T17:15:25Z</time>
   </trkpt>
   <trkpt lat="48.1283670" lon="17.1221510">
    <ele>136.7</ele>
    <time>2025-09-30T17:15:26Z</time>
   </trkpt>
   <trkpt lat="48.1283590" lon="17.1221490">
    <ele>136.7</ele>
    <time>2025-09-30T17:15:27Z</time>
   </trkpt>
   <trkpt lat="48.1283490" lon="17.1221470">
    <ele>136.7</ele>
    <time>2025-09-30T17:15:28Z</time>
   </trkpt>
   <trkpt lat="48.1283400" lon="17.1221440">
    <ele>136.7</ele>
    <time>2025-09-30T17:15:29Z</time>
   </trkpt>
   <trkpt lat="48.1283300" lon="17.1221420">
    <ele>136.7</ele>
    <time>2025-09-30T17:15:30Z</time>
   </trkpt>
   <trkpt lat="48.1283190" lon="17.1221410">
    <ele>136.7</ele>
    <time>2025-09-30T17:15:31Z</time>
   </trkpt>
   <trkpt lat="48.1283100" lon="17.1221410">
    <ele>136.7</ele>
    <time>2025-09-30T17:15:32Z</time>
   </trkpt>
   <trkpt lat="48.1282990" lon="17.1221420">
    <ele>136.7</ele>
    <time>2025-09-30T17:15:33Z</time>
   </trkpt>
   <trkpt lat="48.1282900" lon="17.1221410">
    <ele>136.6</ele>
    <time>2025-09-30T17:15:34Z</time>
   </trkpt>
   <trkpt lat="48.1282790" lon="17.1221400">
    <ele>136.6</ele>
    <time>2025-09-30T17:15:35Z</time>
   </trkpt>
   <trkpt lat="48.1282580" lon="17.1221400">
    <ele>136.6</ele>
    <time>2025-09-30T17:15:36Z</time>
   </trkpt>
   <trkpt lat="48.1282490" lon="17.1221400">
    <ele>136.6</ele>
    <time>2025-09-30T17:15:37Z</time>
   </trkpt>
   <trkpt lat="48.1282410" lon="17.1221410">
    <ele>136.6</ele>
    <time>2025-09-30T17:15:38Z</time>
   </trkpt>
   <trkpt lat="48.1282190" lon="17.1221380">
    <ele>136.6</ele>
    <time>2025-09-30T17:15:39Z</time>
   </trkpt>
   <trkpt lat="48.1282110" lon="17.1221380">
    <ele>136.6</ele>
    <time>2025-09-30T17:15:40Z</time>
   </trkpt>
   <trkpt lat="48.1282020" lon="17.1221370">
    <ele>136.6</ele>
    <time>2025-09-30T17:15:41Z</time>
   </trkpt>
   <trkpt lat="48.1281800" lon="17.1221310">
    <ele>136.6</ele>
    <time>2025-09-30T17:15:42Z</time>
   </trkpt>
   <trkpt lat="48.1281710" lon="17.1221290">
    <ele>136.6</ele>
    <time>2025-09-30T17:15:43Z</time>
   </trkpt>
   <trkpt lat="48.1281630" lon="17.1221260">
    <ele>136.6</ele>
    <time>2025-09-30T17:15:44Z</time>
   </trkpt>
   <trkpt lat="48.1281590" lon="17.1221250">
    <ele>136.6</ele>
    <time>2025-09-30T17:15:45Z</time>
   </trkpt>
   <trkpt lat="48.1281560" lon="17.1221130">
    <ele>136.6</ele>
    <time>2025-09-30T17:15:46Z</time>
   </trkpt>
   <trkpt lat="48.1281500" lon="17.1221030">
    <ele>136.6</ele>
    <time>2025-09-30T17:15:47Z</time>
   </trkpt>
   <trkpt lat="48.1281430" lon="17.1220920">
    <ele>136.6</ele>
    <time>2025-09-30T17:15:48Z</time>
   </trkpt>
   <trkpt lat="48.1281360" lon="17.1220800">
    <ele>136.7</ele>
    <time>2025-09-30T17:15:49Z</time>
   </trkpt>
   <trkpt lat="48.1281250" lon="17.1220690">
    <ele>136.7</ele>
    <time>2025-09-30T17:15:50Z</time>
   </trkpt>
   <trkpt lat="48.1281130" lon="17.1220650">
    <ele>136.7</ele>
    <time>2025-09-30T17:15:51Z</time>
   </trkpt>
   <trkpt lat="48.1280910" lon="17.1220660">
    <ele>136.7</ele>
    <time>2025-09-30T17:15:52Z</time>
   </trkpt>
   <trkpt lat="48.1280820" lon="17.1220650">
    <ele>136.7</ele>
    <time>2025-09-30T17:15:53Z</time>
   </trkpt>
   <trkpt lat="48.1280730" lon="17.1220640">
    <ele>136.8</ele>
    <time>2025-09-30T17:15:54Z</time>
   </trkpt>
   <trkpt lat="48.1280530" lon="17.1220650">
    <ele>136.8</ele>
    <time>2025-09-30T17:15:55Z</time>
   </trkpt>
   <trkpt lat="48.1280490" lon="17.1220610">
    <ele>136.8</ele>
    <time>2025-09-30T17:15:56Z</time>
   </trkpt>
   <trkpt lat="48.1280460" lon="17.1220540">
    <ele>136.8</ele>
    <time>2025-09-30T17:15:57Z</time>
   </trkpt>
   <trkpt lat="48.1280460" lon="17.1220420">
    <ele>136.8</ele>
    <time>2025-09-30T17:15:58Z</time>
   </trkpt>
   <trkpt lat="48.1280400" lon="17.1220420">
    <ele>136.8</ele>
    <time>2025-09-30T17:15:59Z</time>
   </trkpt>
   <trkpt lat="48.1280300" lon="17.1220510">
    <ele>136.8</ele>
    <time>2025-09-30T17:16:00Z</time>
   </trkpt>
   <trkpt lat="48.1280210" lon="17.1220620">
    <ele>136.7</ele>
    <time>2025-09-30T17:16:01Z</time>
   </trkpt>
   <trkpt lat="48.1280140" lon="17.1220670">
    <ele>136.7</ele>
    <time>2025-09-30T17:16:02Z</time>
   </trkpt>
   <trkpt lat="48.1279910" lon="17.1220480">
    <ele>136.7</ele>
    <time>2025-09-30T17:16:03Z</time>
   </trkpt>
   <trkpt lat="48.1279770" lon="17.1220290">
    <ele>136.7</ele>
    <time>2025-09-30T17:16:04Z</time>
   </trkpt>
   <trkpt lat="48.1279610" lon="17.1220240">
    <ele>136.7</ele>
    <time>2025-09-30T17:16:05Z</time>
   </trkpt>
   <trkpt lat="48.1279410" lon="17.1220290">
    <ele>136.7</ele>
    <time>2025-09-30T17:16:06Z</time>
   </trkpt>
   <trkpt lat="48.1279130" lon="17.1220320">
    <ele>136.7</ele>
    <time>2025-09-30T17:16:07Z</time>
   </trkpt>
   <trkpt lat="48.1279030" lon="17.1220300">
    <ele>136.7</ele>
    <time>2025-09-30T17:16:08Z</time>
   </trkpt>
   <trkpt lat="48.1278850" lon="17.1220240">
    <ele>136.7</ele>
    <time>2025-09-30T17:16:09Z</time>
   </trkpt>
   <trkpt lat="48.1278710" lon="17.1220150">
    <ele>136.7</ele>
    <time>2025-09-30T17:16:10Z</time>
   </trkpt>
   <trkpt lat="48.1278690" lon="17.1219830">
    <ele>136.6</ele>
    <time>2025-09-30T17:16:11Z</time>
   </trkpt>
   <trkpt lat="48.1278730" lon="17.1219710">
    <ele>136.6</ele>
    <time>2025-09-30T17:16:12Z</time>
   </trkpt>
   <trkpt lat="48.1278770" lon="17.1219580">
    <ele>136.6</ele>
    <time>2025-09-30T17:16:13Z</time>
   </trkpt>
   <trkpt lat="48.1278870" lon="17.1219150">
    <ele>136.6</ele>
    <time>2025-09-30T17:16:14Z</time>
   </trkpt>
   <trkpt lat="48.1278950" lon="17.1218990">
    <ele>136.6</ele>
    <time>2025-09-30T17:16:15Z</time>
   </trkpt>
   <trkpt lat="48.1279220" lon="17.1218620">
    <ele>136.6</ele>
    <time>2025-09-30T17:16:16Z</time>
   </trkpt>
   <trkpt lat="48.1279300" lon="17.1218510">
    <ele>136.6</ele>
    <time>2025-09-30T17:16:17Z</time>
   </trkpt>
   <trkpt lat="48.1279420" lon="17.1218320">
    <ele>136.6</ele>
    <time>2025-09-30T17:16:18Z</time>
   </trkpt>
   <trkpt lat="48.1279440" lon="17.1218290">
    <ele>136.6</ele>
    <time>2025-09-30T17:16:19Z</time>
   </trkpt>
   <trkpt lat="48.1279470" lon="17.1218200">
    <ele>136.6</ele>
    <time>2025-09-30T17:16:20Z</time>
   </trkpt>
   <trkpt lat="48.1279520" lon="17.1218110">
    <ele>136.6</ele>
    <time>2025-09-30T17:16:21Z</time>
   </trkpt>
   <trkpt lat="48.1279580" lon="17.1218030">
    <ele>136.6</ele>
    <time>2025-09-30T17:16:22Z</time>
   </trkpt>
   <trkpt lat="48.1279630" lon="17.1217980">
    <ele>136.6</ele>
    <time>2025-09-30T17:16:23Z</time>
   </trkpt>
   <trkpt lat="48.1279640" lon="17.1217990">
    <ele>136.6</ele>
    <time>2025-09-30T17:16:24Z</time>
   </trkpt>
   <trkpt lat="48.1279650" lon="17.1217960">
    <ele>136.6</ele>
    <time>2025-09-30T17:16:25Z</time>
   </trkpt>
   <trkpt lat="48.1279690" lon="17.1217940">
    <ele>136.6</ele>
    <time>2025-09-30T17:16:26Z</time>
   </trkpt>
   <trkpt lat="48.1279670" lon="17.1217990">
    <ele>136.6</ele>
    <time>2025-09-30T17:16:27Z</time>
   </trkpt>
   <trkpt lat="48.1279670" lon="17.1218010">
    <ele>136.6</ele>
    <time>2025-09-30T17:16:28Z</time>
   </trkpt>
   <trkpt lat="48.1279690" lon="17.1217950">
    <ele>136.6</ele>
    <time>2025-09-30T17:16:29Z</time>
   </trkpt>
   <trkpt lat="48.1279710" lon="17.1217860">
    <ele>136.6</ele>
    <time>2025-09-30T17:16:30Z</time>
   </trkpt>
   <trkpt lat="48.1279700" lon="17.1217960">
    <ele>136.6</ele>
    <time>2025-09-30T17:16:31Z</time>
   </trkpt>
   <trkpt lat="48.1279720" lon="17.1217930">
    <ele>136.6</ele>
    <time>2025-09-30T17:16:32Z</time>
   </trkpt>
   <trkpt lat="48.1279680" lon="17.1218080">
    <ele>136.6</ele>
    <time>2025-09-30T17:16:33Z</time>
   </trkpt>
   <trkpt lat="48.1279770" lon="17.1218100">
    <ele>136.6</ele>
    <time>2025-09-30T17:16:34Z</time>
   </trkpt>
   <trkpt lat="48.1279760" lon="17.1218130">
    <ele>136.6</ele>
    <time>2025-09-30T17:16:35Z</time>
   </trkpt>
   <trkpt lat="48.1279700" lon="17.1218190">
    <ele>136.6</ele>
    <time>2025-09-30T17:16:36Z</time>
   </trkpt>
   <trkpt lat="48.1279670" lon="17.1218260">
    <ele>136.6</ele>
    <time>2025-09-30T17:16:37Z</time>
   </trkpt>
   <trkpt lat="48.1279650" lon="17.1218310">
    <ele>136.6</ele>
    <time>2025-09-30T17:16:38Z</time>
   </trkpt>
   <trkpt lat="48.1279630" lon="17.1218340">
    <ele>136.6</ele>
    <time>2025-09-30T17:16:39Z</time>
   </trkpt>
   <trkpt lat="48.1279620" lon="17.1218350">
    <ele>136.6</ele>
    <time>2025-09-30T17:16:40Z</time>
   </trkpt>
   <trkpt lat="48.1279610" lon="17.1218370">
    <ele>136.6</ele>
    <time>2025-09-30T17:16:41Z</time>
   </trkpt>
   <trkpt lat="48.1279600" lon="17.1218390">
    <ele>136.6</ele>
    <time>2025-09-30T17:16:42Z</time>
   </trkpt>
   <trkpt lat="48.1279590" lon="17.1218410">
    <ele>136.6</ele>
    <time>2025-09-30T17:16:43Z</time>
   </trkpt>
   <trkpt lat="48.1279570" lon="17.1218430">
    <ele>136.6</ele>
    <time>2025-09-30T17:16:44Z</time>
   </trkpt>
   <trkpt lat="48.1279580" lon="17.1218460">
    <ele>136.6</ele>
    <time>2025-09-30T17:16:45Z</time>
   </trkpt>
   <trkpt lat="48.1279580" lon="17.1218480">
    <ele>136.6</ele>
    <time>2025-09-30T17:16:46Z</time>
   </trkpt>
   <trkpt lat="48.1279570" lon="17.1218490">
    <ele>136.6</ele>
    <time>2025-09-30T17:16:47Z</time>
   </trkpt>
   <trkpt lat="48.1279570" lon="17.1218510">
    <ele>136.6</ele>
    <time>2025-09-30T17:16:48Z</time>
   </trkpt>
   <trkpt lat="48.1279560" lon="17.1218520">
    <ele>136.6</ele>
    <time>2025-09-30T17:16:49Z</time>
   </trkpt>
   <trkpt lat="48.1279550" lon="17.1218520">
    <ele>136.6</ele>
    <time>2025-09-30T17:16:50Z</time>
   </trkpt>
   <trkpt lat="48.1279550" lon="17.1218520">
    <ele>136.6</ele>
    <time>2025-09-30T17:16:51Z</time>
   </trkpt>
   <trkpt lat="48.1279540" lon="17.1218510">
    <ele>136.6</ele>
    <time>2025-09-30T17:16:52Z</time>
   </trkpt>
   <trkpt lat="48.1279530" lon="17.1218520">
    <ele>136.6</ele>
    <time>2025-09-30T17:16:53Z</time>
   </trkpt>
   <trkpt lat="48.1279500" lon="17.1218570">
    <ele>136.6</ele>
    <time>2025-09-30T17:16:54Z</time>
   </trkpt>
   <trkpt lat="48.1279490" lon="17.1218590">
    <ele>136.6</ele>
    <time>2025-09-30T17:16:55Z</time>
   </trkpt>
   <trkpt lat="48.1279490" lon="17.1218590">
    <ele>136.6</ele>
    <time>2025-09-30T17:16:56Z</time>
   </trkpt>
   <trkpt lat="48.1279490" lon="17.1218590">
    <ele>136.6</ele>
    <time>2025-09-30T17:16:57Z</time>
   </trkpt>
   <trkpt lat="48.1279490" lon="17.1218590">
    <ele>136.6</ele>
    <time>2025-09-30T17:16:58Z</time>
   </trkpt>
   <trkpt lat="48.1279490" lon="17.1218590">
    <ele>136.6</ele>
    <time>2025-09-30T17:16:59Z</time>
   </trkpt>
   <trkpt lat="48.1279490" lon="17.1218590">
    <ele>136.6</ele>
    <time>2025-09-30T17:17:00Z</time>
   </trkpt>
   <trkpt lat="48.1279490" lon="17.1218590">
    <ele>136.6</ele>
    <time>2025-09-30T17:17:01Z</time>
   </trkpt>
   <trkpt lat="48.1279490" lon="17.1218590">
    <ele>136.6</ele>
    <time>2025-09-30T17:17:02Z</time>
   </trkpt>
   <trkpt lat="48.1279490" lon="17.1218590">
    <ele>136.6</ele>
    <time>2025-09-30T17:17:03Z</time>
   </trkpt>
   <trkpt lat="48.1279490" lon="17.1218590">
    <ele>136.6</ele>
    <time>2025-09-30T17:17:04Z</time>
   </trkpt>
   <trkpt lat="48.1279490" lon="17.1218590">
    <ele>136.6</ele>
    <time>2025-09-30T17:17:05Z</time>
   </trkpt>
   <trkpt lat="48.1279490" lon="17.1218590">
    <ele>136.6</ele>
    <time>2025-09-30T17:17:06Z</time>
   </trkpt>
   <trkpt lat="48.1279490" lon="17.1218590">
    <ele>136.6</ele>
    <time>2025-09-30T17:17:07Z</time>
   </trkpt>
   <trkpt lat="48.1279490" lon="17.1218590">
    <ele>136.6</ele>
    <time>2025-09-30T17:17:08Z</time>
   </trkpt>
   <trkpt lat="48.1279490" lon="17.1218590">
    <ele>136.6</ele>
    <time>2025-09-30T17:17:09Z</time>
   </trkpt>
   <trkpt lat="48.1279490" lon="17.1218600">
    <ele>136.6</ele>
    <time>2025-09-30T17:17:10Z</time>
   </trkpt>
   <trkpt lat="48.1279490" lon="17.1218600">
    <ele>136.6</ele>
    <time>2025-09-30T17:17:11Z</time>
   </trkpt>
   <trkpt lat="48.1279490" lon="17.1218600">
    <ele>136.6</ele>
    <time>2025-09-30T17:17:12Z</time>
   </trkpt>
   <trkpt lat="48.1279490" lon="17.1218600">
    <ele>136.6</ele>
    <time>2025-09-30T17:17:13Z</time>
   </trkpt>
   <trkpt lat="48.1279490" lon="17.1218600">
    <ele>136.6</ele>
    <time>2025-09-30T17:17:14Z</time>
   </trkpt>
   <trkpt lat="48.1279490" lon="17.1218600">
    <ele>136.6</ele>
    <time>2025-09-30T17:17:15Z</time>
   </trkpt>
   <trkpt lat="48.1279490" lon="17.1218600">
    <ele>136.6</ele>
    <time>2025-09-30T17:17:16Z</time>
   </trkpt>
   <trkpt lat="48.1279490" lon="17.1218600">
    <ele>136.6</ele>
    <time>2025-09-30T17:17:17Z</time>
   </trkpt>
   <trkpt lat="48.1279490" lon="17.1218600">
    <ele>136.6</ele>
    <time>2025-09-30T17:17:18Z</time>
   </trkpt>
   <trkpt lat="48.1279490" lon="17.1218600">
    <ele>136.6</ele>
    <time>2025-09-30T17:17:19Z</time>
   </trkpt>
   <trkpt lat="48.1279490" lon="17.1218600">
    <ele>136.6</ele>
    <time>2025-09-30T17:17:20Z</time>
   </trkpt>
   <trkpt lat="48.1279490" lon="17.1218600">
    <ele>136.6</ele>
    <time>2025-09-30T17:17:21Z</time>
   </trkpt>
   <trkpt lat="48.1279490" lon="17.1218600">
    <ele>136.6</ele>
    <time>2025-09-30T17:17:22Z</time>
   </trkpt>
   <trkpt lat="48.1279490" lon="17.1218600">
    <ele>136.6</ele>
    <time>2025-09-30T17:17:23Z</time>
   </trkpt>
   <trkpt lat="48.1279490" lon="17.1218600">
    <ele>136.6</ele>
    <time>2025-09-30T17:17:24Z</time>
   </trkpt>
   <trkpt lat="48.1279490" lon="17.1218600">
    <ele>136.6</ele>
    <time>2025-09-30T17:17:25Z</time>
   </trkpt>
   <trkpt lat="48.1279490" lon="17.1218600">
    <ele>136.6</ele>
    <time>2025-09-30T17:17:26Z</time>
   </trkpt>
   <trkpt lat="48.1279490" lon="17.1218600">
    <ele>136.6</ele>
    <time>2025-09-30T17:17:27Z</time>
   </trkpt>
   <trkpt lat="48.1279490" lon="17.1218600">
    <ele>136.6</ele>
    <time>2025-09-30T17:17:28Z</time>
   </trkpt>
   <trkpt lat="48.1279490" lon="17.1218600">
    <ele>136.6</ele>
    <time>2025-09-30T17:17:29Z</time>
   </trkpt>
   <trkpt lat="48.1279490" lon="17.1218600">
    <ele>136.6</ele>
    <time>2025-09-30T17:17:30Z</time>
   </trkpt>
   <trkpt lat="48.1279490" lon="17.1218600">
    <ele>136.6</ele>
    <time>2025-09-30T17:17:31Z</time>
   </trkpt>
   <trkpt lat="48.1279490" lon="17.1218600">
    <ele>136.6</ele>
    <time>2025-09-30T17:17:32Z</time>
   </trkpt>
   <trkpt lat="48.1279490" lon="17.1218600">
    <ele>136.6</ele>
    <time>2025-09-30T17:17:33Z</time>
   </trkpt>
   <trkpt lat="48.1279480" lon="17.1218580">
    <ele>136.6</ele>
    <time>2025-09-30T17:17:34Z</time>
   </trkpt>
   <trkpt lat="48.1279480" lon="17.1218580">
    <ele>136.6</ele>
    <time>2025-09-30T17:17:35Z</time>
   </trkpt>
   <trkpt lat="48.1279480" lon="17.1218590">
    <ele>136.6</ele>
    <time>2025-09-30T17:17:36Z</time>
   </trkpt>
   <trkpt lat="48.1279480" lon="17.1218600">
    <ele>136.6</ele>
    <time>2025-09-30T17:17:37Z</time>
   </trkpt>
   <trkpt lat="48.1279480" lon="17.1218600">
    <ele>136.6</ele>
    <time>2025-09-30T17:17:38Z</time>
   </trkpt>
   <trkpt lat="48.1279480" lon="17.1218600">
    <ele>136.6</ele>
    <time>2025-09-30T17:17:39Z</time>
   </trkpt>
   <trkpt lat="48.1279480" lon="17.1218600">
    <ele>136.6</ele>
    <time>2025-09-30T17:17:40Z</time>
   </trkpt>
   <trkpt lat="48.1279480" lon="17.1218600">
    <ele>136.6</ele>
    <time>2025-09-30T17:17:41Z</time>
   </trkpt>
   <trkpt lat="48.1279480" lon="17.1218600">
    <ele>136.6</ele>
    <time>2025-09-30T17:17:42Z</time>
   </trkpt>
   <trkpt lat="48.1279480" lon="17.1218600">
    <ele>136.6</ele>
    <time>2025-09-30T17:17:43Z</time>
   </trkpt>
   <trkpt lat="48.1279480" lon="17.1218600">
    <ele>136.6</ele>
    <time>2025-09-30T17:17:44Z</time>
   </trkpt>
   <trkpt lat="48.1279480" lon="17.1218600">
    <ele>136.6</ele>
    <time>2025-09-30T17:17:45Z</time>
   </trkpt>
   <trkpt lat="48.1279480" lon="17.1218600">
    <ele>136.6</ele>
    <time>2025-09-30T17:17:46Z</time>
   </trkpt>
   <trkpt lat="48.1279480" lon="17.1218600">
    <ele>136.6</ele>
    <time>2025-09-30T17:17:47Z</time>
   </trkpt>
   <trkpt lat="48.1279480" lon="17.1218600">
    <ele>136.6</ele>
    <time>2025-09-30T17:17:48Z</time>
   </trkpt>
   <trkpt lat="48.1279480" lon="17.1218600">
    <ele>136.6</ele>
    <time>2025-09-30T17:17:49Z</time>
   </trkpt>
   <trkpt lat="48.1279480" lon="17.1218600">
    <ele>136.6</ele>
    <time>2025-09-30T17:17:50Z</time>
   </trkpt>
   <trkpt lat="48.1279480" lon="17.1218600">
    <ele>136.6</ele>
    <time>2025-09-30T17:17:51Z</time>
   </trkpt>
   <trkpt lat="48.1279480" lon="17.1218600">
    <ele>136.6</ele>
    <time>2025-09-30T17:17:52Z</time>
   </trkpt>
   <trkpt lat="48.1279480" lon="17.1218600">
    <ele>136.6</ele>
    <time>2025-09-30T17:17:53Z</time>
   </trkpt>
   <trkpt lat="48.1279480" lon="17.1218600">
    <ele>136.6</ele>
    <time>2025-09-30T17:17:54Z</time>
   </trkpt>
   <trkpt lat="48.1279520" lon="17.1218550">
    <ele>136.6</ele>
    <time>2025-09-30T17:17:55Z</time>
   </trkpt>
   <trkpt lat="48.1279530" lon="17.1218540">
    <ele>136.6</ele>
    <time>2025-09-30T17:17:56Z</time>
   </trkpt>
   <trkpt lat="48.1279530" lon="17.1218540">
    <ele>136.6</ele>
    <time>2025-09-30T17:17:57Z</time>
   </trkpt>
   <trkpt lat="48.1279640" lon="17.1218410">
    <ele>136.6</ele>
    <time>2025-09-30T17:17:58Z</time>
   </trkpt>
   <trkpt lat="48.1279660" lon="17.1218400">
    <ele>136.6</ele>
    <time>2025-09-30T17:17:59Z</time>
   </trkpt>
   <trkpt lat="48.1279650" lon="17.1218400">
    <ele>136.6</ele>
    <time>2025-09-30T17:18:00Z</time>
   </trkpt>
   <trkpt lat="48.1279650" lon="17.1218400">
    <ele>136.6</ele>
    <time>2025-09-30T17:18:01Z</time>
   </trkpt>
   <trkpt lat="48.1279650" lon="17.1218400">
    <ele>136.6</ele>
    <time>2025-09-30T17:18:02Z</time>
   </trkpt>
   <trkpt lat="48.1279650" lon="17.1218400">
    <ele>136.6</ele>
    <time>2025-09-30T17:18:03Z</time>
   </trkpt>
   <trkpt lat="48.1279650" lon="17.1218400">
    <ele>136.6</ele>
    <time>2025-09-30T17:18:04Z</time>
   </trkpt>
   <trkpt lat="48.1279650" lon="17.1218400">
    <ele>136.6</ele>
    <time>2025-09-30T17:18:05Z</time>
   </trkpt>
   <trkpt lat="48.1279650" lon="17.1218400">
    <ele>136.6</ele>
    <time>2025-09-30T17:18:06Z</time>
   </trkpt>
   <trkpt lat="48.1279650" lon="17.1218400">
    <ele>136.6</ele>
    <time>2025-09-30T17:18:07Z</time>
   </trkpt>
   <trkpt lat="48.1279650" lon="17.1218400">
    <ele>136.6</ele>
    <time>2025-09-30T17:18:08Z</time>
   </trkpt>
   <trkpt lat="48.1279650" lon="17.1218400">
    <ele>136.6</ele>
    <time>2025-09-30T17:18:09Z</time>
   </trkpt>
   <trkpt lat="48.1279650" lon="17.1218400">
    <ele>136.6</ele>
    <time>2025-09-30T17:18:10Z</time>
   </trkpt>
   <trkpt lat="48.1279650" lon="17.1218400">
    <ele>136.6</ele>
    <time>2025-09-30T17:18:11Z</time>
   </trkpt>
   <trkpt lat="48.1279650" lon="17.1218400">
    <ele>136.6</ele>
    <time>2025-09-30T17:18:12Z</time>
   </trkpt>
   <trkpt lat="48.1279650" lon="17.1218400">
    <ele>136.6</ele>
    <time>2025-09-30T17:18:13Z</time>
   </trkpt>
   <trkpt lat="48.1279650" lon="17.1218400">
    <ele>136.6</ele>
    <time>2025-09-30T17:18:14Z</time>
   </trkpt>
   <trkpt lat="48.1279770" lon="17.1218150">
    <ele>136.6</ele>
    <time>2025-09-30T17:18:15Z</time>
   </trkpt>
   <trkpt lat="48.1279770" lon="17.1218030">
    <ele>136.6</ele>
    <time>2025-09-30T17:18:16Z</time>
   </trkpt>
   <trkpt lat="48.1279770" lon="17.1217880">
    <ele>136.6</ele>
    <time>2025-09-30T17:18:17Z</time>
   </trkpt>
   <trkpt lat="48.1279720" lon="17.1217730">
    <ele>136.6</ele>
    <time>2025-09-30T17:18:18Z</time>
   </trkpt>
   <trkpt lat="48.1279640" lon="17.1217600">
    <ele>136.6</ele>
    <time>2025-09-30T17:18:19Z</time>
   </trkpt>
   <trkpt lat="48.1279530" lon="17.1217430">
    <ele>136.6</ele>
    <time>2025-09-30T17:18:20Z</time>
   </trkpt>
   <trkpt lat="48.1279550" lon="17.1217340">
    <ele>136.6</ele>
    <time>2025-09-30T17:18:21Z</time>
   </trkpt>
   <trkpt lat="48.1279520" lon="17.1217260">
    <ele>136.6</ele>
    <time>2025-09-30T17:18:22Z</time>
   </trkpt>
   <trkpt lat="48.1281410" lon="17.1218970">
    <ele>136.8</ele>
    <time>2025-09-30T17:21:18Z</time>
   </trkpt>
   <trkpt lat="48.1280110" lon="17.1219060">
    <ele>136.7</ele>
    <time>2025-09-30T17:21:25Z</time>
   </trkpt>
   <trkpt lat="48.1279890" lon="17.1218550">
    <ele>136.6</ele>
    <time>2025-09-30T17:21:27Z</time>
   </trkpt>
   <trkpt lat="48.1279940" lon="17.1218460">
    <ele>136.6</ele>
    <time>2025-09-30T17:21:28Z</time>
   </trkpt>
   <trkpt lat="48.1279960" lon="17.1218420">
    <ele>136.6</ele>
    <time>2025-09-30T17:21:29Z</time>
   </trkpt>
   <trkpt lat="48.1280070" lon="17.1218340">
    <ele>136.6</ele>
    <time>2025-09-30T17:21:30Z</time>
   </trkpt>
   <trkpt lat="48.1280160" lon="17.1218270">
    <ele>136.6</ele>
    <time>2025-09-30T17:21:31Z</time>
   </trkpt>
   <trkpt lat="48.1280270" lon="17.1218240">
    <ele>136.6</ele>
    <time>2025-09-30T17:21:32Z</time>
   </trkpt>
   <trkpt lat="48.1280320" lon="17.1218270">
    <ele>136.6</ele>
    <time>2025-09-30T17:21:33Z</time>
   </trkpt>
   <trkpt lat="48.1280370" lon="17.1218300">
    <ele>136.6</ele>
    <time>2025-09-30T17:21:34Z</time>
   </trkpt>
   <trkpt lat="48.1280320" lon="17.1218420">
    <ele>136.6</ele>
    <time>2025-09-30T17:21:35Z</time>
   </trkpt>
   <trkpt lat="48.1280300" lon="17.1218450">
    <ele>136.6</ele>
    <time>2025-09-30T17:21:36Z</time>
   </trkpt>
   <trkpt lat="48.1280290" lon="17.1218450">
    <ele>136.6</ele>
    <time>2025-09-30T17:21:37Z</time>
   </trkpt>
   <trkpt lat="48.1280310" lon="17.1218430">
    <ele>136.6</ele>
    <time>2025-09-30T17:21:38Z</time>
   </trkpt>
   <trkpt lat="48.1280320" lon="17.1218400">
    <ele>136.6</ele>
    <time>2025-09-30T17:21:39Z</time>
   </trkpt>
   <trkpt lat="48.1280330" lon="17.1218360">
    <ele>136.6</ele>
    <time>2025-09-30T17:21:40Z</time>
   </trkpt>
   <trkpt lat="48.1280340" lon="17.1218340">
    <ele>136.6</ele>
    <time>2025-09-30T17:21:41Z</time>
   </trkpt>
   <trkpt lat="48.1280360" lon="17.1218320">
    <ele>136.6</ele>
    <time>2025-09-30T17:21:42Z</time>
   </trkpt>
   <trkpt lat="48.1280370" lon="17.1218310">
    <ele>136.6</ele>
    <time>2025-09-30T17:21:43Z</time>
   </trkpt>
   <trkpt lat="48.1280390" lon="17.1218310">
    <ele>136.6</ele>
    <time>2025-09-30T17:21:44Z</time>
   </trkpt>
   <trkpt lat="48.1280430" lon="17.1218290">
    <ele>136.6</ele>
    <time>2025-09-30T17:21:45Z</time>
   </trkpt>
   <trkpt lat="48.1280440" lon="17.1218340">
    <ele>136.6</ele>
    <time>2025-09-30T17:21:46Z</time>
   </trkpt>
   <trkpt lat="48.1280470" lon="17.1218310">
    <ele>136.6</ele>
    <time>2025-09-30T17:21:47Z</time>
   </trkpt>
   <trkpt lat="48.1280470" lon="17.1218300">
    <ele>136.6</ele>
    <time>2025-09-30T17:21:48Z</time>
   </trkpt>
   <trkpt lat="48.1280490" lon="17.1218260">
    <ele>136.6</ele>
    <time>2025-09-30T17:21:49Z</time>
   </trkpt>
   <trkpt lat="48.1280500" lon="17.1218230">
    <ele>136.6</ele>
    <time>2025-09-30T17:21:50Z</time>
   </trkpt>
   <trkpt lat="48.1280500" lon="17.1218200">
    <ele>136.6</ele>
    <time>2025-09-30T17:21:51Z</time>
   </trkpt>
   <trkpt lat="48.1280510" lon="17.1218180">
    <ele>136.6</ele>
    <time>2025-09-30T17:21:52Z</time>
   </trkpt>
   <trkpt lat="48.1280530" lon="17.1218170">
    <ele>136.6</ele>
    <time>2025-09-30T17:21:53Z</time>
   </trkpt>
   <trkpt lat="48.1280530" lon="17.1218140">
    <ele>136.6</ele>
    <time>2025-09-30T17:21:54Z</time>
   </trkpt>
   <trkpt lat="48.1280530" lon="17.1218130">
    <ele>136.6</ele>
    <time>2025-09-30T17:21:55Z</time>
   </trkpt>
   <trkpt lat="48.1280530" lon="17.1218130">
    <ele>136.6</ele>
    <time>2025-09-30T17:21:56Z</time>
   </trkpt>
   <trkpt lat="48.1280540" lon="17.1218150">
    <ele>136.6</ele>
    <time>2025-09-30T17:21:57Z</time>
   </trkpt>
   <trkpt lat="48.1280560" lon="17.1218140">
    <ele>136.6</ele>
    <time>2025-09-30T17:21:58Z</time>
   </trkpt>
   <trkpt lat="48.1280590" lon="17.1218070">
    <ele>136.6</ele>
    <time>2025-09-30T17:21:59Z</time>
   </trkpt>
   <trkpt lat="48.1280620" lon="17.1217970">
    <ele>136.6</ele>
    <time>2025-09-30T17:22:00Z</time>
   </trkpt>
   <trkpt lat="48.1280610" lon="17.1217880">
    <ele>136.6</ele>
    <time>2025-09-30T17:22:01Z</time>
   </trkpt>
   <trkpt lat="48.1280620" lon="17.1217850">
    <ele>136.6</ele>
    <time>2025-09-30T17:22:02Z</time>
   </trkpt>
   <trkpt lat="48.1280620" lon="17.1217830">
    <ele>136.6</ele>
    <time>2025-09-30T17:22:03Z</time>
   </trkpt>
   <trkpt lat="48.1280620" lon="17.1217800">
    <ele>136.6</ele>
    <time>2025-09-30T17:22:04Z</time>
   </trkpt>
   <trkpt lat="48.1280620" lon="17.1217780">
    <ele>136.6</ele>
    <time>2025-09-30T17:22:05Z</time>
   </trkpt>
   <trkpt lat="48.1280630" lon="17.1217750">
    <ele>136.6</ele>
    <time>2025-09-30T17:22:06Z</time>
   </trkpt>
   <trkpt lat="48.1280630" lon="17.1217730">
    <ele>136.6</ele>
    <time>2025-09-30T17:22:07Z</time>
   </trkpt>
   <trkpt lat="48.1280630" lon="17.1217700">
    <ele>136.6</ele>
    <time>2025-09-30T17:22:08Z</time>
   </trkpt>
   <trkpt lat="48.1280640" lon="17.1217680">
    <ele>136.6</ele>
    <time>2025-09-30T17:22:09Z</time>
   </trkpt>
   <trkpt lat="48.1280640" lon="17.1217650">
    <ele>136.6</ele>
    <time>2025-09-30T17:22:10Z</time>
   </trkpt>
   <trkpt lat="48.1280640" lon="17.1217630">
    <ele>136.6</ele>
    <time>2025-09-30T17:22:11Z</time>
   </trkpt>
   <trkpt lat="48.1280640" lon="17.1217600">
    <ele>136.6</ele>
    <time>2025-09-30T17:22:12Z</time>
   </trkpt>
   <trkpt lat="48.1280650" lon="17.1217580">
    <ele>136.6</ele>
    <time>2025-09-30T17:22:13Z</time>
   </trkpt>
   <trkpt lat="48.1280650" lon="17.1217550">
    <ele>136.6</ele>
    <time>2025-09-30T17:22:14Z</time>
   </trkpt>
   <trkpt lat="48.1280650" lon="17.1217530">
    <ele>136.6</ele>
    <time>2025-09-30T17:22:15Z</time>
   </trkpt>
   <trkpt lat="48.1280660" lon="17.1217500">
    <ele>136.6</ele>
    <time>2025-09-30T17:22:16Z</time>
   </trkpt>
   <trkpt lat="48.1280660" lon="17.1217480">
    <ele>136.6</ele>
    <time>2025-09-30T17:22:17Z</time>
   </trkpt>
   <trkpt lat="48.1280660" lon="17.1217450">
    <ele>136.6</ele>
    <time>2025-09-30T17:22:18Z</time>
   </trkpt>
   <trkpt lat="48.1280670" lon="17.1217430">
    <ele>136.6</ele>
    <time>2025-09-30T17:22:19Z</time>
   </trkpt>
   <trkpt lat="48.1280670" lon="17.1217400">
    <ele>136.6</ele>
    <time>2025-09-30T17:22:20Z</time>
   </trkpt>
   <trkpt lat="48.1280670" lon="17.1217380">
    <ele>136.6</ele>
    <time>2025-09-30T17:22:21Z</time>
   </trkpt>
   <trkpt lat="48.1280670" lon="17.1217350">
    <ele>136.6</ele>
    <time>2025-09-30T17:22:22Z</time>
   </trkpt>
   <trkpt lat="48.1280680" lon="17.1217330">
    <ele>136.6</ele>
    <time>2025-09-30T17:22:23Z</time>
   </trkpt>
   <trkpt lat="48.1280680" lon="17.1217300">
    <ele>136.6</ele>
    <time>2025-09-30T17:22:24Z</time>
   </trkpt>
   <trkpt lat="48.1280680" lon="17.1217280">
    <ele>136.6</ele>
    <time>2025-09-30T17:22:25Z</time>
   </trkpt>
   <trkpt lat="48.1280690" lon="17.1217250">
    <ele>136.6</ele>
    <time>2025-09-30T17:22:26Z</time>
   </trkpt>
   <trkpt lat="48.1280690" lon="17.1217230">
    <ele>136.6</ele>
    <time>2025-09-30T17:22:27Z</time>
   </trkpt>
   <trkpt lat="48.1280690" lon="17.1217200">
    <ele>136.6</ele>
    <time>2025-09-30T17:22:28Z</time>
   </trkpt>
   <trkpt lat="48.1280690" lon="17.1217180">
    <ele>136.6</ele>
    <time>2025-09-30T17:22:29Z</time>
   </trkpt>
   <trkpt lat="48.1280700" lon="17.1217150">
    <ele>136.6</ele>
    <time>2025-09-30T17:22:30Z</time>
   </trkpt>
   <trkpt lat="48.1280700" lon="17.1217130">
    <ele>136.6</ele>
    <time>2025-09-30T17:22:31Z</time>
   </trkpt>
   <trkpt lat="48.1280750" lon="17.1217000">
    <ele>136.6</ele>
    <time>2025-09-30T17:22:32Z</time>
   </trkpt>
   <trkpt lat="48.1280780" lon="17.1216920">
    <ele>136.6</ele>
    <time>2025-09-30T17:22:33Z</time>
   </trkpt>
   <trkpt lat="48.1280790" lon="17.1216910">
    <ele>136.6</ele>
    <time>2025-09-30T17:22:34Z</time>
   </trkpt>
   <trkpt lat="48.1280790" lon="17.1216900">
    <ele>136.6</ele>
    <time>2025-09-30T17:22:35Z</time>
   </trkpt>
   <trkpt lat="48.1280790" lon="17.1216900">
    <ele>136.6</ele>
    <time>2025-09-30T17:22:36Z</time>
   </trkpt>
   <trkpt lat="48.1280790" lon="17.1216900">
    <ele>136.6</ele>
    <time>2025-09-30T17:22:37Z</time>
   </trkpt>
   <trkpt lat="48.1280790" lon="17.1216900">
    <ele>136.6</ele>
    <time>2025-09-30T17:22:38Z</time>
   </trkpt>
   <trkpt lat="48.1280790" lon="17.1216900">
    <ele>136.6</ele>
    <time>2025-09-30T17:22:39Z</time>
   </trkpt>
   <trkpt lat="48.1280790" lon="17.1216900">
    <ele>136.6</ele>
    <time>2025-09-30T17:22:40Z</time>
   </trkpt>
   <trkpt lat="48.1280790" lon="17.1216900">
    <ele>136.6</ele>
    <time>2025-09-30T17:22:41Z</time>
   </trkpt>
   <trkpt lat="48.1280790" lon="17.1216900">
    <ele>136.6</ele>
    <time>2025-09-30T17:22:42Z</time>
   </trkpt>
   <trkpt lat="48.1280790" lon="17.1216900">
    <ele>136.6</ele>
    <time>2025-09-30T17:22:43Z</time>
   </trkpt>
   <trkpt lat="48.1280790" lon="17.1216900">
    <ele>136.6</ele>
    <time>2025-09-30T17:22:44Z</time>
   </trkpt>
   <trkpt lat="48.1280790" lon="17.1216900">
    <ele>136.6</ele>
    <time>2025-09-30T17:22:45Z</time>
   </trkpt>
   <trkpt lat="48.1280790" lon="17.1216900">
    <ele>136.6</ele>
    <time>2025-09-30T17:22:46Z</time>
   </trkpt>
   <trkpt lat="48.1280790" lon="17.1216900">
    <ele>136.6</ele>
    <time>2025-09-30T17:22:47Z</time>
   </trkpt>
   <trkpt lat="48.1280790" lon="17.1216900">
    <ele>136.6</ele>
    <time>2025-09-30T17:22:48Z</time>
   </trkpt>
   <trkpt lat="48.1280790" lon="17.1216900">
    <ele>136.6</ele>
    <time>2025-09-30T17:22:49Z</time>
   </trkpt>
   <trkpt lat="48.1280790" lon="17.1216900">
    <ele>136.6</ele>
    <time>2025-09-30T17:22:50Z</time>
   </trkpt>
   <trkpt lat="48.1280790" lon="17.1216900">
    <ele>136.6</ele>
    <time>2025-09-30T17:22:51Z</time>
   </trkpt>
   <trkpt lat="48.1280790" lon="17.1216900">
    <ele>136.6</ele>
    <time>2025-09-30T17:22:52Z</time>
   </trkpt>
   <trkpt lat="48.1280790" lon="17.1216900">
    <ele>136.6</ele>
    <time>2025-09-30T17:22:53Z</time>
   </trkpt>
   <trkpt lat="48.1280790" lon="17.1216900">
    <ele>136.6</ele>
    <time>2025-09-30T17:22:54Z</time>
   </trkpt>
   <trkpt lat="48.1280790" lon="17.1216900">
    <ele>136.6</ele>
    <time>2025-09-30T17:22:55Z</time>
   </trkpt>
   <trkpt lat="48.1280790" lon="17.1216900">
    <ele>136.6</ele>
    <time>2025-09-30T17:22:56Z</time>
   </trkpt>
   <trkpt lat="48.1280790" lon="17.1216900">
    <ele>136.6</ele>
    <time>2025-09-30T17:22:57Z</time>
   </trkpt>
   <trkpt lat="48.1280790" lon="17.1216900">
    <ele>136.6</ele>
    <time>2025-09-30T17:22:58Z</time>
   </trkpt>
   <trkpt lat="48.1280790" lon="17.1216900">
    <ele>136.6</ele>
    <time>2025-09-30T17:22:59Z</time>
   </trkpt>
   <trkpt lat="48.1280790" lon="17.1216900">
    <ele>136.6</ele>
    <time>2025-09-30T17:23:00Z</time>
   </trkpt>
   <trkpt lat="48.1280790" lon="17.1216900">
    <ele>136.6</ele>
    <time>2025-09-30T17:23:01Z</time>
   </trkpt>
   <trkpt lat="48.1280850" lon="17.1216790">
    <ele>136.6</ele>
    <time>2025-09-30T17:23:02Z</time>
   </trkpt>
   <trkpt lat="48.1280860" lon="17.1216790">
    <ele>136.6</ele>
    <time>2025-09-30T17:23:03Z</time>
   </trkpt>
   <trkpt lat="48.1280850" lon="17.1216670">
    <ele>136.6</ele>
    <time>2025-09-30T17:23:04Z</time>
   </trkpt>
   <trkpt lat="48.1280860" lon="17.1216650">
    <ele>136.6</ele>
    <time>2025-09-30T17:23:05Z</time>
   </trkpt>
   <trkpt lat="48.1280860" lon="17.1216650">
    <ele>136.6</ele>
    <time>2025-09-30T17:23:06Z</time>
   </trkpt>
   <trkpt lat="48.1280860" lon="17.1216650">
    <ele>136.6</ele>
    <time>2025-09-30T17:23:07Z</time>
   </trkpt>
   <trkpt lat="48.1280850" lon="17.1216650">
    <ele>136.6</ele>
    <time>2025-09-30T17:23:08Z</time>
   </trkpt>
   <trkpt lat="48.1280850" lon="17.1216650">
    <ele>136.6</ele>
    <time>2025-09-30T17:23:09Z</time>
   </trkpt>
   <trkpt lat="48.1280850" lon="17.1216650">
    <ele>136.6</ele>
    <time>2025-09-30T17:23:10Z</time>
   </trkpt>
   <trkpt lat="48.1280850" lon="17.1216650">
    <ele>136.6</ele>
    <time>2025-09-30T17:23:11Z</time>
   </trkpt>
   <trkpt lat="48.1280850" lon="17.1216650">
    <ele>136.6</ele>
    <time>2025-09-30T17:23:12Z</time>
   </trkpt>
   <trkpt lat="48.1280850" lon="17.1216650">
    <ele>136.6</ele>
    <time>2025-09-30T17:23:13Z</time>
   </trkpt>
   <trkpt lat="48.1280850" lon="17.1216650">
    <ele>136.6</ele>
    <time>2025-09-30T17:23:14Z</time>
   </trkpt>
   <trkpt lat="48.1280850" lon="17.1216650">
    <ele>136.6</ele>
    <time>2025-09-30T17:23:15Z</time>
   </trkpt>
   <trkpt lat="48.1280850" lon="17.1216650">
    <ele>136.6</ele>
    <time>2025-09-30T17:23:16Z</time>
   </trkpt>
   <trkpt lat="48.1280850" lon="17.1216650">
    <ele>136.6</ele>
    <time>2025-09-30T17:23:17Z</time>
   </trkpt>
   <trkpt lat="48.1280850" lon="17.1216650">
    <ele>136.6</ele>
    <time>2025-09-30T17:23:18Z</time>
   </trkpt>
   <trkpt lat="48.1280850" lon="17.1216650">
    <ele>136.6</ele>
    <time>2025-09-30T17:23:19Z</time>
   </trkpt>
   <trkpt lat="48.1280850" lon="17.1216650">
    <ele>136.6</ele>
    <time>2025-09-30T17:23:20Z</time>
   </trkpt>
   <trkpt lat="48.1280850" lon="17.1216650">
    <ele>136.6</ele>
    <time>2025-09-30T17:23:21Z</time>
   </trkpt>
   <trkpt lat="48.1280850" lon="17.1216650">
    <ele>136.6</ele>
    <time>2025-09-30T17:23:22Z</time>
   </trkpt>
   <trkpt lat="48.1280850" lon="17.1216650">
    <ele>136.6</ele>
    <time>2025-09-30T17:23:23Z</time>
   </trkpt>
   <trkpt lat="48.1281010" lon="17.1216620">
    <ele>136.5</ele>
    <time>2025-09-30T17:23:24Z</time>
   </trkpt>
   <trkpt lat="48.1281030" lon="17.1216610">
    <ele>136.5</ele>
    <time>2025-09-30T17:23:25Z</time>
   </trkpt>
   <trkpt lat="48.1281030" lon="17.1216610">
    <ele>136.5</ele>
    <time>2025-09-30T17:23:26Z</time>
   </trkpt>
   <trkpt lat="48.1281030" lon="17.1216610">
    <ele>136.5</ele>
    <time>2025-09-30T17:23:27Z</time>
   </trkpt>
   <trkpt lat="48.1281030" lon="17.1216610">
    <ele>136.5</ele>
    <time>2025-09-30T17:23:28Z</time>
   </trkpt>
   <trkpt lat="48.1281030" lon="17.1216610">
    <ele>136.5</ele>
    <time>2025-09-30T17:23:29Z</time>
   </trkpt>
   <trkpt lat="48.1281030" lon="17.1216610">
    <ele>136.5</ele>
    <time>2025-09-30T17:23:30Z</time>
   </trkpt>
   <trkpt lat="48.1281030" lon="17.1216610">
    <ele>136.5</ele>
    <time>2025-09-30T17:23:31Z</time>
   </trkpt>
   <trkpt lat="48.1281030" lon="17.1216610">
    <ele>136.5</ele>
    <time>2025-09-30T17:23:32Z</time>
   </trkpt>
   <trkpt lat="48.1281030" lon="17.1216610">
    <ele>136.5</ele>
    <time>2025-09-30T17:23:33Z</time>
   </trkpt>
   <trkpt lat="48.1281030" lon="17.1216610">
    <ele>136.5</ele>
    <time>2025-09-30T17:23:34Z</time>
   </trkpt>
   <trkpt lat="48.1281030" lon="17.1216610">
    <ele>136.5</ele>
    <time>2025-09-30T17:23:35Z</time>
   </trkpt>
   <trkpt lat="48.1281030" lon="17.1216610">
    <ele>136.5</ele>
    <time>2025-09-30T17:23:36Z</time>
   </trkpt>
   <trkpt lat="48.1281030" lon="17.1216610">
    <ele>136.5</ele>
    <time>2025-09-30T17:23:37Z</time>
   </trkpt>
   <trkpt lat="48.1281030" lon="17.1216610">
    <ele>136.5</ele>
    <time>2025-09-30T17:23:38Z</time>
   </trkpt>
   <trkpt lat="48.1281030" lon="17.1216610">
    <ele>136.5</ele>
    <time>2025-09-30T17:23:39Z</time>
   </trkpt>
   <trkpt lat="48.1281030" lon="17.1216610">
    <ele>136.5</ele>
    <time>2025-09-30T17:23:40Z</time>
   </trkpt>
   <trkpt lat="48.1281030" lon="17.1216610">
    <ele>136.5</ele>
    <time>2025-09-30T17:23:41Z</time>
   </trkpt>
   <trkpt lat="48.1281030" lon="17.1216610">
    <ele>136.5</ele>
    <time>2025-09-30T17:23:42Z</time>
   </trkpt>
   <trkpt lat="48.1281030" lon="17.1216610">
    <ele>136.5</ele>
    <time>2025-09-30T17:23:43Z</time>
   </trkpt>
   <trkpt lat="48.1281030" lon="17.1216610">
    <ele>136.5</ele>
    <time>2025-09-30T17:23:44Z</time>
   </trkpt>
   <trkpt lat="48.1281030" lon="17.1216610">
    <ele>136.5</ele>
    <time>2025-09-30T17:23:45Z</time>
   </trkpt>
   <trkpt lat="48.1281030" lon="17.1216610">
    <ele>136.5</ele>
    <time>2025-09-30T17:23:46Z</time>
   </trkpt>
   <trkpt lat="48.1281030" lon="17.1216610">
    <ele>136.5</ele>
    <time>2025-09-30T17:23:47Z</time>
   </trkpt>
   <trkpt lat="48.1281030" lon="17.1216610">
    <ele>136.5</ele>
    <time>2025-09-30T17:23:48Z</time>
   </trkpt>
   <trkpt lat="48.1281030" lon="17.1216610">
    <ele>136.5</ele>
    <time>2025-09-30T17:23:49Z</time>
   </trkpt>
   <trkpt lat="48.1281030" lon="17.1216610">
    <ele>136.5</ele>
    <time>2025-09-30T17:23:50Z</time>
   </trkpt>
   <trkpt lat="48.1281030" lon="17.1216610">
    <ele>136.5</ele>
    <time>2025-09-30T17:23:51Z</time>
   </trkpt>
   <trkpt lat="48.1281030" lon="17.1216610">
    <ele>136.5</ele>
    <time>2025-09-30T17:23:52Z</time>
   </trkpt>
   <trkpt lat="48.1281030" lon="17.1216610">
    <ele>136.5</ele>
    <time>2025-09-30T17:23:53Z</time>
   </trkpt>
   <trkpt lat="48.1281030" lon="17.1216610">
    <ele>136.5</ele>
    <time>2025-09-30T17:23:54Z</time>
   </trkpt>
   <trkpt lat="48.1281030" lon="17.1216610">
    <ele>136.5</ele>
    <time>2025-09-30T17:23:55Z</time>
   </trkpt>
   <trkpt lat="48.1281030" lon="17.1216610">
    <ele>136.5</ele>
    <time>2025-09-30T17:23:56Z</time>
   </trkpt>
   <trkpt lat="48.1281030" lon="17.1216610">
    <ele>136.5</ele>
    <time>2025-09-30T17:23:57Z</time>
   </trkpt>
   <trkpt lat="48.1281030" lon="17.1216610">
    <ele>136.5</ele>
    <time>2025-09-30T17:23:58Z</time>
   </trkpt>
   <trkpt lat="48.1281030" lon="17.1216610">
    <ele>136.5</ele>
    <time>2025-09-30T17:23:59Z</time>
   </trkpt>
   <trkpt lat="48.1281030" lon="17.1216610">
    <ele>136.5</ele>
    <time>2025-09-30T17:24:00Z</time>
   </trkpt>
   <trkpt lat="48.1281030" lon="17.1216610">
    <ele>136.5</ele>
    <time>2025-09-30T17:24:01Z</time>
   </trkpt>
   <trkpt lat="48.1281030" lon="17.1216610">
    <ele>136.5</ele>
    <time>2025-09-30T17:24:02Z</time>
   </trkpt>
   <trkpt lat="48.1281030" lon="17.1216610">
    <ele>136.5</ele>
    <time>2025-09-30T17:24:03Z</time>
   </trkpt>
   <trkpt lat="48.1281030" lon="17.1216610">
    <ele>136.5</ele>
    <time>2025-09-30T17:24:04Z</time>
   </trkpt>
   <trkpt lat="48.1281030" lon="17.1216610">
    <ele>136.5</ele>
    <time>2025-09-30T17:24:05Z</time>
   </trkpt>
   <trkpt lat="48.1281030" lon="17.1216610">
    <ele>136.5</ele>
    <time>2025-09-30T17:24:06Z</time>
   </trkpt>
   <trkpt lat="48.1281030" lon="17.1216610">
    <ele>136.5</ele>
    <time>2025-09-30T17:24:07Z</time>
   </trkpt>
   <trkpt lat="48.1281030" lon="17.1216610">
    <ele>136.5</ele>
    <time>2025-09-30T17:24:08Z</time>
   </trkpt>
   <trkpt lat="48.1281030" lon="17.1216610">
    <ele>136.5</ele>
    <time>2025-09-30T17:24:09Z</time>
   </trkpt>
   <trkpt lat="48.1281030" lon="17.1216610">
    <ele>136.5</ele>
    <time>2025-09-30T17:24:10Z</time>
   </trkpt>
   <trkpt lat="48.1281030" lon="17.1216610">
    <ele>136.5</ele>
    <time>2025-09-30T17:24:11Z</time>
   </trkpt>
   <trkpt lat="48.1281030" lon="17.1216610">
    <ele>136.5</ele>
    <time>2025-09-30T17:24:12Z</time>
   </trkpt>
   <trkpt lat="48.1280960" lon="17.1216600">
    <ele>136.5</ele>
    <time>2025-09-30T17:24:13Z</time>
   </trkpt>
   <trkpt lat="48.1280920" lon="17.1216600">
    <ele>136.5</ele>
    <time>2025-09-30T17:24:14Z</time>
   </trkpt>
   <trkpt lat="48.1280920" lon="17.1216520">
    <ele>136.5</ele>
    <time>2025-09-30T17:24:15Z</time>
   </trkpt>
   <trkpt lat="48.1280960" lon="17.1216420">
    <ele>136.5</ele>
    <time>2025-09-30T17:24:16Z</time>
   </trkpt>
   <trkpt lat="48.1280980" lon="17.1216320">
    <ele>136.5</ele>
    <time>2025-09-30T17:24:17Z</time>
   </trkpt>
   <trkpt lat="48.1281000" lon="17.1216220">
    <ele>136.5</ele>
    <time>2025-09-30T17:24:18Z</time>
   </trkpt>
   <trkpt lat="48.1280970" lon="17.1216360">
    <ele>136.5</ele>
    <time>2025-09-30T17:24:19Z</time>
   </trkpt>
   <trkpt lat="48.1280970" lon="17.1216170">
    <ele>136.5</ele>
    <time>2025-09-30T17:24:20Z</time>
   </trkpt>
   <trkpt lat="48.1280720" lon="17.1216030">
    <ele>136.5</ele>
    <time>2025-09-30T17:24:21Z</time>
   </trkpt>
   <trkpt lat="48.1280520" lon="17.1216000">
    <ele>136.5</ele>
    <time>2025-09-30T17:24:22Z</time>
   </trkpt>
   <trkpt lat="48.1280370" lon="17.1216000">
    <ele>136.5</ele>
    <time>2025-09-30T17:24:23Z</time>
   </trkpt>
   <trkpt lat="48.1280270" lon="17.1215970">
    <ele>136.5</ele>
    <time>2025-09-30T17:24:24Z</time>
   </trkpt>
   <trkpt lat="48.1280220" lon="17.1215860">
    <ele>136.5</ele>
    <time>2025-09-30T17:24:25Z</time>
   </trkpt>
   <trkpt lat="48.1280200" lon="17.1215750">
    <ele>136.5</ele>
    <time>2025-09-30T17:24:26Z</time>
   </trkpt>
   <trkpt lat="48.1280170" lon="17.1215620">
    <ele>136.5</ele>
    <time>2025-09-30T17:24:27Z</time>
   </trkpt>
   <trkpt lat="48.1280140" lon="17.1215500">
    <ele>136.5</ele>
    <time>2025-09-30T17:24:28Z</time>
   </trkpt>
   <trkpt lat="48.1280080" lon="17.1215310">
    <ele>136.5</ele>
    <time>2025-09-30T17:24:29Z</time>
   </trkpt>
   <trkpt lat="48.1280150" lon="17.1215170">
    <ele>136.5</ele>
    <time>2025-09-30T17:24:30Z</time>
   </trkpt>
   <trkpt lat="48.1280170" lon="17.1215020">
    <ele>136.5</ele>
    <time>2025-09-30T17:24:31Z</time>
   </trkpt>
   <trkpt lat="48.1280170" lon="17.1214910">
    <ele>136.5</ele>
    <time>2025-09-30T17:24:32Z</time>
   </trkpt>
   <trkpt lat="48.1280190" lon="17.1214810">
    <ele>136.5</ele>
    <time>2025-09-30T17:24:33Z</time>
   </trkpt>
   <trkpt lat="48.1280250" lon="17.1214740">
    <ele>136.5</ele>
    <time>2025-09-30T17:24:34Z</time>
   </trkpt>
   <trkpt lat="48.1280330" lon="17.1214710">
    <ele>136.5</ele>
    <time>2025-09-30T17:24:35Z</time>
   </trkpt>
   <trkpt lat="48.1280420" lon="17.1214770">
    <ele>136.5</ele>
    <time>2025-09-30T17:24:36Z</time>
   </trkpt>
   <trkpt lat="48.1280500" lon="17.1214900">
    <ele>136.5</ele>
    <time>2025-09-30T17:24:37Z</time>
   </trkpt>
   <trkpt lat="48.1280630" lon="17.1215160">
    <ele>136.5</ele>
    <time>2025-09-30T17:24:38Z</time>
   </trkpt>
   <trkpt lat="48.1280680" lon="17.1215250">
    <ele>136.5</ele>
    <time>2025-09-30T17:24:39Z</time>
   </trkpt>
   <trkpt lat="48.1280740" lon="17.1215350">
    <ele>136.5</ele>
    <time>2025-09-30T17:24:40Z</time>
   </trkpt>
   <trkpt lat="48.1280780" lon="17.1215390">
    <ele>136.5</ele>
    <time>2025-09-30T17:24:41Z</time>
   </trkpt>
   <trkpt lat="48.1280820" lon="17.1215420">
    <ele>136.5</ele>
    <time>2025-09-30T17:24:42Z</time>
   </trkpt>
   <trkpt lat="48.1280890" lon="17.1215430">
    <ele>136.5</ele>
    <time>2025-09-30T17:24:43Z</time>
   </trkpt>
   <trkpt lat="48.1280950" lon="17.1215460">
    <ele>136.5</ele>
    <time>2025-09-30T17:24:44Z</time>
   </trkpt>
   <trkpt lat="48.1281000" lon="17.1215400">
    <ele>136.5</ele>
    <time>2025-09-30T17:24:45Z</time>
   </trkpt>
   <trkpt lat="48.1281030" lon="17.1215310">
    <ele>136.5</ele>
    <time>2025-09-30T17:24:46Z</time>
   </trkpt>
   <trkpt lat="48.1281040" lon="17.1215120">
    <ele>136.5</ele>
    <time>2025-09-30T17:24:47Z</time>
   </trkpt>
   <trkpt lat="48.1281060" lon="17.1215010">
    <ele>136.5</ele>
    <time>2025-09-30T17:24:48Z</time>
   </trkpt>
   <trkpt lat="48.1281060" lon="17.1214880">
    <ele>136.5</ele>
    <time>2025-09-30T17:24:49Z</time>
   </trkpt>
   <trkpt lat="48.1281070" lon="17.1214720">
    <ele>136.5</ele>
    <time>2025-09-30T17:24:50Z</time>
   </trkpt>
   <trkpt lat="48.1281050" lon="17.1214510">
    <ele>136.5</ele>
    <time>2025-09-30T17:24:51Z</time>
   </trkpt>
   <trkpt lat="48.1281040" lon="17.1214370">
    <ele>136.5</ele>
    <time>2025-09-30T17:24:52Z</time>
   </trkpt>
   <trkpt lat="48.1281000" lon="17.1214170">
    <ele>136.5</ele>
    <time>2025-09-30T17:24:53Z</time>
   </trkpt>
   <trkpt lat="48.1280950" lon="17.1213940">
    <ele>136.5</ele>
    <time>2025-09-30T17:24:54Z</time>
   </trkpt>
   <trkpt lat="48.1280880" lon="17.1213730">
    <ele>136.5</ele>
    <time>2025-09-30T17:24:55Z</time>
   </trkpt>
   <trkpt lat="48.1280830" lon="17.1213580">
    <ele>136.5</ele>
    <time>2025-09-30T17:24:56Z</time>
   </trkpt>
   <trkpt lat="48.1280810" lon="17.1213450">
    <ele>136.5</ele>
    <time>2025-09-30T17:24:57Z</time>
   </trkpt>
   <trkpt lat="48.1280790" lon="17.1213340">
    <ele>136.5</ele>
    <time>2025-09-30T17:24:58Z</time>
   </trkpt>
   <trkpt lat="48.1280800" lon="17.1213220">
    <ele>136.5</ele>
    <time>2025-09-30T17:24:59Z</time>
   </trkpt>
   <trkpt lat="48.1280800" lon="17.1213090">
    <ele>136.5</ele>
    <time>2025-09-30T17:25:00Z</time>
   </trkpt>
   <trkpt lat="48.1280800" lon="17.1212930">
    <ele>136.5</ele>
    <time>2025-09-30T17:25:01Z</time>
   </trkpt>
   <trkpt lat="48.1280780" lon="17.1212770">
    <ele>136.5</ele>
    <time>2025-09-30T17:25:02Z</time>
   </trkpt>
   <trkpt lat="48.1280750" lon="17.1212670">
    <ele>136.5</ele>
    <time>2025-09-30T17:25:03Z</time>
   </trkpt>
   <trkpt lat="48.1280760" lon="17.1212570">
    <ele>136.5</ele>
    <time>2025-09-30T17:25:04Z</time>
   </trkpt>
   <trkpt lat="48.1280760" lon="17.1212430">
    <ele>136.5</ele>
    <time>2025-09-30T17:25:05Z</time>
   </trkpt>
   <trkpt lat="48.1280760" lon="17.1212300">
    <ele>136.5</ele>
    <time>2025-09-30T17:25:06Z</time>
   </trkpt>
   <trkpt lat="48.1280760" lon="17.1212150">
    <ele>136.5</ele>
    <time>2025-09-30T17:25:07Z</time>
   </trkpt>
   <trkpt lat="48.1280780" lon="17.1212010">
    <ele>136.5</ele>
    <time>2025-09-30T17:25:08Z</time>
   </trkpt>
   <trkpt lat="48.1280780" lon="17.1211900">
    <ele>136.5</ele>
    <time>2025-09-30T17:25:09Z</time>
   </trkpt>
   <trkpt lat="48.1280770" lon="17.1211770">
    <ele>136.5</ele>
    <time>2025-09-30T17:25:10Z</time>
   </trkpt>
   <trkpt lat="48.1280750" lon="17.1211670">
    <ele>136.5</ele>
    <time>2025-09-30T17:25:11Z</time>
   </trkpt>
   <trkpt lat="48.1280710" lon="17.1211610">
    <ele>136.5</ele>
    <time>2025-09-30T17:25:12Z</time>
   </trkpt>
   <trkpt lat="48.1280680" lon="17.1211540">
    <ele>136.5</ele>
    <time>2025-09-30T17:25:13Z</time>
   </trkpt>
   <trkpt lat="48.1280640" lon="17.1211460">
    <ele>136.5</ele>
    <time>2025-09-30T17:25:14Z</time>
   </trkpt>
   <trkpt lat="48.1280630" lon="17.1211390">
    <ele>136.5</ele>
    <time>2025-09-30T17:25:15Z</time>
   </trkpt>
   <trkpt lat="48.1280620" lon="17.1211280">
    <ele>136.5</ele>
    <time>2025-09-30T17:25:16Z</time>
   </trkpt>
   <trkpt lat="48.1280600" lon="17.1211130">
    <ele>136.5</ele>
    <time>2025-09-30T17:25:17Z</time>
   </trkpt>
   <trkpt lat="48.1280660" lon="17.1210920">
    <ele>136.5</ele>
    <time>2025-09-30T17:25:18Z</time>
   </trkpt>
   <trkpt lat="48.1280740" lon="17.1210810">
    <ele>136.5</ele>
    <time>2025-09-30T17:25:19Z</time>
   </trkpt>
   <trkpt lat="48.1280830" lon="17.1210790">
    <ele>136.5</ele>
    <time>2025-09-30T17:25:20Z</time>
   </trkpt>
   <trkpt lat="48.1280860" lon="17.1210810">
    <ele>136.5</ele>
    <time>2025-09-30T17:25:21Z</time>
   </trkpt>
   <trkpt lat="48.1280880" lon="17.1210800">
    <ele>136.5</ele>
    <time>2025-09-30T17:25:22Z</time>
   </trkpt>
   <trkpt lat="48.1280950" lon="17.1210750">
    <ele>136.5</ele>
    <time>2025-09-30T17:25:23Z</time>
   </trkpt>
   <trkpt lat="48.1280970" lon="17.1210590">
    <ele>136.5</ele>
    <time>2025-09-30T17:25:24Z</time>
   </trkpt>
   <trkpt lat="48.1280920" lon="17.1210420">
    <ele>136.5</ele>
    <time>2025-09-30T17:25:25Z</time>
   </trkpt>
   <trkpt lat="48.1280880" lon="17.1210270">
    <ele>136.5</ele>
    <time>2025-09-30T17:25:26Z</time>
   </trkpt>
   <trkpt lat="48.1280910" lon="17.1210240">
    <ele>136.5</ele>
    <time>2025-09-30T17:25:27Z</time>
   </trkpt>
   <trkpt lat="48.1280900" lon="17.1210280">
    <ele>136.5</ele>
    <time>2025-09-30T17:25:28Z</time>
   </trkpt>
   <trkpt lat="48.1280880" lon="17.1210280">
    <ele>136.5</ele>
    <time>2025-09-30T17:25:29Z</time>
   </trkpt>
   <trkpt lat="48.1280860" lon="17.1210280">
    <ele>136.5</ele>
    <time>2025-09-30T17:25:30Z</time>
   </trkpt>
   <trkpt lat="48.1280850" lon="17.1210270">
    <ele>136.5</ele>
    <time>2025-09-30T17:25:31Z</time>
   </trkpt>
   <trkpt lat="48.1280840" lon="17.1210270">
    <ele>136.5</ele>
    <time>2025-09-30T17:25:32Z</time>
   </trkpt>
   <trkpt lat="48.1280830" lon="17.1210270">
    <ele>136.5</ele>
    <time>2025-09-30T17:25:33Z</time>
   </trkpt>
   <trkpt lat="48.1280810" lon="17.1210270">
    <ele>136.5</ele>
    <time>2025-09-30T17:25:34Z</time>
   </trkpt>
   <trkpt lat="48.1280810" lon="17.1210270">
    <ele>136.5</ele>
    <time>2025-09-30T17:25:35Z</time>
   </trkpt>
   <trkpt lat="48.1280800" lon="17.1210330">
    <ele>136.5</ele>
    <time>2025-09-30T17:25:36Z</time>
   </trkpt>
   <trkpt lat="48.1280770" lon="17.1210320">
    <ele>136.5</ele>
    <time>2025-09-30T17:25:37Z</time>
   </trkpt>
   <trkpt lat="48.1280740" lon="17.1210320">
    <ele>136.5</ele>
    <time>2025-09-30T17:25:38Z</time>
   </trkpt>
   <trkpt lat="48.1280720" lon="17.1210320">
    <ele>136.5</ele>
    <time>2025-09-30T17:25:39Z</time>
   </trkpt>
   <trkpt lat="48.1280700" lon="17.1210320">
    <ele>136.5</ele>
    <time>2025-09-30T17:25:40Z</time>
   </trkpt>
   <trkpt lat="48.1280690" lon="17.1210310">
    <ele>136.5</ele>
    <time>2025-09-30T17:25:41Z</time>
   </trkpt>
   <trkpt lat="48.1280660" lon="17.1210300">
    <ele>136.5</ele>
    <time>2025-09-30T17:25:42Z</time>
   </trkpt>
   <trkpt lat="48.1280640" lon="17.1210290">
    <ele>136.5</ele>
    <time>2025-09-30T17:25:43Z</time>
   </trkpt>
   <trkpt lat="48.1280610" lon="17.1210300">
    <ele>136.5</ele>
    <time>2025-09-30T17:25:44Z</time>
   </trkpt>
   <trkpt lat="48.1280570" lon="17.1210260">
    <ele>136.5</ele>
    <time>2025-09-30T17:25:45Z</time>
   </trkpt>
   <trkpt lat="48.1280550" lon="17.1210240">
    <ele>136.5</ele>
    <time>2025-09-30T17:25:46Z</time>
   </trkpt>
   <trkpt lat="48.1280520" lon="17.1210220">
    <ele>136.5</ele>
    <time>2025-09-30T17:25:47Z</time>
   </trkpt>
   <trkpt lat="48.1280500" lon="17.1210210">
    <ele>136.5</ele>
    <time>2025-09-30T17:25:48Z</time>
   </trkpt>
   <trkpt lat="48.1280480" lon="17.1210190">
    <ele>136.5</ele>
    <time>2025-09-30T17:25:49Z</time>
   </trkpt>
   <trkpt lat="48.1280460" lon="17.1210170">
    <ele>136.5</ele>
    <time>2025-09-30T17:25:50Z</time>
   </trkpt>
   <trkpt lat="48.1280440" lon="17.1210150">
    <ele>136.5</ele>
    <time>2025-09-30T17:25:51Z</time>
   </trkpt>
   <trkpt lat="48.1280410" lon="17.1210130">
    <ele>136.5</ele>
    <time>2025-09-30T17:25:52Z</time>
   </trkpt>
   <trkpt lat="48.1280390" lon="17.1210110">
    <ele>136.5</ele>
    <time>2025-09-30T17:25:53Z</time>
   </trkpt>
   <trkpt lat="48.1280370" lon="17.1210090">
    <ele>136.5</ele>
    <time>2025-09-30T17:25:54Z</time>
   </trkpt>
   <trkpt lat="48.1280350" lon="17.1210070">
    <ele>136.5</ele>
    <time>2025-09-30T17:25:55Z</time>
   </trkpt>
   <trkpt lat="48.1280330" lon="17.1210060">
    <ele>136.5</ele>
    <time>2025-09-30T17:25:56Z</time>
   </trkpt>
   <trkpt lat="48.1280300" lon="17.1210040">
    <ele>136.5</ele>
    <time>2025-09-30T17:25:57Z</time>
   </trkpt>
   <trkpt lat="48.1280280" lon="17.1210020">
    <ele>136.5</ele>
    <time>2025-09-30T17:25:58Z</time>
   </trkpt>
   <trkpt lat="48.1280260" lon="17.1210000">
    <ele>136.5</ele>
    <time>2025-09-30T17:25:59Z</time>
   </trkpt>
   <trkpt lat="48.1280080" lon="17.1209720">
    <ele>136.5</ele>
    <time>2025-09-30T17:26:00Z</time>
   </trkpt>
   <trkpt lat="48.1280240" lon="17.1209760">
    <ele>136.5</ele>
    <time>2025-09-30T17:26:01Z</time>
   </trkpt>
   <trkpt lat="48.1280290" lon="17.1209700">
    <ele>136.5</ele>
    <time>2025-09-30T17:26:02Z</time>
   </trkpt>
   <trkpt lat="48.1280240" lon="17.1209500">
    <ele>136.5</ele>
    <time>2025-09-30T17:26:03Z</time>
   </trkpt>
   <trkpt lat="48.1279930" lon="17.1208910">
    <ele>136.4</ele>
    <time>2025-09-30T17:26:04Z</time>
   </trkpt>
   <trkpt lat="48.1279760" lon="17.1208650">
    <ele>136.4</ele>
    <time>2025-09-30T17:26:05Z</time>
   </trkpt>
   <trkpt lat="48.1280410" lon="17.1209880">
    <ele>136.4</ele>
    <time>2025-09-30T17:26:06Z</time>
   </trkpt>
   <trkpt lat="48.1278400" lon="17.1207200">
    <ele>136.3</ele>
    <time>2025-09-30T17:26:07Z</time>
   </trkpt>
   <trkpt lat="48.1277740" lon="17.1206310">
    <ele>136.3</ele>
    <time>2025-09-30T17:26:08Z</time>
   </trkpt>
   <trkpt lat="48.1277070" lon="17.1205410">
    <ele>136.3</ele>
    <time>2025-09-30T17:26:09Z</time>
   </trkpt>
   <trkpt lat="48.1276890" lon="17.1204870">
    <ele>136.3</ele>
    <time>2025-09-30T17:26:10Z</time>
   </trkpt>
   <trkpt lat="48.1277510" lon="17.1205550">
    <ele>136.3</ele>
    <time>2025-09-30T17:26:11Z</time>
   </trkpt>
   <trkpt lat="48.1278340" lon="17.1206690">
    <ele>136.3</ele>
    <time>2025-09-30T17:26:12Z</time>
   </trkpt>
   <trkpt lat="48.1278690" lon="17.1207160">
    <ele>136.3</ele>
    <time>2025-09-30T17:26:13Z</time>
   </trkpt>
   <trkpt lat="48.1278940" lon="17.1207530">
    <ele>136.4</ele>
    <time>2025-09-30T17:26:14Z</time>
   </trkpt>
   <trkpt lat="48.1279050" lon="17.1207680">
    <ele>136.4</ele>
    <time>2025-09-30T17:26:15Z</time>
   </trkpt>
   <trkpt lat="48.1279220" lon="17.1208180">
    <ele>136.4</ele>
    <time>2025-09-30T17:26:16Z</time>
   </trkpt>
   <trkpt lat="48.1279290" lon="17.1208350">
    <ele>136.4</ele>
    <time>2025-09-30T17:26:17Z</time>
   </trkpt>
   <trkpt lat="48.1279290" lon="17.1208360">
    <ele>136.4</ele>
    <time>2025-09-30T17:26:18Z</time>
   </trkpt>
   <trkpt lat="48.1279280" lon="17.1208460">
    <ele>136.4</ele>
    <time>2025-09-30T17:26:19Z</time>
   </trkpt>
   <trkpt lat="48.1279280" lon="17.1208480">
    <ele>136.4</ele>
    <time>2025-09-30T17:26:20Z</time>
   </trkpt>
   <trkpt lat="48.1279280" lon="17.1208490">
    <ele>136.4</ele>
    <time>2025-09-30T17:26:21Z</time>
   </trkpt>
   <trkpt lat="48.1279280" lon="17.1208490">
    <ele>136.4</ele>
    <time>2025-09-30T17:26:22Z</time>
   </trkpt>
   <trkpt lat="48.1279280" lon="17.1208500">
    <ele>136.4</ele>
    <time>2025-09-30T17:26:23Z</time>
   </trkpt>
   <trkpt lat="48.1279280" lon="17.1208500">
    <ele>136.4</ele>
    <time>2025-09-30T17:26:24Z</time>
   </trkpt>
   <trkpt lat="48.1279290" lon="17.1208520">
    <ele>136.4</ele>
    <time>2025-09-30T17:26:25Z</time>
   </trkpt>
   <trkpt lat="48.1279330" lon="17.1208580">
    <ele>136.4</ele>
    <time>2025-09-30T17:26:26Z</time>
   </trkpt>
   <trkpt lat="48.1279370" lon="17.1208640">
    <ele>136.4</ele>
    <time>2025-09-30T17:26:27Z</time>
   </trkpt>
   <trkpt lat="48.1279380" lon="17.1208690">
    <ele>136.4</ele>
    <time>2025-09-30T17:26:28Z</time>
   </trkpt>
   <trkpt lat="48.1279410" lon="17.1208710">
    <ele>136.4</ele>
    <time>2025-09-30T17:26:29Z</time>
   </trkpt>
   <trkpt lat="48.1279430" lon="17.1208690">
    <ele>136.4</ele>
    <time>2025-09-30T17:26:30Z</time>
   </trkpt>
   <trkpt lat="48.1279440" lon="17.1208650">
    <ele>136.4</ele>
    <time>2025-09-30T17:26:31Z</time>
   </trkpt>
   <trkpt lat="48.1279530" lon="17.1208610">
    <ele>136.4</ele>
    <time>2025-09-30T17:26:32Z</time>
   </trkpt>
   <trkpt lat="48.1279580" lon="17.1208590">
    <ele>136.4</ele>
    <time>2025-09-30T17:26:33Z</time>
   </trkpt>
   <trkpt lat="48.1279590" lon="17.1208590">
    <ele>136.4</ele>
    <time>2025-09-30T17:26:34Z</time>
   </trkpt>
   <trkpt lat="48.1279600" lon="17.1208590">
    <ele>136.4</ele>
    <time>2025-09-30T17:26:35Z</time>
   </trkpt>
   <trkpt lat="48.1279600" lon="17.1208560">
    <ele>136.4</ele>
    <time>2025-09-30T17:26:36Z</time>
   </trkpt>
   <trkpt lat="48.1279590" lon="17.1208530">
    <ele>136.4</ele>
    <time>2025-09-30T17:26:37Z</time>
   </trkpt>
   <trkpt lat="48.1279590" lon="17.1208510">
    <ele>136.4</ele>
    <time>2025-09-30T17:26:38Z</time>
   </trkpt>
   <trkpt lat="48.1279590" lon="17.1208480">
    <ele>136.4</ele>
    <time>2025-09-30T17:26:39Z</time>
   </trkpt>
   <trkpt lat="48.1279580" lon="17.1208450">
    <ele>136.4</ele>
    <time>2025-09-30T17:26:40Z</time>
   </trkpt>
   <trkpt lat="48.1279580" lon="17.1208420">
    <ele>136.4</ele>
    <time>2025-09-30T17:26:41Z</time>
   </trkpt>
   <trkpt lat="48.1279580" lon="17.1208390">
    <ele>136.4</ele>
    <time>2025-09-30T17:26:42Z</time>
   </trkpt>
   <trkpt lat="48.1279570" lon="17.1208370">
    <ele>136.4</ele>
    <time>2025-09-30T17:26:43Z</time>
   </trkpt>
   <trkpt lat="48.1279570" lon="17.1208340">
    <ele>136.4</ele>
    <time>2025-09-30T17:26:44Z</time>
   </trkpt>
   <trkpt lat="48.1279570" lon="17.1208310">
    <ele>136.4</ele>
    <time>2025-09-30T17:26:45Z</time>
   </trkpt>
   <trkpt lat="48.1279560" lon="17.1208280">
    <ele>136.4</ele>
    <time>2025-09-30T17:26:46Z</time>
   </trkpt>
   <trkpt lat="48.1279560" lon="17.1208250">
    <ele>136.4</ele>
    <time>2025-09-30T17:26:47Z</time>
   </trkpt>
   <trkpt lat="48.1279550" lon="17.1208230">
    <ele>136.4</ele>
    <time>2025-09-30T17:26:48Z</time>
   </trkpt>
   <trkpt lat="48.1279550" lon="17.1208200">
    <ele>136.4</ele>
    <time>2025-09-30T17:26:49Z</time>
   </trkpt>
   <trkpt lat="48.1279550" lon="17.1208170">
    <ele>136.4</ele>
    <time>2025-09-30T17:26:50Z</time>
   </trkpt>
   <trkpt lat="48.1279540" lon="17.1208140">
    <ele>136.4</ele>
    <time>2025-09-30T17:26:51Z</time>
   </trkpt>
   <trkpt lat="48.1279540" lon="17.1208110">
    <ele>136.4</ele>
    <time>2025-09-30T17:26:52Z</time>
   </trkpt>
   <trkpt lat="48.1279540" lon="17.1208090">
    <ele>136.4</ele>
    <time>2025-09-30T17:26:53Z</time>
   </trkpt>
   <trkpt lat="48.1279530" lon="17.1208060">
    <ele>136.4</ele>
    <time>2025-09-30T17:26:54Z</time>
   </trkpt>
   <trkpt lat="48.1279530" lon="17.1208030">
    <ele>136.4</ele>
    <time>2025-09-30T17:26:55Z</time>
   </trkpt>
   <trkpt lat="48.1279570" lon="17.1207930">
    <ele>136.4</ele>
    <time>2025-09-30T17:26:56Z</time>
   </trkpt>
   <trkpt lat="48.1279670" lon="17.1207930">
    <ele>136.4</ele>
    <time>2025-09-30T17:26:57Z</time>
   </trkpt>
   <trkpt lat="48.1279870" lon="17.1208020">
    <ele>136.4</ele>
    <time>2025-09-30T17:26:58Z</time>
   </trkpt>
   <trkpt lat="48.1280170" lon="17.1208260">
    <ele>136.4</ele>
    <time>2025-09-30T17:26:59Z</time>
   </trkpt>
   <trkpt lat="48.1280230" lon="17.1208360">
    <ele>136.4</ele>
    <time>2025-09-30T17:27:00Z</time>
   </trkpt>
   <trkpt lat="48.1280390" lon="17.1208540">
    <ele>136.4</ele>
    <time>2025-09-30T17:27:01Z</time>
   </trkpt>
   <trkpt lat="48.1280520" lon="17.1208640">
    <ele>136.4</ele>
    <time>2025-09-30T17:27:02Z</time>
   </trkpt>
   <trkpt lat="48.1280510" lon="17.1208550">
    <ele>136.4</ele>
    <time>2025-09-30T17:27:03Z</time>
   </trkpt>
   <trkpt lat="48.1280440" lon="17.1208420">
    <ele>136.4</ele>
    <time>2025-09-30T17:27:04Z</time>
   </trkpt>
   <trkpt lat="48.1280410" lon="17.1208380">
    <ele>136.4</ele>
    <time>2025-09-30T17:27:05Z</time>
   </trkpt>
   <trkpt lat="48.1280410" lon="17.1208360">
    <ele>136.4</ele>
    <time>2025-09-30T17:27:06Z</time>
   </trkpt>
   <trkpt lat="48.1280400" lon="17.1208350">
    <ele>136.4</ele>
    <time>2025-09-30T17:27:07Z</time>
   </trkpt>
   <trkpt lat="48.1280400" lon="17.1208350">
    <ele>136.4</ele>
    <time>2025-09-30T17:27:08Z</time>
   </trkpt>
   <trkpt lat="48.1280400" lon="17.1208340">
    <ele>136.4</ele>
    <time>2025-09-30T17:27:09Z</time>
   </trkpt>
   <trkpt lat="48.1280400" lon="17.1208340">
    <ele>136.4</ele>
    <time>2025-09-30T17:27:10Z</time>
   </trkpt>
   <trkpt lat="48.1280390" lon="17.1208330">
    <ele>136.4</ele>
    <time>2025-09-30T17:27:11Z</time>
   </trkpt>
   <trkpt lat="48.1280370" lon="17.1208230">
    <ele>136.4</ele>
    <time>2025-09-30T17:27:12Z</time>
   </trkpt>
   <trkpt lat="48.1280350" lon="17.1208090">
    <ele>136.4</ele>
    <time>2025-09-30T17:27:13Z</time>
   </trkpt>
   <trkpt lat="48.1280330" lon="17.1207940">
    <ele>136.4</ele>
    <time>2025-09-30T17:27:14Z</time>
   </trkpt>
   <trkpt lat="48.1280360" lon="17.1207790">
    <ele>136.4</ele>
    <time>2025-09-30T17:27:15Z</time>
   </trkpt>
   <trkpt lat="48.1280400" lon="17.1207620">
    <ele>136.3</ele>
    <time>2025-09-30T17:27:16Z</time>
   </trkpt>
   <trkpt lat="48.1280480" lon="17.1207520">
    <ele>136.3</ele>
    <time>2025-09-30T17:27:17Z</time>
   </trkpt>
   <trkpt lat="48.1280550" lon="17.1207480">
    <ele>136.3</ele>
    <time>2025-09-30T17:27:18Z</time>
   </trkpt>
   <trkpt lat="48.1280640" lon="17.1207410">
    <ele>136.3</ele>
    <time>2025-09-30T17:27:19Z</time>
   </trkpt>
   <trkpt lat="48.1280790" lon="17.1207350">
    <ele>136.3</ele>
    <time>2025-09-30T17:27:20Z</time>
   </trkpt>
   <trkpt lat="48.1280860" lon="17.1207260">
    <ele>136.3</ele>
    <time>2025-09-30T17:27:21Z</time>
   </trkpt>
   <trkpt lat="48.1280930" lon="17.1207140">
    <ele>136.3</ele>
    <time>2025-09-30T17:27:22Z</time>
   </trkpt>
   <trkpt lat="48.1280870" lon="17.1206950">
    <ele>136.3</ele>
    <time>2025-09-30T17:27:23Z</time>
   </trkpt>
   <trkpt lat="48.1280710" lon="17.1206830">
    <ele>136.3</ele>
    <time>2025-09-30T17:27:24Z</time>
   </trkpt>
   <trkpt lat="48.1280480" lon="17.1206760">
    <ele>136.3</ele>
    <time>2025-09-30T17:27:25Z</time>
   </trkpt>
   <trkpt lat="48.1280390" lon="17.1206720">
    <ele>136.3</ele>
    <time>2025-09-30T17:27:26Z</time>
   </trkpt>
   <trkpt lat="48.1280270" lon="17.1206740">
    <ele>136.3</ele>
    <time>2025-09-30T17:27:27Z</time>
   </trkpt>
   <trkpt lat="48.1280090" lon="17.1206750">
    <ele>136.3</ele>
    <time>2025-09-30T17:27:28Z</time>
   </trkpt>
   <trkpt lat="48.1279880" lon="17.1206690">
    <ele>136.3</ele>
    <time>2025-09-30T17:27:29Z</time>
   </trkpt>
   <trkpt lat="48.1279800" lon="17.1206490">
    <ele>136.3</ele>
    <time>2025-09-30T17:27:30Z</time>
   </trkpt>
   <trkpt lat="48.1279650" lon="17.1206370">
    <ele>136.3</ele>
    <time>2025-09-30T17:27:31Z</time>
   </trkpt>
   <trkpt lat="48.1279560" lon="17.1206380">
    <ele>136.3</ele>
    <time>2025-09-30T17:27:32Z</time>
   </trkpt>
   <trkpt lat="48.1279510" lon="17.1206370">
    <ele>136.3</ele>
    <time>2025-09-30T17:27:33Z</time>
   </trkpt>
   <trkpt lat="48.1279520" lon="17.1206320">
    <ele>136.3</ele>
    <time>2025-09-30T17:27:34Z</time>
   </trkpt>
   <trkpt lat="48.1279540" lon="17.1206300">
    <ele>136.3</ele>
    <time>2025-09-30T17:27:35Z</time>
   </trkpt>
   <trkpt lat="48.1279530" lon="17.1206350">
    <ele>136.3</ele>
    <time>2025-09-30T17:27:36Z</time>
   </trkpt>
   <trkpt lat="48.1279540" lon="17.1206380">
    <ele>136.3</ele>
    <time>2025-09-30T17:27:37Z</time>
   </trkpt>
   <trkpt lat="48.1279560" lon="17.1206420">
    <ele>136.3</ele>
    <time>2025-09-30T17:27:38Z</time>
   </trkpt>
   <trkpt lat="48.1279590" lon="17.1206440">
    <ele>136.3</ele>
    <time>2025-09-30T17:27:39Z</time>
   </trkpt>
   <trkpt lat="48.1279590" lon="17.1206450">
    <ele>136.3</ele>
    <time>2025-09-30T17:27:40Z</time>
   </trkpt>
   <trkpt lat="48.1279590" lon="17.1206450">
    <ele>136.3</ele>
    <time>2025-09-30T17:27:41Z</time>
   </trkpt>
   <trkpt lat="48.1279600" lon="17.1206450">
    <ele>136.3</ele>
    <time>2025-09-30T17:27:42Z</time>
   </trkpt>
   <trkpt lat="48.1279600" lon="17.1206440">
    <ele>136.3</ele>
    <time>2025-09-30T17:27:43Z</time>
   </trkpt>
   <trkpt lat="48.1279600" lon="17.1206430">
    <ele>136.3</ele>
    <time>2025-09-30T17:27:44Z</time>
   </trkpt>
   <trkpt lat="48.1279610" lon="17.1206430">
    <ele>136.3</ele>
    <time>2025-09-30T17:27:45Z</time>
   </trkpt>
   <trkpt lat="48.1279610" lon="17.1206420">
    <ele>136.3</ele>
    <time>2025-09-30T17:27:46Z</time>
   </trkpt>
   <trkpt lat="48.1279620" lon="17.1206410">
    <ele>136.3</ele>
    <time>2025-09-30T17:27:47Z</time>
   </trkpt>
   <trkpt lat="48.1279620" lon="17.1206410">
    <ele>136.3</ele>
    <time>2025-09-30T17:27:48Z</time>
   </trkpt>
   <trkpt lat="48.1279620" lon="17.1206400">
    <ele>136.3</ele>
    <time>2025-09-30T17:27:49Z</time>
   </trkpt>
   <trkpt lat="48.1279610" lon="17.1206410">
    <ele>136.3</ele>
    <time>2025-09-30T17:27:50Z</time>
   </trkpt>
   <trkpt lat="48.1279610" lon="17.1206410">
    <ele>136.3</ele>
    <time>2025-09-30T17:27:51Z</time>
   </trkpt>
   <trkpt lat="48.1279610" lon="17.1206400">
    <ele>136.3</ele>
    <time>2025-09-30T17:27:52Z</time>
   </trkpt>
   <trkpt lat="48.1279590" lon="17.1206390">
    <ele>136.3</ele>
    <time>2025-09-30T17:27:53Z</time>
   </trkpt>
   <trkpt lat="48.1279580" lon="17.1206390">
    <ele>136.3</ele>
    <time>2025-09-30T17:27:54Z</time>
   </trkpt>
   <trkpt lat="48.1279580" lon="17.1206390">
    <ele>136.3</ele>
    <time>2025-09-30T17:27:55Z</time>
   </trkpt>
   <trkpt lat="48.1279580" lon="17.1206390">
    <ele>136.3</ele>
    <time>2025-09-30T17:27:56Z</time>
   </trkpt>
   <trkpt lat="48.1279580" lon="17.1206390">
    <ele>136.3</ele>
    <time>2025-09-30T17:27:57Z</time>
   </trkpt>
   <trkpt lat="48.1279580" lon="17.1206390">
    <ele>136.3</ele>
    <time>2025-09-30T17:27:58Z</time>
   </trkpt>
   <trkpt lat="48.1279580" lon="17.1206390">
    <ele>136.3</ele>
    <time>2025-09-30T17:27:59Z</time>
   </trkpt>
   <trkpt lat="48.1279580" lon="17.1206390">
    <ele>136.3</ele>
    <time>2025-09-30T17:28:00Z</time>
   </trkpt>
   <trkpt lat="48.1279570" lon="17.1206390">
    <ele>136.3</ele>
    <time>2025-09-30T17:28:01Z</time>
   </trkpt>
   <trkpt lat="48.1279570" lon="17.1206390">
    <ele>136.3</ele>
    <time>2025-09-30T17:28:02Z</time>
   </trkpt>
   <trkpt lat="48.1279570" lon="17.1206390">
    <ele>136.3</ele>
    <time>2025-09-30T17:28:03Z</time>
   </trkpt>
   <trkpt lat="48.1279570" lon="17.1206390">
    <ele>136.3</ele>
    <time>2025-09-30T17:28:04Z</time>
   </trkpt>
   <trkpt lat="48.1279570" lon="17.1206390">
    <ele>136.3</ele>
    <time>2025-09-30T17:28:05Z</time>
   </trkpt>
   <trkpt lat="48.1279570" lon="17.1206390">
    <ele>136.3</ele>
    <time>2025-09-30T17:28:06Z</time>
   </trkpt>
   <trkpt lat="48.1279570" lon="17.1206390">
    <ele>136.3</ele>
    <time>2025-09-30T17:28:07Z</time>
   </trkpt>
   <trkpt lat="48.1279570" lon="17.1206390">
    <ele>136.3</ele>
    <time>2025-09-30T17:28:08Z</time>
   </trkpt>
   <trkpt lat="48.1279570" lon="17.1206390">
    <ele>136.3</ele>
    <time>2025-09-30T17:28:09Z</time>
   </trkpt>
   <trkpt lat="48.1279570" lon="17.1206390">
    <ele>136.3</ele>
    <time>2025-09-30T17:28:10Z</time>
   </trkpt>
   <trkpt lat="48.1279570" lon="17.1206390">
    <ele>136.3</ele>
    <time>2025-09-30T17:28:11Z</time>
   </trkpt>
   <trkpt lat="48.1279570" lon="17.1206390">
    <ele>136.3</ele>
    <time>2025-09-30T17:28:12Z</time>
   </trkpt>
   <trkpt lat="48.1279570" lon="17.1206390">
    <ele>136.3</ele>
    <time>2025-09-30T17:28:13Z</time>
   </trkpt>
   <trkpt lat="48.1279570" lon="17.1206390">
    <ele>136.3</ele>
    <time>2025-09-30T17:28:14Z</time>
   </trkpt>
   <trkpt lat="48.1279570" lon="17.1206390">
    <ele>136.3</ele>
    <time>2025-09-30T17:28:15Z</time>
   </trkpt>
   <trkpt lat="48.1279570" lon="17.1206390">
    <ele>136.3</ele>
    <time>2025-09-30T17:28:16Z</time>
   </trkpt>
   <trkpt lat="48.1279570" lon="17.1206390">
    <ele>136.3</ele>
    <time>2025-09-30T17:28:17Z</time>
   </trkpt>
   <trkpt lat="48.1279570" lon="17.1206390">
    <ele>136.3</ele>
    <time>2025-09-30T17:28:18Z</time>
   </trkpt>
   <trkpt lat="48.1279570" lon="17.1206390">
    <ele>136.3</ele>
    <time>2025-09-30T17:28:19Z</time>
   </trkpt>
   <trkpt lat="48.1279570" lon="17.1206390">
    <ele>136.3</ele>
    <time>2025-09-30T17:28:20Z</time>
   </trkpt>
   <trkpt lat="48.1279570" lon="17.1206390">
    <ele>136.3</ele>
    <time>2025-09-30T17:28:21Z</time>
   </trkpt>
   <trkpt lat="48.1279570" lon="17.1206390">
    <ele>136.3</ele>
    <time>2025-09-30T17:28:22Z</time>
   </trkpt>
   <trkpt lat="48.1279570" lon="17.1206390">
    <ele>136.3</ele>
    <time>2025-09-30T17:28:23Z</time>
   </trkpt>
   <trkpt lat="48.1279570" lon="17.1206390">
    <ele>136.3</ele>
    <time>2025-09-30T17:28:24Z</time>
   </trkpt>
   <trkpt lat="48.1279570" lon="17.1206390">
    <ele>136.3</ele>
    <time>2025-09-30T17:28:25Z</time>
   </trkpt>
   <trkpt lat="48.1279570" lon="17.1206390">
    <ele>136.3</ele>
    <time>2025-09-30T17:28:26Z</time>
   </trkpt>
   <trkpt lat="48.1279570" lon="17.1206390">
    <ele>136.3</ele>
    <time>2025-09-30T17:28:27Z</time>
   </trkpt>
   <trkpt lat="48.1279570" lon="17.1206390">
    <ele>136.3</ele>
    <time>2025-09-30T17:28:28Z</time>
   </trkpt>
   <trkpt lat="48.1279570" lon="17.1206390">
    <ele>136.3</ele>
    <time>2025-09-30T17:28:29Z</time>
   </trkpt>
   <trkpt lat="48.1279570" lon="17.1206390">
    <ele>136.3</ele>
    <time>2025-09-30T17:28:30Z</time>
   </trkpt>
   <trkpt lat="48.1279570" lon="17.1206390">
    <ele>136.3</ele>
    <time>2025-09-30T17:28:31Z</time>
   </trkpt>
   <trkpt lat="48.1279570" lon="17.1206390">
    <ele>136.3</ele>
    <time>2025-09-30T17:28:32Z</time>
   </trkpt>
   <trkpt lat="48.1279570" lon="17.1206390">
    <ele>136.3</ele>
    <time>2025-09-30T17:28:33Z</time>
   </trkpt>
   <trkpt lat="48.1279570" lon="17.1206390">
    <ele>136.3</ele>
    <time>2025-09-30T17:28:34Z</time>
   </trkpt>
   <trkpt lat="48.1279570" lon="17.1206390">
    <ele>136.3</ele>
    <time>2025-09-30T17:28:35Z</time>
   </trkpt>
   <trkpt lat="48.1279570" lon="17.1206390">
    <ele>136.3</ele>
    <time>2025-09-30T17:28:36Z</time>
   </trkpt>
   <trkpt lat="48.1279570" lon="17.1206390">
    <ele>136.3</ele>
    <time>2025-09-30T17:28:37Z</time>
   </trkpt>
   <trkpt lat="48.1279570" lon="17.1206390">
    <ele>136.3</ele>
    <time>2025-09-30T17:28:38Z</time>
   </trkpt>
   <trkpt lat="48.1279790" lon="17.1206150">
    <ele>136.3</ele>
    <time>2025-09-30T17:28:39Z</time>
   </trkpt>
   <trkpt lat="48.1279850" lon="17.1206010">
    <ele>136.3</ele>
    <time>2025-09-30T17:28:40Z</time>
   </trkpt>
   <trkpt lat="48.1279850" lon="17.1205840">
    <ele>136.3</ele>
    <time>2025-09-30T17:28:41Z</time>
   </trkpt>
   <trkpt lat="48.1279840" lon="17.1205680">
    <ele>136.3</ele>
    <time>2025-09-30T17:28:42Z</time>
   </trkpt>
   <trkpt lat="48.1279850" lon="17.1205520">
    <ele>136.3</ele>
    <time>2025-09-30T17:28:43Z</time>
   </trkpt>
   <trkpt lat="48.1279870" lon="17.1205450">
    <ele>136.2</ele>
    <time>2025-09-30T17:28:44Z</time>
   </trkpt>
   <trkpt lat="48.1279880" lon="17.1205390">
    <ele>136.2</ele>
    <time>2025-09-30T17:28:45Z</time>
   </trkpt>
   <trkpt lat="48.1279890" lon="17.1205320">
    <ele>136.2</ele>
    <time>2025-09-30T17:28:46Z</time>
   </trkpt>
   <trkpt lat="48.1279900" lon="17.1205260">
    <ele>136.2</ele>
    <time>2025-09-30T17:28:47Z</time>
   </trkpt>
   <trkpt lat="48.1279920" lon="17.1205190">
    <ele>136.2</ele>
    <time>2025-09-30T17:28:48Z</time>
   </trkpt>
   <trkpt lat="48.1279930" lon="17.1205130">
    <ele>136.2</ele>
    <time>2025-09-30T17:28:49Z</time>
   </trkpt>
   <trkpt lat="48.1279960" lon="17.1204970">
    <ele>136.2</ele>
    <time>2025-09-30T17:28:50Z</time>
   </trkpt>
   <trkpt lat="48.1279950" lon="17.1204890">
    <ele>136.2</ele>
    <time>2025-09-30T17:28:51Z</time>
   </trkpt>
   <trkpt lat="48.1279900" lon="17.1204880">
    <ele>136.2</ele>
    <time>2025-09-30T17:28:52Z</time>
   </trkpt>
   <trkpt lat="48.1279860" lon="17.1204870">
    <ele>136.2</ele>
    <time>2025-09-30T17:28:53Z</time>
   </trkpt>
   <trkpt lat="48.1279820" lon="17.1204800">
    <ele>136.2</ele>
    <time>2025-09-30T17:28:54Z</time>
   </trkpt>
   <trkpt lat="48.1279750" lon="17.1204740">
    <ele>136.2</ele>
    <time>2025-09-30T17:28:55Z</time>
   </trkpt>
   <trkpt lat="48.1279720" lon="17.1204680">
    <ele>136.2</ele>
    <time>2025-09-30T17:28:56Z</time>
   </trkpt>
   <trkpt lat="48.1279700" lon="17.1204630">
    <ele>136.2</ele>
    <time>2025-09-30T17:28:57Z</time>
   </trkpt>
   <trkpt lat="48.1279690" lon="17.1204580">
    <ele>136.2</ele>
    <time>2025-09-30T17:28:58Z</time>
   </trkpt>
   <trkpt lat="48.1279670" lon="17.1204530">
    <ele>136.2</ele>
    <time>2025-09-30T17:28:59Z</time>
   </trkpt>
   <trkpt lat="48.1279660" lon="17.1204480">
    <ele>136.2</ele>
    <time>2025-09-30T17:29:00Z</time>
   </trkpt>
   <trkpt lat="48.1279650" lon="17.1204440">
    <ele>136.2</ele>
    <time>2025-09-30T17:29:01Z</time>
   </trkpt>
   <trkpt lat="48.1279630" lon="17.1204390">
    <ele>136.2</ele>
    <time>2025-09-30T17:29:02Z</time>
   </trkpt>
   <trkpt lat="48.1279620" lon="17.1204340">
    <ele>136.2</ele>
    <time>2025-09-30T17:29:04Z</time>
   </trkpt>
   <trkpt lat="48.1279600" lon="17.1204290">
    <ele>136.2</ele>
    <time>2025-09-30T17:29:05Z</time>
   </trkpt>
   <trkpt lat="48.1279590" lon="17.1204240">
    <ele>136.2</ele>
    <time>2025-09-30T17:29:06Z</time>
   </trkpt>
   <trkpt lat="48.1279660" lon="17.1203900">
    <ele>136.2</ele>
    <time>2025-09-30T17:29:07Z</time>
   </trkpt>
   <trkpt lat="48.1279740" lon="17.1203760">
    <ele>136.2</ele>
    <time>2025-09-30T17:29:08Z</time>
   </trkpt>
   <trkpt lat="48.1279820" lon="17.1203620">
    <ele>136.2</ele>
    <time>2025-09-30T17:29:09Z</time>
   </trkpt>
   <trkpt lat="48.1280040" lon="17.1203340">
    <ele>136.2</ele>
    <time>2025-09-30T17:29:10Z</time>
   </trkpt>
   <trkpt lat="48.1280110" lon="17.1203110">
    <ele>136.2</ele>
    <time>2025-09-30T17:29:11Z</time>
   </trkpt>
   <trkpt lat="48.1280030" lon="17.1202880">
    <ele>136.2</ele>
    <time>2025-09-30T17:29:12Z</time>
   </trkpt>
   <trkpt lat="48.1279880" lon="17.1202550">
    <ele>136.1</ele>
    <time>2025-09-30T17:29:13Z</time>
   </trkpt>
   <trkpt lat="48.1279780" lon="17.1202420">
    <ele>136.1</ele>
    <time>2025-09-30T17:29:14Z</time>
   </trkpt>
   <trkpt lat="48.1279660" lon="17.1202220">
    <ele>136.1</ele>
    <time>2025-09-30T17:29:15Z</time>
   </trkpt>
   <trkpt lat="48.1279630" lon="17.1202070">
    <ele>136.1</ele>
    <time>2025-09-30T17:29:16Z</time>
   </trkpt>
   <trkpt lat="48.1279620" lon="17.1201990">
    <ele>136.1</ele>
    <time>2025-09-30T17:29:17Z</time>
   </trkpt>
   <trkpt lat="48.1279650" lon="17.1201950">
    <ele>136.1</ele>
    <time>2025-09-30T17:29:18Z</time>
   </trkpt>
   <trkpt lat="48.1279720" lon="17.1202000">
    <ele>136.1</ele>
    <time>2025-09-30T17:29:19Z</time>
   </trkpt>
   <trkpt lat="48.1279740" lon="17.1202030">
    <ele>136.1</ele>
    <time>2025-09-30T17:29:20Z</time>
   </trkpt>
   <trkpt lat="48.1279750" lon="17.1202060">
    <ele>136.1</ele>
    <time>2025-09-30T17:29:21Z</time>
   </trkpt>
   <trkpt lat="48.1279730" lon="17.1202100">
    <ele>136.1</ele>
    <time>2025-09-30T17:29:22Z</time>
   </trkpt>
   <trkpt lat="48.1279740" lon="17.1202100">
    <ele>136.1</ele>
    <time>2025-09-30T17:29:23Z</time>
   </trkpt>
   <trkpt lat="48.1279750" lon="17.1202100">
    <ele>136.1</ele>
    <time>2025-09-30T17:29:24Z</time>
   </trkpt>
   <trkpt lat="48.1279770" lon="17.1202100">
    <ele>136.1</ele>
    <time>2025-09-30T17:29:25Z</time>
   </trkpt>
   <trkpt lat="48.1279790" lon="17.1202100">
    <ele>136.1</ele>
    <time>2025-09-30T17:29:26Z</time>
   </trkpt>
   <trkpt lat="48.1279810" lon="17.1202100">
    <ele>136.1</ele>
    <time>2025-09-30T17:29:27Z</time>
   </trkpt>
   <trkpt lat="48.1279820" lon="17.1202110">
    <ele>136.1</ele>
    <time>2025-09-30T17:29:28Z</time>
   </trkpt>
   <trkpt lat="48.1279840" lon="17.1202140">
    <ele>136.1</ele>
    <time>2025-09-30T17:29:29Z</time>
   </trkpt>
   <trkpt lat="48.1279860" lon="17.1202170">
    <ele>136.1</ele>
    <time>2025-09-30T17:29:30Z</time>
   </trkpt>
   <trkpt lat="48.1279870" lon="17.1202180">
    <ele>136.1</ele>
    <time>2025-09-30T17:29:31Z</time>
   </trkpt>
   <trkpt lat="48.1279860" lon="17.1202180">
    <ele>136.1</ele>
    <time>2025-09-30T17:29:32Z</time>
   </trkpt>
   <trkpt lat="48.1279860" lon="17.1202200">
    <ele>136.1</ele>
    <time>2025-09-30T17:29:33Z</time>
   </trkpt>
   <trkpt lat="48.1279870" lon="17.1202220">
    <ele>136.1</ele>
    <time>2025-09-30T17:29:34Z</time>
   </trkpt>
   <trkpt lat="48.1279880" lon="17.1202230">
    <ele>136.1</ele>
    <time>2025-09-30T17:29:35Z</time>
   </trkpt>
   <trkpt lat="48.1279890" lon="17.1202250">
    <ele>136.1</ele>
    <time>2025-09-30T17:29:36Z</time>
   </trkpt>
   <trkpt lat="48.1279960" lon="17.1202310">
    <ele>136.1</ele>
    <time>2025-09-30T17:29:37Z</time>
   </trkpt>
   <trkpt lat="48.1279970" lon="17.1202300">
    <ele>136.1</ele>
    <time>2025-09-30T17:29:38Z</time>
   </trkpt>
   <trkpt lat="48.1279970" lon="17.1202290">
    <ele>136.1</ele>
    <time>2025-09-30T17:29:39Z</time>
   </trkpt>
   <trkpt lat="48.1279970" lon="17.1202290">
    <ele>136.1</ele>
    <time>2025-09-30T17:29:40Z</time>
   </trkpt>
   <trkpt lat="48.1279980" lon="17.1202280">
    <ele>136.1</ele>
    <time>2025-09-30T17:29:41Z</time>
   </trkpt>
   <trkpt lat="48.1279980" lon="17.1202270">
    <ele>136.1</ele>
    <time>2025-09-30T17:29:42Z</time>
   </trkpt>
   <trkpt lat="48.1279980" lon="17.1202260">
    <ele>136.1</ele>
    <time>2025-09-30T17:29:43Z</time>
   </trkpt>
   <trkpt lat="48.1279990" lon="17.1202250">
    <ele>136.1</ele>
    <time>2025-09-30T17:29:44Z</time>
   </trkpt>
   <trkpt lat="48.1279990" lon="17.1202240">
    <ele>136.1</ele>
    <time>2025-09-30T17:29:45Z</time>
   </trkpt>
   <trkpt lat="48.1279990" lon="17.1202230">
    <ele>136.1</ele>
    <time>2025-09-30T17:29:46Z</time>
   </trkpt>
   <trkpt lat="48.1280000" lon="17.1202220">
    <ele>136.1</ele>
    <time>2025-09-30T17:29:47Z</time>
   </trkpt>
   <trkpt lat="48.1280000" lon="17.1202220">
    <ele>136.1</ele>
    <time>2025-09-30T17:29:48Z</time>
   </trkpt>
   <trkpt lat="48.1280000" lon="17.1202210">
    <ele>136.1</ele>
    <time>2025-09-30T17:29:49Z</time>
   </trkpt>
   <trkpt lat="48.1280010" lon="17.1202200">
    <ele>136.1</ele>
    <time>2025-09-30T17:29:50Z</time>
   </trkpt>
   <trkpt lat="48.1280010" lon="17.1202190">
    <ele>136.1</ele>
    <time>2025-09-30T17:29:51Z</time>
   </trkpt>
   <trkpt lat="48.1280010" lon="17.1202180">
    <ele>136.1</ele>
    <time>2025-09-30T17:29:52Z</time>
   </trkpt>
   <trkpt lat="48.1280010" lon="17.1202170">
    <ele>136.1</ele>
    <time>2025-09-30T17:29:53Z</time>
   </trkpt>
   <trkpt lat="48.1280020" lon="17.1202160">
    <ele>136.1</ele>
    <time>2025-09-30T17:29:54Z</time>
   </trkpt>
   <trkpt lat="48.1280020" lon="17.1202160">
    <ele>136.1</ele>
    <time>2025-09-30T17:29:55Z</time>
   </trkpt>
   <trkpt lat="48.1280020" lon="17.1202150">
    <ele>136.1</ele>
    <time>2025-09-30T17:29:56Z</time>
   </trkpt>
   <trkpt lat="48.1280030" lon="17.1202140">
    <ele>136.1</ele>
    <time>2025-09-30T17:29:57Z</time>
   </trkpt>
   <trkpt lat="48.1280030" lon="17.1202130">
    <ele>136.1</ele>
    <time>2025-09-30T17:29:58Z</time>
   </trkpt>
   <trkpt lat="48.1280030" lon="17.1202120">
    <ele>136.1</ele>
    <time>2025-09-30T17:29:59Z</time>
   </trkpt>
   <trkpt lat="48.1280040" lon="17.1202110">
    <ele>136.1</ele>
    <time>2025-09-30T17:30:00Z</time>
   </trkpt>
   <trkpt lat="48.1280040" lon="17.1202100">
    <ele>136.1</ele>
    <time>2025-09-30T17:30:01Z</time>
   </trkpt>
   <trkpt lat="48.1280040" lon="17.1202100">
    <ele>136.1</ele>
    <time>2025-09-30T17:30:02Z</time>
   </trkpt>
   <trkpt lat="48.1280050" lon="17.1202090">
    <ele>136.1</ele>
    <time>2025-09-30T17:30:03Z</time>
   </trkpt>
   <trkpt lat="48.1280050" lon="17.1202080">
    <ele>136.1</ele>
    <time>2025-09-30T17:30:04Z</time>
   </trkpt>
   <trkpt lat="48.1280050" lon="17.1202070">
    <ele>136.1</ele>
    <time>2025-09-30T17:30:05Z</time>
   </trkpt>
   <trkpt lat="48.1280060" lon="17.1202060">
    <ele>136.1</ele>
    <time>2025-09-30T17:30:06Z</time>
   </trkpt>
   <trkpt lat="48.1280060" lon="17.1202050">
    <ele>136.1</ele>
    <time>2025-09-30T17:30:07Z</time>
   </trkpt>
   <trkpt lat="48.1280060" lon="17.1202040">
    <ele>136.1</ele>
    <time>2025-09-30T17:30:08Z</time>
   </trkpt>
   <trkpt lat="48.1280070" lon="17.1202030">
    <ele>136.1</ele>
    <time>2025-09-30T17:30:09Z</time>
   </trkpt>
   <trkpt lat="48.1280070" lon="17.1202030">
    <ele>136.1</ele>
    <time>2025-09-30T17:30:10Z</time>
   </trkpt>
   <trkpt lat="48.1280070" lon="17.1202020">
    <ele>136.1</ele>
    <time>2025-09-30T17:30:11Z</time>
   </trkpt>
   <trkpt lat="48.1280080" lon="17.1202010">
    <ele>136.1</ele>
    <time>2025-09-30T17:30:12Z</time>
   </trkpt>
   <trkpt lat="48.1280080" lon="17.1202000">
    <ele>136.1</ele>
    <time>2025-09-30T17:30:13Z</time>
   </trkpt>
   <trkpt lat="48.1280080" lon="17.1201990">
    <ele>136.1</ele>
    <time>2025-09-30T17:30:14Z</time>
   </trkpt>
   <trkpt lat="48.1280090" lon="17.1201980">
    <ele>136.1</ele>
    <time>2025-09-30T17:30:15Z</time>
   </trkpt>
   <trkpt lat="48.1280090" lon="17.1201970">
    <ele>136.1</ele>
    <time>2025-09-30T17:30:16Z</time>
   </trkpt>
   <trkpt lat="48.1280090" lon="17.1201970">
    <ele>136.1</ele>
    <time>2025-09-30T17:30:17Z</time>
   </trkpt>
   <trkpt lat="48.1280100" lon="17.1201960">
    <ele>136.1</ele>
    <time>2025-09-30T17:30:18Z</time>
   </trkpt>
   <trkpt lat="48.1280100" lon="17.1201950">
    <ele>136.1</ele>
    <time>2025-09-30T17:30:19Z</time>
   </trkpt>
   <trkpt lat="48.1280100" lon="17.1201940">
    <ele>136.1</ele>
    <time>2025-09-30T17:30:20Z</time>
   </trkpt>
   <trkpt lat="48.1280100" lon="17.1201930">
    <ele>136.1</ele>
    <time>2025-09-30T17:30:21Z</time>
   </trkpt>
   <trkpt lat="48.1280110" lon="17.1201920">
    <ele>136.1</ele>
    <time>2025-09-30T17:30:22Z</time>
   </trkpt>
   <trkpt lat="48.1280110" lon="17.1201910">
    <ele>136.1</ele>
    <time>2025-09-30T17:30:23Z</time>
   </trkpt>
   <trkpt lat="48.1280110" lon="17.1201910">
    <ele>136.1</ele>
    <time>2025-09-30T17:30:24Z</time>
   </trkpt>
   <trkpt lat="48.1280120" lon="17.1201900">
    <ele>136.1</ele>
    <time>2025-09-30T17:30:25Z</time>
   </trkpt>
   <trkpt lat="48.1280120" lon="17.1201890">
    <ele>136.1</ele>
    <time>2025-09-30T17:30:26Z</time>
   </trkpt>
   <trkpt lat="48.1280120" lon="17.1201880">
    <ele>136.1</ele>
    <time>2025-09-30T17:30:27Z</time>
   </trkpt>
   <trkpt lat="48.1280130" lon="17.1201870">
    <ele>136.1</ele>
    <time>2025-09-30T17:30:28Z</time>
   </trkpt>
   <trkpt lat="48.1280130" lon="17.1201860">
    <ele>136.1</ele>
    <time>2025-09-30T17:30:29Z</time>
   </trkpt>
   <trkpt lat="48.1280130" lon="17.1201850">
    <ele>136.1</ele>
    <time>2025-09-30T17:30:30Z</time>
   </trkpt>
   <trkpt lat="48.1280140" lon="17.1201840">
    <ele>136.1</ele>
    <time>2025-09-30T17:30:31Z</time>
   </trkpt>
   <trkpt lat="48.1280140" lon="17.1201840">
    <ele>136.1</ele>
    <time>2025-09-30T17:30:32Z</time>
   </trkpt>
   <trkpt lat="48.1280140" lon="17.1201830">
    <ele>136.1</ele>
    <time>2025-09-30T17:30:33Z</time>
   </trkpt>
   <trkpt lat="48.1280150" lon="17.1201820">
    <ele>136.1</ele>
    <time>2025-09-30T17:30:34Z</time>
   </trkpt>
   <trkpt lat="48.1280150" lon="17.1201810">
    <ele>136.1</ele>
    <time>2025-09-30T17:30:35Z</time>
   </trkpt>
   <trkpt lat="48.1280190" lon="17.1201650">
    <ele>136.1</ele>
    <time>2025-09-30T17:30:36Z</time>
   </trkpt>
   <trkpt lat="48.1280220" lon="17.1201520">
    <ele>136.0</ele>
    <time>2025-09-30T17:30:37Z</time>
   </trkpt>
   <trkpt lat="48.1280210" lon="17.1201450">
    <ele>136.0</ele>
    <time>2025-09-30T17:30:38Z</time>
   </trkpt>
   <trkpt lat="48.1280270" lon="17.1201380">
    <ele>136.0</ele>
    <time>2025-09-30T17:30:39Z</time>
   </trkpt>
   <trkpt lat="48.1280170" lon="17.1201170">
    <ele>136.0</ele>
    <time>2025-09-30T17:30:40Z</time>
   </trkpt>
   <trkpt lat="48.1280110" lon="17.1201040">
    <ele>136.0</ele>
    <time>2025-09-30T17:30:41Z</time>
   </trkpt>
   <trkpt lat="48.1280050" lon="17.1200920">
    <ele>136.0</ele>
    <time>2025-09-30T17:30:42Z</time>
   </trkpt>
   <trkpt lat="48.1280040" lon="17.1200800">
    <ele>136.0</ele>
    <time>2025-09-30T17:30:43Z</time>
   </trkpt>
   <trkpt lat="48.1279990" lon="17.1200720">
    <ele>136.0</ele>
    <time>2025-09-30T17:30:44Z</time>
   </trkpt>
   <trkpt lat="48.1279930" lon="17.1200470">
    <ele>136.0</ele>
    <time>2025-09-30T17:30:45Z</time>
   </trkpt>
   <trkpt lat="48.1279790" lon="17.1200130">
    <ele>136.0</ele>
    <time>2025-09-30T17:30:46Z</time>
   </trkpt>
   <trkpt lat="48.1279740" lon="17.1199940">
    <ele>136.0</ele>
    <time>2025-09-30T17:30:47Z</time>
   </trkpt>
   <trkpt lat="48.1279680" lon="17.1199760">
    <ele>136.0</ele>
    <time>2025-09-30T17:30:48Z</time>
   </trkpt>
   <trkpt lat="48.1279710" lon="17.1199330">
    <ele>136.0</ele>
    <time>2025-09-30T17:30:49Z</time>
   </trkpt>
   <trkpt lat="48.1279750" lon="17.1199210">
    <ele>136.0</ele>
    <time>2025-09-30T17:30:50Z</time>
   </trkpt>
   <trkpt lat="48.1279800" lon="17.1199200">
    <ele>136.0</ele>
    <time>2025-09-30T17:30:51Z</time>
   </trkpt>
   <trkpt lat="48.1279760" lon="17.1199250">
    <ele>136.0</ele>
    <time>2025-09-30T17:30:52Z</time>
   </trkpt>
   <trkpt lat="48.1279710" lon="17.1199280">
    <ele>136.0</ele>
    <time>2025-09-30T17:30:53Z</time>
   </trkpt>
   <trkpt lat="48.1279690" lon="17.1199330">
    <ele>136.0</ele>
    <time>2025-09-30T17:30:54Z</time>
   </trkpt>
   <trkpt lat="48.1279660" lon="17.1199400">
    <ele>136.0</ele>
    <time>2025-09-30T17:30:55Z</time>
   </trkpt>
   <trkpt lat="48.1279640" lon="17.1199460">
    <ele>136.0</ele>
    <time>2025-09-30T17:30:56Z</time>
   </trkpt>
   <trkpt lat="48.1279620" lon="17.1199510">
    <ele>136.0</ele>
    <time>2025-09-30T17:30:57Z</time>
   </trkpt>
   <trkpt lat="48.1279600" lon="17.1199560">
    <ele>136.0</ele>
    <time>2025-09-30T17:30:58Z</time>
   </trkpt>
   <trkpt lat="48.1279580" lon="17.1199590">
    <ele>136.0</ele>
    <time>2025-09-30T17:30:59Z</time>
   </trkpt>
   <trkpt lat="48.1279550" lon="17.1199630">
    <ele>136.0</ele>
    <time>2025-09-30T17:31:00Z</time>
   </trkpt>
   <trkpt lat="48.1279510" lon="17.1199670">
    <ele>136.0</ele>
    <time>2025-09-30T17:31:01Z</time>
   </trkpt>
   <trkpt lat="48.1279480" lon="17.1199690">
    <ele>136.0</ele>
    <time>2025-09-30T17:31:02Z</time>
   </trkpt>
   <trkpt lat="48.1279450" lon="17.1199740">
    <ele>136.0</ele>
    <time>2025-09-30T17:31:03Z</time>
   </trkpt>
   <trkpt lat="48.1279420" lon="17.1199750">
    <ele>136.0</ele>
    <time>2025-09-30T17:31:04Z</time>
   </trkpt>
   <trkpt lat="48.1279410" lon="17.1199790">
    <ele>136.0</ele>
    <time>2025-09-30T17:31:05Z</time>
   </trkpt>
   <trkpt lat="48.1279380" lon="17.1199790">
    <ele>136.0</ele>
    <time>2025-09-30T17:31:06Z</time>
   </trkpt>
   <trkpt lat="48.1279350" lon="17.1199800">
    <ele>136.0</ele>
    <time>2025-09-30T17:31:07Z</time>
   </trkpt>
   <trkpt lat="48.1279350" lon="17.1199800">
    <ele>136.0</ele>
    <time>2025-09-30T17:31:08Z</time>
   </trkpt>
   <trkpt lat="48.1279340" lon="17.1199750">
    <ele>136.0</ele>
    <time>2025-09-30T17:31:09Z</time>
   </trkpt>
   <trkpt lat="48.1279350" lon="17.1199690">
    <ele>136.0</ele>
    <time>2025-09-30T17:31:10Z</time>
   </trkpt>
   <trkpt lat="48.1279360" lon="17.1199620">
    <ele>136.0</ele>
    <time>2025-09-30T17:31:11Z</time>
   </trkpt>
   <trkpt lat="48.1279350" lon="17.1199550">
    <ele>136.0</ele>
    <time>2025-09-30T17:31:12Z</time>
   </trkpt>
   <trkpt lat="48.1279310" lon="17.1199480">
    <ele>136.0</ele>
    <time>2025-09-30T17:31:13Z</time>
   </trkpt>
   <trkpt lat="48.1279300" lon="17.1199450">
    <ele>136.0</ele>
    <time>2025-09-30T17:31:14Z</time>
   </trkpt>
   <trkpt lat="48.1279310" lon="17.1199410">
    <ele>136.0</ele>
    <time>2025-09-30T17:31:15Z</time>
   </trkpt>
   <trkpt lat="48.1279450" lon="17.1199340">
    <ele>136.0</ele>
    <time>2025-09-30T17:31:16Z</time>
   </trkpt>
   <trkpt lat="48.1279490" lon="17.1199330">
    <ele>136.0</ele>
    <time>2025-09-30T17:31:17Z</time>
   </trkpt>
   <trkpt lat="48.1279440" lon="17.1199220">
    <ele>136.0</ele>
    <time>2025-09-30T17:31:18Z</time>
   </trkpt>
   <trkpt lat="48.1279430" lon="17.1199080">
    <ele>136.0</ele>
    <time>2025-09-30T17:31:19Z</time>
   </trkpt>
   <trkpt lat="48.1279470" lon="17.1198970">
    <ele>136.0</ele>
    <time>2025-09-30T17:31:20Z</time>
   </trkpt>
   <trkpt lat="48.1279500" lon="17.1198850">
    <ele>136.0</ele>
    <time>2025-09-30T17:31:21Z</time>
   </trkpt>
   <trkpt lat="48.1279550" lon="17.1198710">
    <ele>136.0</ele>
    <time>2025-09-30T17:31:22Z</time>
   </trkpt>
   <trkpt lat="48.1279620" lon="17.1198600">
    <ele>136.0</ele>
    <time>2025-09-30T17:31:23Z</time>
   </trkpt>
   <trkpt lat="48.1279600" lon="17.1198440">
    <ele>136.0</ele>
    <time>2025-09-30T17:31:24Z</time>
   </trkpt>
   <trkpt lat="48.1279500" lon="17.1198310">
    <ele>136.0</ele>
    <time>2025-09-30T17:31:25Z</time>
   </trkpt>
   <trkpt lat="48.1279510" lon="17.1198330">
    <ele>135.9</ele>
    <time>2025-09-30T17:31:26Z</time>
   </trkpt>
   <trkpt lat="48.1279570" lon="17.1198350">
    <ele>135.9</ele>
    <time>2025-09-30T17:31:27Z</time>
   </trkpt>
   <trkpt lat="48.1279620" lon="17.1198390">
    <ele>135.9</ele>
    <time>2025-09-30T17:31:28Z</time>
   </trkpt>
   <trkpt lat="48.1279650" lon="17.1198390">
    <ele>135.9</ele>
    <time>2025-09-30T17:31:29Z</time>
   </trkpt>
   <trkpt lat="48.1279660" lon="17.1198350">
    <ele>135.9</ele>
    <time>2025-09-30T17:31:30Z</time>
   </trkpt>
   <trkpt lat="48.1279680" lon="17.1198290">
    <ele>135.9</ele>
    <time>2025-09-30T17:31:31Z</time>
   </trkpt>
   <trkpt lat="48.1279680" lon="17.1198190">
    <ele>135.9</ele>
    <time>2025-09-30T17:31:32Z</time>
   </trkpt>
   <trkpt lat="48.1279730" lon="17.1198130">
    <ele>135.9</ele>
    <time>2025-09-30T17:31:33Z</time>
   </trkpt>
   <trkpt lat="48.1279810" lon="17.1198090">
    <ele>135.9</ele>
    <time>2025-09-30T17:31:34Z</time>
   </trkpt>
   <trkpt lat="48.1279920" lon="17.1197920">
    <ele>135.9</ele>
    <time>2025-09-30T17:31:35Z</time>
   </trkpt>
   <trkpt lat="48.1279970" lon="17.1197740">
    <ele>135.9</ele>
    <time>2025-09-30T17:31:36Z</time>
   </trkpt>
   <trkpt lat="48.1279980" lon="17.1197480">
    <ele>135.9</ele>
    <time>2025-09-30T17:31:37Z</time>
   </trkpt>
   <trkpt lat="48.1279920" lon="17.1197270">
    <ele>135.9</ele>
    <time>2025-09-30T17:31:38Z</time>
   </trkpt>
   <trkpt lat="48.1279790" lon="17.1197050">
    <ele>135.9</ele>
    <time>2025-09-30T17:31:39Z</time>
   </trkpt>
   <trkpt lat="48.1279750" lon="17.1196880">
    <ele>135.9</ele>
    <time>2025-09-30T17:31:40Z</time>
   </trkpt>
   <trkpt lat="48.1279710" lon="17.1196740">
    <ele>135.9</ele>
    <time>2025-09-30T17:31:41Z</time>
   </trkpt>
   <trkpt lat="48.1279700" lon="17.1196680">
    <ele>135.9</ele>
    <time>2025-09-30T17:31:42Z</time>
   </trkpt>
   <trkpt lat="48.1279680" lon="17.1196680">
    <ele>135.9</ele>
    <time>2025-09-30T17:31:43Z</time>
   </trkpt>
   <trkpt lat="48.1279700" lon="17.1196700">
    <ele>135.9</ele>
    <time>2025-09-30T17:31:44Z</time>
   </trkpt>
   <trkpt lat="48.1279720" lon="17.1196710">
    <ele>135.9</ele>
    <time>2025-09-30T17:31:45Z</time>
   </trkpt>
   <trkpt lat="48.1279730" lon="17.1196700">
    <ele>135.9</ele>
    <time>2025-09-30T17:31:46Z</time>
   </trkpt>
   <trkpt lat="48.1279740" lon="17.1196690">
    <ele>135.9</ele>
    <time>2025-09-30T17:31:47Z</time>
   </trkpt>
   <trkpt lat="48.1279740" lon="17.1196690">
    <ele>135.9</ele>
    <time>2025-09-30T17:31:48Z</time>
   </trkpt>
   <trkpt lat="48.1279750" lon="17.1196690">
    <ele>135.9</ele>
    <time>2025-09-30T17:31:49Z</time>
   </trkpt>
   <trkpt lat="48.1279760" lon="17.1196690">
    <ele>135.9</ele>
    <time>2025-09-30T17:31:50Z</time>
   </trkpt>
   <trkpt lat="48.1279770" lon="17.1196680">
    <ele>135.9</ele>
    <time>2025-09-30T17:31:51Z</time>
   </trkpt>
   <trkpt lat="48.1279780" lon="17.1196690">
    <ele>135.9</ele>
    <time>2025-09-30T17:31:52Z</time>
   </trkpt>
   <trkpt lat="48.1279780" lon="17.1196690">
    <ele>135.9</ele>
    <time>2025-09-30T17:31:53Z</time>
   </trkpt>
   <trkpt lat="48.1279790" lon="17.1196680">
    <ele>135.9</ele>
    <time>2025-09-30T17:31:54Z</time>
   </trkpt>
   <trkpt lat="48.1279800" lon="17.1196680">
    <ele>135.9</ele>
    <time>2025-09-30T17:31:55Z</time>
   </trkpt>
   <trkpt lat="48.1279810" lon="17.1196680">
    <ele>135.9</ele>
    <time>2025-09-30T17:31:56Z</time>
   </trkpt>
   <trkpt lat="48.1279800" lon="17.1196680">
    <ele>135.9</ele>
    <time>2025-09-30T17:31:57Z</time>
   </trkpt>
   <trkpt lat="48.1279800" lon="17.1196680">
    <ele>135.9</ele>
    <time>2025-09-30T17:31:58Z</time>
   </trkpt>
   <trkpt lat="48.1279800" lon="17.1196680">
    <ele>135.9</ele>
    <time>2025-09-30T17:31:59Z</time>
   </trkpt>
   <trkpt lat="48.1279810" lon="17.1196700">
    <ele>135.9</ele>
    <time>2025-09-30T17:32:00Z</time>
   </trkpt>
   <trkpt lat="48.1279810" lon="17.1196710">
    <ele>135.9</ele>
    <time>2025-09-30T17:32:01Z</time>
   </trkpt>
   <trkpt lat="48.1279810" lon="17.1196710">
    <ele>135.9</ele>
    <time>2025-09-30T17:32:02Z</time>
   </trkpt>
   <trkpt lat="48.1279810" lon="17.1196710">
    <ele>135.9</ele>
    <time>2025-09-30T17:32:03Z</time>
   </trkpt>
   <trkpt lat="48.1279810" lon="17.1196710">
    <ele>135.9</ele>
    <time>2025-09-30T17:32:04Z</time>
   </trkpt>
   <trkpt lat="48.1279810" lon="17.1196710">
    <ele>135.9</ele>
    <time>2025-09-30T17:32:05Z</time>
   </trkpt>
   <trkpt lat="48.1279810" lon="17.1196710">
    <ele>135.9</ele>
    <time>2025-09-30T17:32:06Z</time>
   </trkpt>
   <trkpt lat="48.1279810" lon="17.1196710">
    <ele>135.9</ele>
    <time>2025-09-30T17:32:07Z</time>
   </trkpt>
   <trkpt lat="48.1279810" lon="17.1196710">
    <ele>135.9</ele>
    <time>2025-09-30T17:32:08Z</time>
   </trkpt>
   <trkpt lat="48.1279810" lon="17.1196710">
    <ele>135.9</ele>
    <time>2025-09-30T17:32:09Z</time>
   </trkpt>
   <trkpt lat="48.1279810" lon="17.1196710">
    <ele>135.9</ele>
    <time>2025-09-30T17:32:10Z</time>
   </trkpt>
   <trkpt lat="48.1279810" lon="17.1196710">
    <ele>135.9</ele>
    <time>2025-09-30T17:32:11Z</time>
   </trkpt>
   <trkpt lat="48.1279810" lon="17.1196710">
    <ele>135.9</ele>
    <time>2025-09-30T17:32:12Z</time>
   </trkpt>
   <trkpt lat="48.1279810" lon="17.1196710">
    <ele>135.9</ele>
    <time>2025-09-30T17:32:13Z</time>
   </trkpt>
   <trkpt lat="48.1279810" lon="17.1196710">
    <ele>135.9</ele>
    <time>2025-09-30T17:32:14Z</time>
   </trkpt>
   <trkpt lat="48.1279810" lon="17.1196710">
    <ele>135.9</ele>
    <time>2025-09-30T17:32:15Z</time>
   </trkpt>
   <trkpt lat="48.1279810" lon="17.1196710">
    <ele>135.9</ele>
    <time>2025-09-30T17:32:16Z</time>
   </trkpt>
   <trkpt lat="48.1279810" lon="17.1196710">
    <ele>135.9</ele>
    <time>2025-09-30T17:32:17Z</time>
   </trkpt>
   <trkpt lat="48.1279810" lon="17.1196710">
    <ele>135.9</ele>
    <time>2025-09-30T17:32:18Z</time>
   </trkpt>
   <trkpt lat="48.1279810" lon="17.1196710">
    <ele>135.9</ele>
    <time>2025-09-30T17:32:19Z</time>
   </trkpt>
   <trkpt lat="48.1279810" lon="17.1196710">
    <ele>135.9</ele>
    <time>2025-09-30T17:32:20Z</time>
   </trkpt>
   <trkpt lat="48.1279810" lon="17.1196710">
    <ele>135.9</ele>
    <time>2025-09-30T17:32:21Z</time>
   </trkpt>
   <trkpt lat="48.1279810" lon="17.1196710">
    <ele>135.9</ele>
    <time>2025-09-30T17:32:22Z</time>
   </trkpt>
   <trkpt lat="48.1279810" lon="17.1196710">
    <ele>135.9</ele>
    <time>2025-09-30T17:32:23Z</time>
   </trkpt>
   <trkpt lat="48.1279810" lon="17.1196710">
    <ele>135.9</ele>
    <time>2025-09-30T17:32:24Z</time>
   </trkpt>
   <trkpt lat="48.1279850" lon="17.1196770">
    <ele>135.9</ele>
    <time>2025-09-30T17:32:25Z</time>
   </trkpt>
   <trkpt lat="48.1279910" lon="17.1196660">
    <ele>135.9</ele>
    <time>2025-09-30T17:32:26Z</time>
   </trkpt>
   <trkpt lat="48.1279980" lon="17.1196510">
    <ele>135.9</ele>
    <time>2025-09-30T17:32:27Z</time>
   </trkpt>
   <trkpt lat="48.1279980" lon="17.1196340">
    <ele>135.9</ele>
    <time>2025-09-30T17:32:28Z</time>
   </trkpt>
   <trkpt lat="48.1279960" lon="17.1196280">
    <ele>135.9</ele>
    <time>2025-09-30T17:32:29Z</time>
   </trkpt>
   <trkpt lat="48.1279910" lon="17.1196220">
    <ele>135.9</ele>
    <time>2025-09-30T17:32:30Z</time>
   </trkpt>
   <trkpt lat="48.1279830" lon="17.1196100">
    <ele>135.9</ele>
    <time>2025-09-30T17:32:31Z</time>
   </trkpt>
   <trkpt lat="48.1279700" lon="17.1195970">
    <ele>135.9</ele>
    <time>2025-09-30T17:32:32Z</time>
   </trkpt>
   <trkpt lat="48.1279560" lon="17.1195850">
    <ele>136.0</ele>
    <time>2025-09-30T17:32:33Z</time>
   </trkpt>
   <trkpt lat="48.1279430" lon="17.1195680">
    <ele>136.0</ele>
    <time>2025-09-30T17:32:34Z</time>
   </trkpt>
   <trkpt lat="48.1279300" lon="17.1195550">
    <ele>136.0</ele>
    <time>2025-09-30T17:32:35Z</time>
   </trkpt>
   <trkpt lat="48.1279150" lon="17.1195490">
    <ele>136.0</ele>
    <time>2025-09-30T17:32:36Z</time>
   </trkpt>
   <trkpt lat="48.1279000" lon="17.1195470">
    <ele>136.0</ele>
    <time>2025-09-30T17:32:37Z</time>
   </trkpt>
   <trkpt lat="48.1278850" lon="17.1195480">
    <ele>136.0</ele>
    <time>2025-09-30T17:32:38Z</time>
   </trkpt>
   <trkpt lat="48.1278730" lon="17.1195490">
    <ele>136.0</ele>
    <time>2025-09-30T17:32:39Z</time>
   </trkpt>
   <trkpt lat="48.1278640" lon="17.1195500">
    <ele>136.0</ele>
    <time>2025-09-30T17:32:40Z</time>
   </trkpt>
   <trkpt lat="48.1278560" lon="17.1195500">
    <ele>136.0</ele>
    <time>2025-09-30T17:32:41Z</time>
   </trkpt>
   <trkpt lat="48.1278460" lon="17.1195520">
    <ele>136.0</ele>
    <time>2025-09-30T17:32:42Z</time>
   </trkpt>
   <trkpt lat="48.1278280" lon="17.1195540">
    <ele>136.1</ele>
    <time>2025-09-30T17:32:43Z</time>
   </trkpt>
   <trkpt lat="48.1278160" lon="17.1195540">
    <ele>136.1</ele>
    <time>2025-09-30T17:32:44Z</time>
   </trkpt>
   <trkpt lat="48.1277990" lon="17.1195560">
    <ele>136.1</ele>
    <time>2025-09-30T17:32:45Z</time>
   </trkpt>
   <trkpt lat="48.1277910" lon="17.1195580">
    <ele>136.1</ele>
    <time>2025-09-30T17:32:46Z</time>
   </trkpt>
   <trkpt lat="48.1277840" lon="17.1195600">
    <ele>136.1</ele>
    <time>2025-09-30T17:32:47Z</time>
   </trkpt>
   <trkpt lat="48.1277760" lon="17.1195620">
    <ele>136.1</ele>
    <time>2025-09-30T17:32:48Z</time>
   </trkpt>
   <trkpt lat="48.1277560" lon="17.1195740">
    <ele>136.2</ele>
    <time>2025-09-30T17:32:49Z</time>
   </trkpt>
   <trkpt lat="48.1277480" lon="17.1195800">
    <ele>136.2</ele>
    <time>2025-09-30T17:32:50Z</time>
   </trkpt>
   <trkpt lat="48.1277390" lon="17.1195860">
    <ele>136.2</ele>
    <time>2025-09-30T17:32:51Z</time>
   </trkpt>
   <trkpt lat="48.1277290" lon="17.1195890">
    <ele>136.2</ele>
    <time>2025-09-30T17:32:52Z</time>
   </trkpt>
   <trkpt lat="48.1277190" lon="17.1196000">
    <ele>136.3</ele>
    <time>2025-09-30T17:32:53Z</time>
   </trkpt>
   <trkpt lat="48.1277110" lon="17.1196080">
    <ele>136.3</ele>
    <time>2025-09-30T17:32:54Z</time>
   </trkpt>
   <trkpt lat="48.1277060" lon="17.1196120">
    <ele>136.3</ele>
    <time>2025-09-30T17:32:55Z</time>
   </trkpt>
   <trkpt lat="48.1277040" lon="17.1196130">
    <ele>136.3</ele>
    <time>2025-09-30T17:32:56Z</time>
   </trkpt>
   <trkpt lat="48.1277060" lon="17.1196140">
    <ele>136.3</ele>
    <time>2025-09-30T17:32:57Z</time>
   </trkpt>
   <trkpt lat="48.1277080" lon="17.1196160">
    <ele>136.3</ele>
    <time>2025-09-30T17:32:58Z</time>
   </trkpt>
   <trkpt lat="48.1277100" lon="17.1196180">
    <ele>136.3</ele>
    <time>2025-09-30T17:32:59Z</time>
   </trkpt>
   <trkpt lat="48.1277110" lon="17.1196180">
    <ele>136.3</ele>
    <time>2025-09-30T17:33:00Z</time>
   </trkpt>
   <trkpt lat="48.1277110" lon="17.1196190">
    <ele>136.3</ele>
    <time>2025-09-30T17:33:01Z</time>
   </trkpt>
   <trkpt lat="48.1277130" lon="17.1196210">
    <ele>136.3</ele>
    <time>2025-09-30T17:33:02Z</time>
   </trkpt>
   <trkpt lat="48.1277110" lon="17.1196200">
    <ele>136.3</ele>
    <time>2025-09-30T17:33:03Z</time>
   </trkpt>
   <trkpt lat="48.1277100" lon="17.1196210">
    <ele>136.3</ele>
    <time>2025-09-30T17:33:04Z</time>
   </trkpt>
   <trkpt lat="48.1277090" lon="17.1196210">
    <ele>136.3</ele>
    <time>2025-09-30T17:33:05Z</time>
   </trkpt>
   <trkpt lat="48.1277100" lon="17.1196230">
    <ele>136.3</ele>
    <time>2025-09-30T17:33:06Z</time>
   </trkpt>
   <trkpt lat="48.1277090" lon="17.1196240">
    <ele>136.3</ele>
    <time>2025-09-30T17:33:07Z</time>
   </trkpt>
   <trkpt lat="48.1277100" lon="17.1196240">
    <ele>136.3</ele>
    <time>2025-09-30T17:33:08Z</time>
   </trkpt>
   <trkpt lat="48.1277090" lon="17.1196250">
    <ele>136.3</ele>
    <time>2025-09-30T17:33:09Z</time>
   </trkpt>
   <trkpt lat="48.1277080" lon="17.1196270">
    <ele>136.3</ele>
    <time>2025-09-30T17:33:10Z</time>
   </trkpt>
   <trkpt lat="48.1277070" lon="17.1196290">
    <ele>136.3</ele>
    <time>2025-09-30T17:33:11Z</time>
   </trkpt>
   <trkpt lat="48.1277060" lon="17.1196290">
    <ele>136.3</ele>
    <time>2025-09-30T17:33:12Z</time>
   </trkpt>
   <trkpt lat="48.1277040" lon="17.1196290">
    <ele>136.3</ele>
    <time>2025-09-30T17:33:13Z</time>
   </trkpt>
   <trkpt lat="48.1276960" lon="17.1196450">
    <ele>136.4</ele>
    <time>2025-09-30T17:33:14Z</time>
   </trkpt>
   <trkpt lat="48.1276950" lon="17.1196460">
    <ele>136.4</ele>
    <time>2025-09-30T17:33:15Z</time>
   </trkpt>
   <trkpt lat="48.1276950" lon="17.1196470">
    <ele>136.4</ele>
    <time>2025-09-30T17:33:16Z</time>
   </trkpt>
   <trkpt lat="48.1276950" lon="17.1196470">
    <ele>136.4</ele>
    <time>2025-09-30T17:33:17Z</time>
   </trkpt>
   <trkpt lat="48.1276910" lon="17.1196450">
    <ele>136.4</ele>
    <time>2025-09-30T17:33:18Z</time>
   </trkpt>
   <trkpt lat="48.1276870" lon="17.1196450">
    <ele>136.4</ele>
    <time>2025-09-30T17:33:19Z</time>
   </trkpt>
   <trkpt lat="48.1276850" lon="17.1196520">
    <ele>136.4</ele>
    <time>2025-09-30T17:33:20Z</time>
   </trkpt>
   <trkpt lat="48.1276860" lon="17.1196580">
    <ele>136.4</ele>
    <time>2025-09-30T17:33:21Z</time>
   </trkpt>
   <trkpt lat="48.1276870" lon="17.1196600">
    <ele>136.4</ele>
    <time>2025-09-30T17:33:22Z</time>
   </trkpt>
   <trkpt lat="48.1276890" lon="17.1196580">
    <ele>136.4</ele>
    <time>2025-09-30T17:33:23Z</time>
   </trkpt>
   <trkpt lat="48.1276890" lon="17.1196570">
    <ele>136.4</ele>
    <time>2025-09-30T17:33:24Z</time>
   </trkpt>
   <trkpt lat="48.1276900" lon="17.1196570">
    <ele>136.4</ele>
    <time>2025-09-30T17:33:25Z</time>
   </trkpt>
   <trkpt lat="48.1276900" lon="17.1196560">
    <ele>136.4</ele>
    <time>2025-09-30T17:33:26Z</time>
   </trkpt>
   <trkpt lat="48.1276900" lon="17.1196560">
    <ele>136.4</ele>
    <time>2025-09-30T17:33:27Z</time>
   </trkpt>
   <trkpt lat="48.1276900" lon="17.1196560">
    <ele>136.4</ele>
    <time>2025-09-30T17:33:28Z</time>
   </trkpt>
   <trkpt lat="48.1276900" lon="17.1196560">
    <ele>136.4</ele>
    <time>2025-09-30T17:33:29Z</time>
   </trkpt>
   <trkpt lat="48.1276900" lon="17.1196560">
    <ele>136.4</ele>
    <time>2025-09-30T17:33:30Z</time>
   </trkpt>
   <trkpt lat="48.1276900" lon="17.1196560">
    <ele>136.4</ele>
    <time>2025-09-30T17:33:31Z</time>
   </trkpt>
   <trkpt lat="48.1276900" lon="17.1196560">
    <ele>136.4</ele>
    <time>2025-09-30T17:33:32Z</time>
   </trkpt>
   <trkpt lat="48.1276900" lon="17.1196560">
    <ele>136.4</ele>
    <time>2025-09-30T17:33:33Z</time>
   </trkpt>
   <trkpt lat="48.1276900" lon="17.1196560">
    <ele>136.4</ele>
    <time>2025-09-30T17:33:34Z</time>
   </trkpt>
   <trkpt lat="48.1276900" lon="17.1196560">
    <ele>136.4</ele>
    <time>2025-09-30T17:33:35Z</time>
   </trkpt>
   <trkpt lat="48.1276900" lon="17.1196560">
    <ele>136.4</ele>
    <time>2025-09-30T17:33:36Z</time>
   </trkpt>
   <trkpt lat="48.1276900" lon="17.1196560">
    <ele>136.4</ele>
    <time>2025-09-30T17:33:37Z</time>
   </trkpt>
   <trkpt lat="48.1276900" lon="17.1196560">
    <ele>136.4</ele>
    <time>2025-09-30T17:33:38Z</time>
   </trkpt>
   <trkpt lat="48.1276900" lon="17.1196560">
    <ele>136.4</ele>
    <time>2025-09-30T17:33:39Z</time>
   </trkpt>
   <trkpt lat="48.1276900" lon="17.1196560">
    <ele>136.4</ele>
    <time>2025-09-30T17:33:40Z</time>
   </trkpt>
   <trkpt lat="48.1276900" lon="17.1196560">
    <ele>136.4</ele>
    <time>2025-09-30T17:33:41Z</time>
   </trkpt>
   <trkpt lat="48.1276900" lon="17.1196560">
    <ele>136.4</ele>
    <time>2025-09-30T17:33:42Z</time>
   </trkpt>
   <trkpt lat="48.1276900" lon="17.1196560">
    <ele>136.4</ele>
    <time>2025-09-30T17:33:43Z</time>
   </trkpt>
   <trkpt lat="48.1276900" lon="17.1196560">
    <ele>136.4</ele>
    <time>2025-09-30T17:33:44Z</time>
   </trkpt>
   <trkpt lat="48.1276900" lon="17.1196560">
    <ele>136.4</ele>
    <time>2025-09-30T17:33:45Z</time>
   </trkpt>
   <trkpt lat="48.1276900" lon="17.1196560">
    <ele>136.4</ele>
    <time>2025-09-30T17:33:46Z</time>
   </trkpt>
   <trkpt lat="48.1276900" lon="17.1196560">
    <ele>136.4</ele>
    <time>2025-09-30T17:33:47Z</time>
   </trkpt>
   <trkpt lat="48.1276900" lon="17.1196560">
    <ele>136.4</ele>
    <time>2025-09-30T17:33:48Z</time>
   </trkpt>
   <trkpt lat="48.1276900" lon="17.1196560">
    <ele>136.4</ele>
    <time>2025-09-30T17:33:49Z</time>
   </trkpt>
   <trkpt lat="48.1276900" lon="17.1196560">
    <ele>136.4</ele>
    <time>2025-09-30T17:33:50Z</time>
   </trkpt>
   <trkpt lat="48.1276860" lon="17.1196530">
    <ele>136.4</ele>
    <time>2025-09-30T17:33:51Z</time>
   </trkpt>
   <trkpt lat="48.1276820" lon="17.1196480">
    <ele>136.4</ele>
    <time>2025-09-30T17:33:52Z</time>
   </trkpt>
   <trkpt lat="48.1276790" lon="17.1196420">
    <ele>136.4</ele>
    <time>2025-09-30T17:33:53Z</time>
   </trkpt>
   <trkpt lat="48.1276810" lon="17.1196400">
    <ele>136.4</ele>
    <time>2025-09-30T17:33:54Z</time>
   </trkpt>
   <trkpt lat="48.1276820" lon="17.1196390">
    <ele>136.4</ele>
    <time>2025-09-30T17:33:55Z</time>
   </trkpt>
   <trkpt lat="48.1276830" lon="17.1196400">
    <ele>136.4</ele>
    <time>2025-09-30T17:33:56Z</time>
   </trkpt>
   <trkpt lat="48.1276830" lon="17.1196390">
    <ele>136.4</ele>
    <time>2025-09-30T17:33:57Z</time>
   </trkpt>
   <trkpt lat="48.1276840" lon="17.1196380">
    <ele>136.4</ele>
    <time>2025-09-30T17:33:58Z</time>
   </trkpt>
   <trkpt lat="48.1276840" lon="17.1196370">
    <ele>136.4</ele>
    <time>2025-09-30T17:33:59Z</time>
   </trkpt>
   <trkpt lat="48.1276840" lon="17.1196360">
    <ele>136.4</ele>
    <time>2025-09-30T17:34:00Z</time>
   </trkpt>
   <trkpt lat="48.1276840" lon="17.1196350">
    <ele>136.4</ele>
    <time>2025-09-30T17:34:01Z</time>
   </trkpt>
   <trkpt lat="48.1276840" lon="17.1196360">
    <ele>136.4</ele>
    <time>2025-09-30T17:34:02Z</time>
   </trkpt>
   <trkpt lat="48.1276830" lon="17.1196360">
    <ele>136.4</ele>
    <time>2025-09-30T17:34:03Z</time>
   </trkpt>
   <trkpt lat="48.1276830" lon="17.1196360">
    <ele>136.4</ele>
    <time>2025-09-30T17:34:04Z</time>
   </trkpt>
   <trkpt lat="48.1276830" lon="17.1196350">
    <ele>136.5</ele>
    <time>2025-09-30T17:34:05Z</time>
   </trkpt>
   <trkpt lat="48.1276830" lon="17.1196360">
    <ele>136.5</ele>
    <time>2025-09-30T17:34:06Z</time>
   </trkpt>
   <trkpt lat="48.1276830" lon="17.1196370">
    <ele>136.5</ele>
    <time>2025-09-30T17:34:07Z</time>
   </trkpt>
   <trkpt lat="48.1276830" lon="17.1196360">
    <ele>136.5</ele>
    <time>2025-09-30T17:34:08Z</time>
   </trkpt>
   <trkpt lat="48.1276830" lon="17.1196390">
    <ele>136.5</ele>
    <time>2025-09-30T17:34:09Z</time>
   </trkpt>
   <trkpt lat="48.1276840" lon="17.1196380">
    <ele>136.5</ele>
    <time>2025-09-30T17:34:10Z</time>
   </trkpt>
   <trkpt lat="48.1276840" lon="17.1196390">
    <ele>136.5</ele>
    <time>2025-09-30T17:34:11Z</time>
   </trkpt>
   <trkpt lat="48.1276800" lon="17.1196380">
    <ele>136.5</ele>
    <time>2025-09-30T17:34:12Z</time>
   </trkpt>
   <trkpt lat="48.1276790" lon="17.1196370">
    <ele>136.5</ele>
    <time>2025-09-30T17:34:13Z</time>
   </trkpt>
   <trkpt lat="48.1276790" lon="17.1196370">
    <ele>136.5</ele>
    <time>2025-09-30T17:34:14Z</time>
   </trkpt>
   <trkpt lat="48.1276790" lon="17.1196370">
    <ele>136.5</ele>
    <time>2025-09-30T17:34:15Z</time>
   </trkpt>
   <trkpt lat="48.1276790" lon="17.1196370">
    <ele>136.5</ele>
    <time>2025-09-30T17:34:16Z</time>
   </trkpt>
   <trkpt lat="48.1276790" lon="17.1196370">
    <ele>136.5</ele>
    <time>2025-09-30T17:34:17Z</time>
   </trkpt>
   <trkpt lat="48.1276790" lon="17.1196380">
    <ele>136.5</ele>
    <time>2025-09-30T17:34:18Z</time>
   </trkpt>
   <trkpt lat="48.1276790" lon="17.1196380">
    <ele>136.5</ele>
    <time>2025-09-30T17:34:19Z</time>
   </trkpt>
   <trkpt lat="48.1276790" lon="17.1196380">
    <ele>136.5</ele>
    <time>2025-09-30T17:34:20Z</time>
   </trkpt>
   <trkpt lat="48.1276790" lon="17.1196380">
    <ele>136.5</ele>
    <time>2025-09-30T17:34:21Z</time>
   </trkpt>
   <trkpt lat="48.1276790" lon="17.1196380">
    <ele>136.5</ele>
    <time>2025-09-30T17:34:22Z</time>
   </trkpt>
   <trkpt lat="48.1276790" lon="17.1196380">
    <ele>136.5</ele>
    <time>2025-09-30T17:34:23Z</time>
   </trkpt>
   <trkpt lat="48.1276790" lon="17.1196380">
    <ele>136.5</ele>
    <time>2025-09-30T17:34:24Z</time>
   </trkpt>
   <trkpt lat="48.1276790" lon="17.1196380">
    <ele>136.5</ele>
    <time>2025-09-30T17:34:25Z</time>
   </trkpt>
   <trkpt lat="48.1276790" lon="17.1196380">
    <ele>136.5</ele>
    <time>2025-09-30T17:34:26Z</time>
   </trkpt>
   <trkpt lat="48.1276790" lon="17.1196380">
    <ele>136.5</ele>
    <time>2025-09-30T17:34:27Z</time>
   </trkpt>
   <trkpt lat="48.1276790" lon="17.1196380">
    <ele>136.5</ele>
    <time>2025-09-30T17:34:28Z</time>
   </trkpt>
   <trkpt lat="48.1276790" lon="17.1196380">
    <ele>136.5</ele>
    <time>2025-09-30T17:34:29Z</time>
   </trkpt>
   <trkpt lat="48.1276790" lon="17.1196380">
    <ele>136.5</ele>
    <time>2025-09-30T17:34:30Z</time>
   </trkpt>
   <trkpt lat="48.1276780" lon="17.1196330">
    <ele>136.5</ele>
    <time>2025-09-30T17:34:31Z</time>
   </trkpt>
   <trkpt lat="48.1276710" lon="17.1196220">
    <ele>136.5</ele>
    <time>2025-09-30T17:34:32Z</time>
   </trkpt>
   <trkpt lat="48.1276670" lon="17.1196140">
    <ele>136.5</ele>
    <time>2025-09-30T17:34:33Z</time>
   </trkpt>
   <trkpt lat="48.1276580" lon="17.1196060">
    <ele>136.5</ele>
    <time>2025-09-30T17:34:34Z</time>
   </trkpt>
   <trkpt lat="48.1276490" lon="17.1195980">
    <ele>136.5</ele>
    <time>2025-09-30T17:34:35Z</time>
   </trkpt>
   <trkpt lat="48.1276400" lon="17.1195900">
    <ele>136.5</ele>
    <time>2025-09-30T17:34:36Z</time>
   </trkpt>
   <trkpt lat="48.1276120" lon="17.1195800">
    <ele>136.5</ele>
    <time>2025-09-30T17:34:37Z</time>
   </trkpt>
   <trkpt lat="48.1275900" lon="17.1195380">
    <ele>136.5</ele>
    <time>2025-09-30T17:34:38Z</time>
   </trkpt>
   <trkpt lat="48.1275700" lon="17.1194830">
    <ele>136.5</ele>
    <time>2025-09-30T17:34:39Z</time>
   </trkpt>
   <trkpt lat="48.1275550" lon="17.1194440">
    <ele>136.5</ele>
    <time>2025-09-30T17:34:40Z</time>
   </trkpt>
   <trkpt lat="48.1275410" lon="17.1193890">
    <ele>136.5</ele>
    <time>2025-09-30T17:34:41Z</time>
   </trkpt>
   <trkpt lat="48.1275370" lon="17.1193710">
    <ele>136.5</ele>
    <time>2025-09-30T17:34:42Z</time>
   </trkpt>
   <trkpt lat="48.1275230" lon="17.1193270">
    <ele>136.5</ele>
    <time>2025-09-30T17:34:43Z</time>
   </trkpt>
   <trkpt lat="48.1275160" lon="17.1193200">
    <ele>136.5</ele>
    <time>2025-09-30T17:34:44Z</time>
   </trkpt>
   <trkpt lat="48.1275110" lon="17.1193080">
    <ele>136.5</ele>
    <time>2025-09-30T17:34:45Z</time>
   </trkpt>
   <trkpt lat="48.1275070" lon="17.1193220">
    <ele>136.5</ele>
    <time>2025-09-30T17:34:46Z</time>
   </trkpt>
   <trkpt lat="48.1275030" lon="17.1193440">
    <ele>136.5</ele>
    <time>2025-09-30T17:34:47Z</time>
   </trkpt>
   <trkpt lat="48.1274960" lon="17.1193600">
    <ele>136.5</ele>
    <time>2025-09-30T17:34:48Z</time>
   </trkpt>
   <trkpt lat="48.1274910" lon="17.1193800">
    <ele>136.5</ele>
    <time>2025-09-30T17:34:49Z</time>
   </trkpt>
   <trkpt lat="48.1274840" lon="17.1193980">
    <ele>136.5</ele>
    <time>2025-09-30T17:34:50Z</time>
   </trkpt>
   <trkpt lat="48.1274700" lon="17.1194250">
    <ele>136.5</ele>
    <time>2025-09-30T17:34:51Z</time>
   </trkpt>
   <trkpt lat="48.1274640" lon="17.1194320">
    <ele>136.5</ele>
    <time>2025-09-30T17:34:52Z</time>
   </trkpt>
   <trkpt lat="48.1274570" lon="17.1194400">
    <ele>136.5</ele>
    <time>2025-09-30T17:34:53Z</time>
   </trkpt>
   <trkpt lat="48.1274450" lon="17.1194490">
    <ele>136.5</ele>
    <time>2025-09-30T17:34:54Z</time>
   </trkpt>
   <trkpt lat="48.1274320" lon="17.1194480">
    <ele>136.5</ele>
    <time>2025-09-30T17:34:55Z</time>
   </trkpt>
   <trkpt lat="48.1274240" lon="17.1194550">
    <ele>136.5</ele>
    <time>2025-09-30T17:34:56Z</time>
   </trkpt>
   <trkpt lat="48.1274280" lon="17.1194630">
    <ele>136.5</ele>
    <time>2025-09-30T17:34:57Z</time>
   </trkpt>
   <trkpt lat="48.1274480" lon="17.1194610">
    <ele>136.5</ele>
    <time>2025-09-30T17:34:58Z</time>
   </trkpt>
   <trkpt lat="48.1274560" lon="17.1194570">
    <ele>136.5</ele>
    <time>2025-09-30T17:34:59Z</time>
   </trkpt>
   <trkpt lat="48.1274580" lon="17.1194470">
    <ele>136.5</ele>
    <time>2025-09-30T17:35:00Z</time>
   </trkpt>
   <trkpt lat="48.1274570" lon="17.1194390">
    <ele>136.5</ele>
    <time>2025-09-30T17:35:03Z</time>
   </trkpt>
   <trkpt lat="48.1274550" lon="17.1194310">
    <ele>136.5</ele>
    <time>2025-09-30T17:35:04Z</time>
   </trkpt>
   <trkpt lat="48.1274530" lon="17.1194240">
    <ele>136.5</ele>
    <time>2025-09-30T17:35:05Z</time>
   </trkpt>
   <trkpt lat="48.1274510" lon="17.1194160">
    <ele>136.5</ele>
    <time>2025-09-30T17:35:06Z</time>
   </trkpt>
   <trkpt lat="48.1274500" lon="17.1194080">
    <ele>136.5</ele>
    <time>2025-09-30T17:35:07Z</time>
   </trkpt>
   <trkpt lat="48.1274480" lon="17.1194000">
    <ele>136.6</ele>
    <time>2025-09-30T17:35:08Z</time>
   </trkpt>
   <trkpt lat="48.1274410" lon="17.1193790">
    <ele>136.6</ele>
    <time>2025-09-30T17:35:09Z</time>
   </trkpt>
   <trkpt lat="48.1274340" lon="17.1193640">
    <ele>136.6</ele>
    <time>2025-09-30T17:35:10Z</time>
   </trkpt>
   <trkpt lat="48.1274280" lon="17.1193520">
    <ele>136.6</ele>
    <time>2025-09-30T17:35:11Z</time>
   </trkpt>
   <trkpt lat="48.1274200" lon="17.1193430">
    <ele>136.6</ele>
    <time>2025-09-30T17:35:12Z</time>
   </trkpt>
   <trkpt lat="48.1274090" lon="17.1193370">
    <ele>136.6</ele>
    <time>2025-09-30T17:35:13Z</time>
   </trkpt>
   <trkpt lat="48.1273860" lon="17.1193580">
    <ele>136.6</ele>
    <time>2025-09-30T17:35:14Z</time>
   </trkpt>
   <trkpt lat="48.1273780" lon="17.1193750">
    <ele>136.6</ele>
    <time>2025-09-30T17:35:15Z</time>
   </trkpt>
   <trkpt lat="48.1273670" lon="17.1194040">
    <ele>136.6</ele>
    <time>2025-09-30T17:35:16Z</time>
   </trkpt>
   <trkpt lat="48.1273580" lon="17.1194040">
    <ele>136.6</ele>
    <time>2025-09-30T17:35:17Z</time>
   </trkpt>
   <trkpt lat="48.1273530" lon="17.1193940">
    <ele>136.6</ele>
    <time>2025-09-30T17:35:18Z</time>
   </trkpt>
   <trkpt lat="48.1273510" lon="17.1193870">
    <ele>136.6</ele>
    <time>2025-09-30T17:35:19Z</time>
   </trkpt>
   <trkpt lat="48.1273520" lon="17.1193860">
    <ele>136.6</ele>
    <time>2025-09-30T17:35:20Z</time>
   </trkpt>
   <trkpt lat="48.1273560" lon="17.1193880">
    <ele>136.6</ele>
    <time>2025-09-30T17:35:21Z</time>
   </trkpt>
   <trkpt lat="48.1273610" lon="17.1193910">
    <ele>136.6</ele>
    <time>2025-09-30T17:35:22Z</time>
   </trkpt>
   <trkpt lat="48.1273660" lon="17.1193920">
    <ele>136.6</ele>
    <time>2025-09-30T17:35:23Z</time>
   </trkpt>
   <trkpt lat="48.1273710" lon="17.1193890">
    <ele>136.6</ele>
    <time>2025-09-30T17:35:24Z</time>
   </trkpt>
   <trkpt lat="48.1273780" lon="17.1193840">
    <ele>136.6</ele>
    <time>2025-09-30T17:35:25Z</time>
   </trkpt>
   <trkpt lat="48.1273810" lon="17.1193910">
    <ele>136.6</ele>
    <time>2025-09-30T17:35:26Z</time>
   </trkpt>
   <trkpt lat="48.1273840" lon="17.1193920">
    <ele>136.6</ele>
    <time>2025-09-30T17:35:27Z</time>
   </trkpt>
   <trkpt lat="48.1273860" lon="17.1193870">
    <ele>136.6</ele>
    <time>2025-09-30T17:35:28Z</time>
   </trkpt>
   <trkpt lat="48.1273890" lon="17.1193840">
    <ele>136.6</ele>
    <time>2025-09-30T17:35:29Z</time>
   </trkpt>
   <trkpt lat="48.1273910" lon="17.1193820">
    <ele>136.6</ele>
    <time>2025-09-30T17:35:30Z</time>
   </trkpt>
   <trkpt lat="48.1273940" lon="17.1193820">
    <ele>136.6</ele>
    <time>2025-09-30T17:35:31Z</time>
   </trkpt>
   <trkpt lat="48.1273950" lon="17.1193810">
    <ele>136.6</ele>
    <time>2025-09-30T17:35:32Z</time>
   </trkpt>
   <trkpt lat="48.1273970" lon="17.1193810">
    <ele>136.6</ele>
    <time>2025-09-30T17:35:33Z</time>
   </trkpt>
   <trkpt lat="48.1273990" lon="17.1193810">
    <ele>136.6</ele>
    <time>2025-09-30T17:35:34Z</time>
   </trkpt>
   <trkpt lat="48.1274000" lon="17.1193830">
    <ele>136.6</ele>
    <time>2025-09-30T17:35:35Z</time>
   </trkpt>
   <trkpt lat="48.1274170" lon="17.1193670">
    <ele>136.6</ele>
    <time>2025-09-30T17:35:36Z</time>
   </trkpt>
   <trkpt lat="48.1274180" lon="17.1193660">
    <ele>136.6</ele>
    <time>2025-09-30T17:35:37Z</time>
   </trkpt>
   <trkpt lat="48.1274180" lon="17.1193660">
    <ele>136.6</ele>
    <time>2025-09-30T17:35:38Z</time>
   </trkpt>
   <trkpt lat="48.1274180" lon="17.1193650">
    <ele>136.6</ele>
    <time>2025-09-30T17:35:39Z</time>
   </trkpt>
   <trkpt lat="48.1274180" lon="17.1193650">
    <ele>136.6</ele>
    <time>2025-09-30T17:35:40Z</time>
   </trkpt>
   <trkpt lat="48.1274180" lon="17.1193650">
    <ele>136.6</ele>
    <time>2025-09-30T17:35:41Z</time>
   </trkpt>
   <trkpt lat="48.1274180" lon="17.1193650">
    <ele>136.6</ele>
    <time>2025-09-30T17:35:42Z</time>
   </trkpt>
   <trkpt lat="48.1274180" lon="17.1193650">
    <ele>136.6</ele>
    <time>2025-09-30T17:35:43Z</time>
   </trkpt>
   <trkpt lat="48.1274180" lon="17.1193650">
    <ele>136.6</ele>
    <time>2025-09-30T17:35:44Z</time>
   </trkpt>
   <trkpt lat="48.1274180" lon="17.1193660">
    <ele>136.6</ele>
    <time>2025-09-30T17:35:45Z</time>
   </trkpt>
   <trkpt lat="48.1274180" lon="17.1193660">
    <ele>136.6</ele>
    <time>2025-09-30T17:35:46Z</time>
   </trkpt>
   <trkpt lat="48.1274180" lon="17.1193660">
    <ele>136.6</ele>
    <time>2025-09-30T17:35:47Z</time>
   </trkpt>
   <trkpt lat="48.1274180" lon="17.1193660">
    <ele>136.6</ele>
    <time>2025-09-30T17:35:48Z</time>
   </trkpt>
   <trkpt lat="48.1274180" lon="17.1193660">
    <ele>136.6</ele>
    <time>2025-09-30T17:35:49Z</time>
   </trkpt>
   <trkpt lat="48.1274180" lon="17.1193660">
    <ele>136.6</ele>
    <time>2025-09-30T17:35:50Z</time>
   </trkpt>
   <trkpt lat="48.1274180" lon="17.1193660">
    <ele>136.6</ele>
    <time>2025-09-30T17:35:51Z</time>
   </trkpt>
   <trkpt lat="48.1274180" lon="17.1193660">
    <ele>136.6</ele>
    <time>2025-09-30T17:35:52Z</time>
   </trkpt>
   <trkpt lat="48.1274180" lon="17.1193660">
    <ele>136.6</ele>
    <time>2025-09-30T17:35:53Z</time>
   </trkpt>
   <trkpt lat="48.1274180" lon="17.1193660">
    <ele>136.6</ele>
    <time>2025-09-30T17:35:54Z</time>
   </trkpt>
   <trkpt lat="48.1274180" lon="17.1193660">
    <ele>136.6</ele>
    <time>2025-09-30T17:35:55Z</time>
   </trkpt>
   <trkpt lat="48.1274180" lon="17.1193660">
    <ele>136.6</ele>
    <time>2025-09-30T17:35:56Z</time>
   </trkpt>
   <trkpt lat="48.1274180" lon="17.1193660">
    <ele>136.6</ele>
    <time>2025-09-30T17:35:57Z</time>
   </trkpt>
   <trkpt lat="48.1274180" lon="17.1193660">
    <ele>136.6</ele>
    <time>2025-09-30T17:35:58Z</time>
   </trkpt>
   <trkpt lat="48.1274180" lon="17.1193660">
    <ele>136.6</ele>
    <time>2025-09-30T17:35:59Z</time>
   </trkpt>
   <trkpt lat="48.1274180" lon="17.1193660">
    <ele>136.6</ele>
    <time>2025-09-30T17:36:00Z</time>
   </trkpt>
   <trkpt lat="48.1274180" lon="17.1193660">
    <ele>136.6</ele>
    <time>2025-09-30T17:36:01Z</time>
   </trkpt>
   <trkpt lat="48.1274180" lon="17.1193660">
    <ele>136.6</ele>
    <time>2025-09-30T17:36:02Z</time>
   </trkpt>
   <trkpt lat="48.1274180" lon="17.1193660">
    <ele>136.6</ele>
    <time>2025-09-30T17:36:03Z</time>
   </trkpt>
   <trkpt lat="48.1274180" lon="17.1193660">
    <ele>136.6</ele>
    <time>2025-09-30T17:36:04Z</time>
   </trkpt>
   <trkpt lat="48.1274180" lon="17.1193660">
    <ele>136.6</ele>
    <time>2025-09-30T17:36:05Z</time>
   </trkpt>
   <trkpt lat="48.1274180" lon="17.1193660">
    <ele>136.6</ele>
    <time>2025-09-30T17:36:06Z</time>
   </trkpt>
   <trkpt lat="48.1274180" lon="17.1193530">
    <ele>136.6</ele>
    <time>2025-09-30T17:36:07Z</time>
   </trkpt>
   <trkpt lat="48.1274080" lon="17.1193450">
    <ele>136.6</ele>
    <time>2025-09-30T17:36:08Z</time>
   </trkpt>
   <trkpt lat="48.1274060" lon="17.1193410">
    <ele>136.6</ele>
    <time>2025-09-30T17:36:09Z</time>
   </trkpt>
   <trkpt lat="48.1274060" lon="17.1193370">
    <ele>136.6</ele>
    <time>2025-09-30T17:36:10Z</time>
   </trkpt>
   <trkpt lat="48.1274060" lon="17.1193330">
    <ele>136.6</ele>
    <time>2025-09-30T17:36:11Z</time>
   </trkpt>
   <trkpt lat="48.1274070" lon="17.1193340">
    <ele>136.6</ele>
    <time>2025-09-30T17:36:12Z</time>
   </trkpt>
   <trkpt lat="48.1274010" lon="17.1193250">
    <ele>136.6</ele>
    <time>2025-09-30T17:36:13Z</time>
   </trkpt>
   <trkpt lat="48.1273930" lon="17.1193090">
    <ele>136.6</ele>
    <time>2025-09-30T17:36:14Z</time>
   </trkpt>
   <trkpt lat="48.1273900" lon="17.1193040">
    <ele>136.6</ele>
    <time>2025-09-30T17:36:15Z</time>
   </trkpt>
   <trkpt lat="48.1273760" lon="17.1192890">
    <ele>136.6</ele>
    <time>2025-09-30T17:36:16Z</time>
   </trkpt>
   <trkpt lat="48.1273670" lon="17.1192750">
    <ele>136.7</ele>
    <time>2025-09-30T17:36:17Z</time>
   </trkpt>
   <trkpt lat="48.1273590" lon="17.1192680">
    <ele>136.7</ele>
    <time>2025-09-30T17:36:18Z</time>
   </trkpt>
   <trkpt lat="48.1273520" lon="17.1192780">
    <ele>136.7</ele>
    <time>2025-09-30T17:36:19Z</time>
   </trkpt>
   <trkpt lat="48.1273470" lon="17.1192620">
    <ele>136.7</ele>
    <time>2025-09-30T17:36:20Z</time>
   </trkpt>
   <trkpt lat="48.1273340" lon="17.1192140">
    <ele>136.7</ele>
    <time>2025-09-30T17:36:21Z</time>
   </trkpt>
   <trkpt lat="48.1273280" lon="17.1191990">
    <ele>136.7</ele>
    <time>2025-09-30T17:36:22Z</time>
   </trkpt>
   <trkpt lat="48.1273070" lon="17.1191600">
    <ele>136.6</ele>
    <time>2025-09-30T17:36:23Z</time>
   </trkpt>
   <trkpt lat="48.1273020" lon="17.1191490">
    <ele>136.6</ele>
    <time>2025-09-30T17:36:24Z</time>
   </trkpt>
   <trkpt lat="48.1273070" lon="17.1191340">
    <ele>136.6</ele>
    <time>2025-09-30T17:36:25Z</time>
   </trkpt>
   <trkpt lat="48.1273040" lon="17.1191300">
    <ele>136.6</ele>
    <time>2025-09-30T17:36:26Z</time>
   </trkpt>
   <trkpt lat="48.1272990" lon="17.1191200">
    <ele>136.6</ele>
    <time>2025-09-30T17:36:27Z</time>
   </trkpt>
   <trkpt lat="48.1272970" lon="17.1191100">
    <ele>136.6</ele>
    <time>2025-09-30T17:36:28Z</time>
   </trkpt>
   <trkpt lat="48.1272940" lon="17.1191040">
    <ele>136.7</ele>
    <time>2025-09-30T17:36:29Z</time>
   </trkpt>
   <trkpt lat="48.1272880" lon="17.1190980">
    <ele>136.7</ele>
    <time>2025-09-30T17:36:30Z</time>
   </trkpt>
   <trkpt lat="48.1272880" lon="17.1190950">
    <ele>136.7</ele>
    <time>2025-09-30T17:36:31Z</time>
   </trkpt>
   <trkpt lat="48.1272880" lon="17.1190900">
    <ele>136.7</ele>
    <time>2025-09-30T17:36:32Z</time>
   </trkpt>
   <trkpt lat="48.1272800" lon="17.1190830">
    <ele>136.7</ele>
    <time>2025-09-30T17:36:33Z</time>
   </trkpt>
   <trkpt lat="48.1272710" lon="17.1190730">
    <ele>136.7</ele>
    <time>2025-09-30T17:36:34Z</time>
   </trkpt>
   <trkpt lat="48.1272580" lon="17.1190670">
    <ele>136.7</ele>
    <time>2025-09-30T17:36:35Z</time>
   </trkpt>
   <trkpt lat="48.1272400" lon="17.1190750">
    <ele>136.7</ele>
    <time>2025-09-30T17:36:36Z</time>
   </trkpt>
   <trkpt lat="48.1272240" lon="17.1190870">
    <ele>136.7</ele>
    <time>2025-09-30T17:36:37Z</time>
   </trkpt>
   <trkpt lat="48.1272120" lon="17.1191010">
    <ele>136.7</ele>
    <time>2025-09-30T17:36:38Z</time>
   </trkpt>
   <trkpt lat="48.1272020" lon="17.1191190">
    <ele>136.7</ele>
    <time>2025-09-30T17:36:39Z</time>
   </trkpt>
   <trkpt lat="48.1271930" lon="17.1191310">
    <ele>136.7</ele>
    <time>2025-09-30T17:36:40Z</time>
   </trkpt>
   <trkpt lat="48.1271880" lon="17.1191710">
    <ele>136.7</ele>
    <time>2025-09-30T17:36:41Z</time>
   </trkpt>
   <trkpt lat="48.1271840" lon="17.1191990">
    <ele>136.7</ele>
    <time>2025-09-30T17:36:42Z</time>
   </trkpt>
   <trkpt lat="48.1271760" lon="17.1192090">
    <ele>136.7</ele>
    <time>2025-09-30T17:36:43Z</time>
   </trkpt>
   <trkpt lat="48.1271670" lon="17.1192180">
    <ele>136.7</ele>
    <time>2025-09-30T17:36:44Z</time>
   </trkpt>
   <trkpt lat="48.1271580" lon="17.1192210">
    <ele>136.7</ele>
    <time>2025-09-30T17:36:45Z</time>
   </trkpt>
   <trkpt lat="48.1271520" lon="17.1192230">
    <ele>136.7</ele>
    <time>2025-09-30T17:36:46Z</time>
   </trkpt>
   <trkpt lat="48.1271500" lon="17.1192240">
    <ele>136.7</ele>
    <time>2025-09-30T17:36:47Z</time>
   </trkpt>
   <trkpt lat="48.1271490" lon="17.1192240">
    <ele>136.7</ele>
    <time>2025-09-30T17:36:48Z</time>
   </trkpt>
   <trkpt lat="48.1271500" lon="17.1192230">
    <ele>136.7</ele>
    <time>2025-09-30T17:36:49Z</time>
   </trkpt>
   <trkpt lat="48.1271510" lon="17.1192200">
    <ele>136.7</ele>
    <time>2025-09-30T17:36:50Z</time>
   </trkpt>
   <trkpt lat="48.1271510" lon="17.1192190">
    <ele>136.7</ele>
    <time>2025-09-30T17:36:51Z</time>
   </trkpt>
   <trkpt lat="48.1271520" lon="17.1192180">
    <ele>136.7</ele>
    <time>2025-09-30T17:36:52Z</time>
   </trkpt>
   <trkpt lat="48.1271520" lon="17.1192130">
    <ele>136.7</ele>
    <time>2025-09-30T17:36:53Z</time>
   </trkpt>
   <trkpt lat="48.1271530" lon="17.1192120">
    <ele>136.7</ele>
    <time>2025-09-30T17:36:54Z</time>
   </trkpt>
   <trkpt lat="48.1271530" lon="17.1192100">
    <ele>136.7</ele>
    <time>2025-09-30T17:36:55Z</time>
   </trkpt>
   <trkpt lat="48.1271540" lon="17.1192090">
    <ele>136.7</ele>
    <time>2025-09-30T17:36:56Z</time>
   </trkpt>
   <trkpt lat="48.1271530" lon="17.1192080">
    <ele>136.7</ele>
    <time>2025-09-30T17:36:57Z</time>
   </trkpt>
   <trkpt lat="48.1271520" lon="17.1192070">
    <ele>136.7</ele>
    <time>2025-09-30T17:36:58Z</time>
   </trkpt>
   <trkpt lat="48.1271510" lon="17.1192060">
    <ele>136.7</ele>
    <time>2025-09-30T17:36:59Z</time>
   </trkpt>
   <trkpt lat="48.1271510" lon="17.1192050">
    <ele>136.7</ele>
    <time>2025-09-30T17:37:00Z</time>
   </trkpt>
   <trkpt lat="48.1271510" lon="17.1192030">
    <ele>136.7</ele>
    <time>2025-09-30T17:37:01Z</time>
   </trkpt>
   <trkpt lat="48.1271510" lon="17.1192020">
    <ele>136.7</ele>
    <time>2025-09-30T17:37:02Z</time>
   </trkpt>
   <trkpt lat="48.1271520" lon="17.1192000">
    <ele>136.7</ele>
    <time>2025-09-30T17:37:03Z</time>
   </trkpt>
   <trkpt lat="48.1271520" lon="17.1191980">
    <ele>136.7</ele>
    <time>2025-09-30T17:37:04Z</time>
   </trkpt>
   <trkpt lat="48.1271530" lon="17.1191950">
    <ele>136.7</ele>
    <time>2025-09-30T17:37:05Z</time>
   </trkpt>
   <trkpt lat="48.1271530" lon="17.1191940">
    <ele>136.7</ele>
    <time>2025-09-30T17:37:06Z</time>
   </trkpt>
   <trkpt lat="48.1271530" lon="17.1191940">
    <ele>136.7</ele>
    <time>2025-09-30T17:37:07Z</time>
   </trkpt>
   <trkpt lat="48.1271530" lon="17.1191860">
    <ele>136.7</ele>
    <time>2025-09-30T17:37:08Z</time>
   </trkpt>
   <trkpt lat="48.1271530" lon="17.1191850">
    <ele>136.7</ele>
    <time>2025-09-30T17:37:09Z</time>
   </trkpt>
   <trkpt lat="48.1271530" lon="17.1191850">
    <ele>136.7</ele>
    <time>2025-09-30T17:37:10Z</time>
   </trkpt>
   <trkpt lat="48.1271530" lon="17.1191850">
    <ele>136.7</ele>
    <time>2025-09-30T17:37:11Z</time>
   </trkpt>
   <trkpt lat="48.1271530" lon="17.1191850">
    <ele>136.7</ele>
    <time>2025-09-30T17:37:12Z</time>
   </trkpt>
   <trkpt lat="48.1271530" lon="17.1191850">
    <ele>136.7</ele>
    <time>2025-09-30T17:37:13Z</time>
   </trkpt>
   <trkpt lat="48.1271530" lon="17.1191850">
    <ele>136.7</ele>
    <time>2025-09-30T17:37:14Z</time>
   </trkpt>
   <trkpt lat="48.1271530" lon="17.1191850">
    <ele>136.7</ele>
    <time>2025-09-30T17:37:15Z</time>
   </trkpt>
   <trkpt lat="48.1271530" lon="17.1191850">
    <ele>136.7</ele>
    <time>2025-09-30T17:37:16Z</time>
   </trkpt>
   <trkpt lat="48.1271530" lon="17.1191850">
    <ele>136.7</ele>
    <time>2025-09-30T17:37:17Z</time>
   </trkpt>
   <trkpt lat="48.1271530" lon="17.1191850">
    <ele>136.7</ele>
    <time>2025-09-30T17:37:18Z</time>
   </trkpt>
   <trkpt lat="48.1271530" lon="17.1191850">
    <ele>136.7</ele>
    <time>2025-09-30T17:37:19Z</time>
   </trkpt>
   <trkpt lat="48.1271530" lon="17.1191850">
    <ele>136.7</ele>
    <time>2025-09-30T17:37:20Z</time>
   </trkpt>
   <trkpt lat="48.1271530" lon="17.1191850">
    <ele>136.7</ele>
    <time>2025-09-30T17:37:21Z</time>
   </trkpt>
   <trkpt lat="48.1271530" lon="17.1191850">
    <ele>136.7</ele>
    <time>2025-09-30T17:37:22Z</time>
   </trkpt>
   <trkpt lat="48.1271530" lon="17.1191850">
    <ele>136.7</ele>
    <time>2025-09-30T17:37:23Z</time>
   </trkpt>
   <trkpt lat="48.1271530" lon="17.1191850">
    <ele>136.7</ele>
    <time>2025-09-30T17:37:24Z</time>
   </trkpt>
   <trkpt lat="48.1271530" lon="17.1191850">
    <ele>136.7</ele>
    <time>2025-09-30T17:37:25Z</time>
   </trkpt>
   <trkpt lat="48.1271530" lon="17.1191850">
    <ele>136.7</ele>
    <time>2025-09-30T17:37:26Z</time>
   </trkpt>
   <trkpt lat="48.1271530" lon="17.1191850">
    <ele>136.7</ele>
    <time>2025-09-30T17:37:27Z</time>
   </trkpt>
   <trkpt lat="48.1271530" lon="17.1191850">
    <ele>136.7</ele>
    <time>2025-09-30T17:37:28Z</time>
   </trkpt>
   <trkpt lat="48.1271530" lon="17.1191850">
    <ele>136.7</ele>
    <time>2025-09-30T17:37:29Z</time>
   </trkpt>
   <trkpt lat="48.1271500" lon="17.1191790">
    <ele>136.7</ele>
    <time>2025-09-30T17:37:30Z</time>
   </trkpt>
   <trkpt lat="48.1271460" lon="17.1191730">
    <ele>136.7</ele>
    <time>2025-09-30T17:37:31Z</time>
   </trkpt>
   <trkpt lat="48.1271400" lon="17.1191690">
    <ele>136.7</ele>
    <time>2025-09-30T17:37:32Z</time>
   </trkpt>
   <trkpt lat="48.1271330" lon="17.1191710">
    <ele>136.7</ele>
    <time>2025-09-30T17:37:33Z</time>
   </trkpt>
   <trkpt lat="48.1271220" lon="17.1191690">
    <ele>136.7</ele>
    <time>2025-09-30T17:37:34Z</time>
   </trkpt>
   <trkpt lat="48.1271100" lon="17.1191540">
    <ele>136.7</ele>
    <time>2025-09-30T17:37:35Z</time>
   </trkpt>
   <trkpt lat="48.1271040" lon="17.1191360">
    <ele>136.7</ele>
    <time>2025-09-30T17:37:36Z</time>
   </trkpt>
   <trkpt lat="48.1271070" lon="17.1191300">
    <ele>136.7</ele>
    <time>2025-09-30T17:37:37Z</time>
   </trkpt>
   <trkpt lat="48.1270910" lon="17.1191020">
    <ele>136.8</ele>
    <time>2025-09-30T17:37:38Z</time>
   </trkpt>
   <trkpt lat="48.1270870" lon="17.1191160">
    <ele>136.8</ele>
    <time>2025-09-30T17:37:39Z</time>
   </trkpt>
   <trkpt lat="48.1270870" lon="17.1191190">
    <ele>136.8</ele>
    <time>2025-09-30T17:37:40Z</time>
   </trkpt>
   <trkpt lat="48.1270870" lon="17.1191200">
    <ele>136.8</ele>
    <time>2025-09-30T17:37:41Z</time>
   </trkpt>
   <trkpt lat="48.1270900" lon="17.1191140">
    <ele>136.8</ele>
    <time>2025-09-30T17:37:42Z</time>
   </trkpt>
   <trkpt lat="48.1270890" lon="17.1191100">
    <ele>136.8</ele>
    <time>2025-09-30T17:37:43Z</time>
   </trkpt>
   <trkpt lat="48.1270840" lon="17.1191030">
    <ele>136.8</ele>
    <time>2025-09-30T17:37:44Z</time>
   </trkpt>
   <trkpt lat="48.1270580" lon="17.1190930">
    <ele>136.8</ele>
    <time>2025-09-30T17:37:45Z</time>
   </trkpt>
   <trkpt lat="48.1270460" lon="17.1190920">
    <ele>136.8</ele>
    <time>2025-09-30T17:37:46Z</time>
   </trkpt>
   <trkpt lat="48.1270280" lon="17.1190880">
    <ele>136.8</ele>
    <time>2025-09-30T17:37:47Z</time>
   </trkpt>
   <trkpt lat="48.1270230" lon="17.1190530">
    <ele>136.8</ele>
    <time>2025-09-30T17:37:48Z</time>
   </trkpt>
   <trkpt lat="48.1270110" lon="17.1190530">
    <ele>136.8</ele>
    <time>2025-09-30T17:37:49Z</time>
   </trkpt>
   <trkpt lat="48.1270000" lon="17.1190590">
    <ele>136.8</ele>
    <time>2025-09-30T17:37:50Z</time>
   </trkpt>
   <trkpt lat="48.1269900" lon="17.1190640">
    <ele>136.8</ele>
    <time>2025-09-30T17:37:51Z</time>
   </trkpt>
   <trkpt lat="48.1269820" lon="17.1190650">
    <ele>136.8</ele>
    <time>2025-09-30T17:37:52Z</time>
   </trkpt>
   <trkpt lat="48.1269730" lon="17.1190660">
    <ele>136.8</ele>
    <time>2025-09-30T17:37:53Z</time>
   </trkpt>
   <trkpt lat="48.1269680" lon="17.1190650">
    <ele>136.8</ele>
    <time>2025-09-30T17:37:54Z</time>
   </trkpt>
   <trkpt lat="48.1269580" lon="17.1190620">
    <ele>136.8</ele>
    <time>2025-09-30T17:37:55Z</time>
   </trkpt>
   <trkpt lat="48.1269510" lon="17.1190580">
    <ele>136.8</ele>
    <time>2025-09-30T17:37:56Z</time>
   </trkpt>
   <trkpt lat="48.1269530" lon="17.1190590">
    <ele>136.8</ele>
    <time>2025-09-30T17:37:57Z</time>
   </trkpt>
   <trkpt lat="48.1269540" lon="17.1190600">
    <ele>136.8</ele>
    <time>2025-09-30T17:37:58Z</time>
   </trkpt>
   <trkpt lat="48.1269550" lon="17.1190620">
    <ele>136.8</ele>
    <time>2025-09-30T17:37:59Z</time>
   </trkpt>
   <trkpt lat="48.1269560" lon="17.1190630">
    <ele>136.8</ele>
    <time>2025-09-30T17:38:00Z</time>
   </trkpt>
   <trkpt lat="48.1269580" lon="17.1190640">
    <ele>136.8</ele>
    <time>2025-09-30T17:38:01Z</time>
   </trkpt>
   <trkpt lat="48.1269590" lon="17.1190650">
    <ele>136.8</ele>
    <time>2025-09-30T17:38:02Z</time>
   </trkpt>
   <trkpt lat="48.1269600" lon="17.1190660">
    <ele>136.8</ele>
    <time>2025-09-30T17:38:03Z</time>
   </trkpt>
   <trkpt lat="48.1269610" lon="17.1190670">
    <ele>136.8</ele>
    <time>2025-09-30T17:38:04Z</time>
   </trkpt>
   <trkpt lat="48.1269630" lon="17.1190690">
    <ele>136.8</ele>
    <time>2025-09-30T17:38:05Z</time>
   </trkpt>
   <trkpt lat="48.1269640" lon="17.1190700">
    <ele>136.8</ele>
    <time>2025-09-30T17:38:06Z</time>
   </trkpt>
   <trkpt lat="48.1269650" lon="17.1190710">
    <ele>136.8</ele>
    <time>2025-09-30T17:38:07Z</time>
   </trkpt>
   <trkpt lat="48.1269660" lon="17.1190720">
    <ele>136.8</ele>
    <time>2025-09-30T17:38:08Z</time>
   </trkpt>
   <trkpt lat="48.1269680" lon="17.1190730">
    <ele>136.8</ele>
    <time>2025-09-30T17:38:09Z</time>
   </trkpt>
   <trkpt lat="48.1269690" lon="17.1190740">
    <ele>136.8</ele>
    <time>2025-09-30T17:38:10Z</time>
   </trkpt>
   <trkpt lat="48.1269700" lon="17.1190750">
    <ele>136.8</ele>
    <time>2025-09-30T17:38:11Z</time>
   </trkpt>
   <trkpt lat="48.1269720" lon="17.1190770">
    <ele>136.8</ele>
    <time>2025-09-30T17:38:12Z</time>
   </trkpt>
   <trkpt lat="48.1269730" lon="17.1190780">
    <ele>136.8</ele>
    <time>2025-09-30T17:38:13Z</time>
   </trkpt>
   <trkpt lat="48.1269740" lon="17.1190790">
    <ele>136.8</ele>
    <time>2025-09-30T17:38:14Z</time>
   </trkpt>
   <trkpt lat="48.1269750" lon="17.1190800">
    <ele>136.8</ele>
    <time>2025-09-30T17:38:15Z</time>
   </trkpt>
   <trkpt lat="48.1269770" lon="17.1190810">
    <ele>136.8</ele>
    <time>2025-09-30T17:38:16Z</time>
   </trkpt>
   <trkpt lat="48.1269780" lon="17.1190820">
    <ele>136.8</ele>
    <time>2025-09-30T17:38:17Z</time>
   </trkpt>
   <trkpt lat="48.1269790" lon="17.1190840">
    <ele>136.8</ele>
    <time>2025-09-30T17:38:18Z</time>
   </trkpt>
   <trkpt lat="48.1269800" lon="17.1190850">
    <ele>136.8</ele>
    <time>2025-09-30T17:38:19Z</time>
   </trkpt>
   <trkpt lat="48.1269820" lon="17.1190860">
    <ele>136.8</ele>
    <time>2025-09-30T17:38:20Z</time>
   </trkpt>
   <trkpt lat="48.1269830" lon="17.1190870">
    <ele>136.8</ele>
    <time>2025-09-30T17:38:21Z</time>
   </trkpt>
   <trkpt lat="48.1269840" lon="17.1190880">
    <ele>136.8</ele>
    <time>2025-09-30T17:38:22Z</time>
   </trkpt>
   <trkpt lat="48.1269850" lon="17.1190890">
    <ele>136.8</ele>
    <time>2025-09-30T17:38:23Z</time>
   </trkpt>
   <trkpt lat="48.1269870" lon="17.1190910">
    <ele>136.8</ele>
    <time>2025-09-30T17:38:24Z</time>
   </trkpt>
   <trkpt lat="48.1269880" lon="17.1190920">
    <ele>136.8</ele>
    <time>2025-09-30T17:38:25Z</time>
   </trkpt>
   <trkpt lat="48.1269890" lon="17.1190930">
    <ele>136.8</ele>
    <time>2025-09-30T17:38:26Z</time>
   </trkpt>
   <trkpt lat="48.1269910" lon="17.1190940">
    <ele>136.8</ele>
    <time>2025-09-30T17:38:27Z</time>
   </trkpt>
   <trkpt lat="48.1269920" lon="17.1190950">
    <ele>136.8</ele>
    <time>2025-09-30T17:38:28Z</time>
   </trkpt>
   <trkpt lat="48.1269930" lon="17.1190960">
    <ele>136.8</ele>
    <time>2025-09-30T17:38:29Z</time>
   </trkpt>
   <trkpt lat="48.1269940" lon="17.1190970">
    <ele>136.8</ele>
    <time>2025-09-30T17:38:30Z</time>
   </trkpt>
   <trkpt lat="48.1269960" lon="17.1190990">
    <ele>136.8</ele>
    <time>2025-09-30T17:38:31Z</time>
   </trkpt>
   <trkpt lat="48.1269970" lon="17.1191000">
    <ele>136.8</ele>
    <time>2025-09-30T17:38:32Z</time>
   </trkpt>
   <trkpt lat="48.1269980" lon="17.1191010">
    <ele>136.8</ele>
    <time>2025-09-30T17:38:33Z</time>
   </trkpt>
   <trkpt lat="48.1269990" lon="17.1191020">
    <ele>136.8</ele>
    <time>2025-09-30T17:38:34Z</time>
   </trkpt>
   <trkpt lat="48.1270010" lon="17.1191030">
    <ele>136.8</ele>
    <time>2025-09-30T17:38:35Z</time>
   </trkpt>
   <trkpt lat="48.1270020" lon="17.1191040">
    <ele>136.8</ele>
    <time>2025-09-30T17:38:36Z</time>
   </trkpt>
   <trkpt lat="48.1270030" lon="17.1191060">
    <ele>136.8</ele>
    <time>2025-09-30T17:38:37Z</time>
   </trkpt>
   <trkpt lat="48.1270040" lon="17.1191070">
    <ele>136.8</ele>
    <time>2025-09-30T17:38:38Z</time>
   </trkpt>
   <trkpt lat="48.1270060" lon="17.1191080">
    <ele>136.8</ele>
    <time>2025-09-30T17:38:39Z</time>
   </trkpt>
   <trkpt lat="48.1270070" lon="17.1191090">
    <ele>136.8</ele>
    <time>2025-09-30T17:38:40Z</time>
   </trkpt>
   <trkpt lat="48.1270500" lon="17.1190940">
    <ele>136.8</ele>
    <time>2025-09-30T17:38:41Z</time>
   </trkpt>
   <trkpt lat="48.1270790" lon="17.1190870">
    <ele>136.8</ele>
    <time>2025-09-30T17:38:42Z</time>
   </trkpt>
   <trkpt lat="48.1271180" lon="17.1190410">
    <ele>136.8</ele>
    <time>2025-09-30T17:38:43Z</time>
   </trkpt>
   <trkpt lat="48.1271450" lon="17.1189620">
    <ele>136.9</ele>
    <time>2025-09-30T17:38:44Z</time>
   </trkpt>
   <trkpt lat="48.1271600" lon="17.1188650">
    <ele>136.9</ele>
    <time>2025-09-30T17:38:45Z</time>
   </trkpt>
   <trkpt lat="48.1271470" lon="17.1187620">
    <ele>136.9</ele>
    <time>2025-09-30T17:38:46Z</time>
   </trkpt>
   <trkpt lat="48.1271210" lon="17.1186750">
    <ele>136.9</ele>
    <time>2025-09-30T17:38:47Z</time>
   </trkpt>
   <trkpt lat="48.1270980" lon="17.1186040">
    <ele>137.0</ele>
    <time>2025-09-30T17:38:48Z</time>
   </trkpt>
   <trkpt lat="48.1270780" lon="17.1185580">
    <ele>137.0</ele>
    <time>2025-09-30T17:38:49Z</time>
   </trkpt>
   <trkpt lat="48.1270610" lon="17.1185460">
    <ele>137.0</ele>
    <time>2025-09-30T17:38:50Z</time>
   </trkpt>
   <trkpt lat="48.1270440" lon="17.1185500">
    <ele>137.0</ele>
    <time>2025-09-30T17:38:51Z</time>
   </trkpt>
   <trkpt lat="48.1270130" lon="17.1185930">
    <ele>137.0</ele>
    <time>2025-09-30T17:38:52Z</time>
   </trkpt>
   <trkpt lat="48.1270010" lon="17.1186180">
    <ele>137.0</ele>
    <time>2025-09-30T17:38:53Z</time>
   </trkpt>
   <trkpt lat="48.1269790" lon="17.1186680">
    <ele>137.1</ele>
    <time>2025-09-30T17:38:54Z</time>
   </trkpt>
   <trkpt lat="48.1269630" lon="17.1187090">
    <ele>137.1</ele>
    <time>2025-09-30T17:38:55Z</time>
   </trkpt>
   <trkpt lat="48.1269470" lon="17.1187540">
    <ele>137.1</ele>
    <time>2025-09-30T17:38:56Z</time>
   </trkpt>
   <trkpt lat="48.1269280" lon="17.1187930">
    <ele>137.1</ele>
    <time>2025-09-30T17:38:57Z</time>
   </trkpt>
   <trkpt lat="48.1269020" lon="17.1188210">
    <ele>137.1</ele>
    <time>2025-09-30T17:38:58Z</time>
   </trkpt>
   <trkpt lat="48.1268740" lon="17.1188460">
    <ele>137.1</ele>
    <time>2025-09-30T17:38:59Z</time>
   </trkpt>
   <trkpt lat="48.1268460" lon="17.1188730">
    <ele>137.1</ele>
    <time>2025-09-30T17:39:00Z</time>
   </trkpt>
   <trkpt lat="48.1268270" lon="17.1188950">
    <ele>137.1</ele>
    <time>2025-09-30T17:39:01Z</time>
   </trkpt>
   <trkpt lat="48.1268160" lon="17.1189090">
    <ele>137.1</ele>
    <time>2025-09-30T17:39:02Z</time>
   </trkpt>
   <trkpt lat="48.1267890" lon="17.1189460">
    <ele>137.1</ele>
    <time>2025-09-30T17:39:03Z</time>
   </trkpt>
   <trkpt lat="48.1267820" lon="17.1189570">
    <ele>137.1</ele>
    <time>2025-09-30T17:39:04Z</time>
   </trkpt>
   <trkpt lat="48.1267600" lon="17.1189900">
    <ele>137.1</ele>
    <time>2025-09-30T17:39:05Z</time>
   </trkpt>
   <trkpt lat="48.1267520" lon="17.1189990">
    <ele>137.1</ele>
    <time>2025-09-30T17:39:06Z</time>
   </trkpt>
   <trkpt lat="48.1267500" lon="17.1190060">
    <ele>137.1</ele>
    <time>2025-09-30T17:39:07Z</time>
   </trkpt>
   <trkpt lat="48.1267520" lon="17.1190090">
    <ele>137.1</ele>
    <time>2025-09-30T17:39:08Z</time>
   </trkpt>
   <trkpt lat="48.1267540" lon="17.1190110">
    <ele>137.1</ele>
    <time>2025-09-30T17:39:09Z</time>
   </trkpt>
   <trkpt lat="48.1267560" lon="17.1190130">
    <ele>137.1</ele>
    <time>2025-09-30T17:39:10Z</time>
   </trkpt>
   <trkpt lat="48.1267580" lon="17.1190160">
    <ele>137.1</ele>
    <time>2025-09-30T17:39:11Z</time>
   </trkpt>
   <trkpt lat="48.1267600" lon="17.1190180">
    <ele>137.1</ele>
    <time>2025-09-30T17:39:12Z</time>
   </trkpt>
   <trkpt lat="48.1267620" lon="17.1190200">
    <ele>137.1</ele>
    <time>2025-09-30T17:39:13Z</time>
   </trkpt>
   <trkpt lat="48.1267640" lon="17.1190230">
    <ele>137.1</ele>
    <time>2025-09-30T17:39:14Z</time>
   </trkpt>
   <trkpt lat="48.1267650" lon="17.1190250">
    <ele>137.1</ele>
    <time>2025-09-30T17:39:15Z</time>
   </trkpt>
   <trkpt lat="48.1267670" lon="17.1190280">
    <ele>137.1</ele>
    <time>2025-09-30T17:39:16Z</time>
   </trkpt>
   <trkpt lat="48.1267690" lon="17.1190300">
    <ele>137.1</ele>
    <time>2025-09-30T17:39:17Z</time>
   </trkpt>
   <trkpt lat="48.1267710" lon="17.1190320">
    <ele>137.1</ele>
    <time>2025-09-30T17:39:18Z</time>
   </trkpt>
   <trkpt lat="48.1267730" lon="17.1190350">
    <ele>137.1</ele>
    <time>2025-09-30T17:39:19Z</time>
   </trkpt>
   <trkpt lat="48.1267750" lon="17.1190370">
    <ele>137.1</ele>
    <time>2025-09-30T17:39:20Z</time>
   </trkpt>
   <trkpt lat="48.1267770" lon="17.1190390">
    <ele>137.1</ele>
    <time>2025-09-30T17:39:21Z</time>
   </trkpt>
   <trkpt lat="48.1267790" lon="17.1190420">
    <ele>137.1</ele>
    <time>2025-09-30T17:39:22Z</time>
   </trkpt>
   <trkpt lat="48.1267810" lon="17.1190440">
    <ele>137.1</ele>
    <time>2025-09-30T17:39:23Z</time>
   </trkpt>
   <trkpt lat="48.1267830" lon="17.1190650">
    <ele>137.1</ele>
    <time>2025-09-30T17:39:24Z</time>
   </trkpt>
   <trkpt lat="48.1267500" lon="17.1190720">
    <ele>137.2</ele>
    <time>2025-09-30T17:39:25Z</time>
   </trkpt>
   <trkpt lat="48.1267170" lon="17.1190830">
    <ele>137.2</ele>
    <time>2025-09-30T17:39:26Z</time>
   </trkpt>
   <trkpt lat="48.1266880" lon="17.1190770">
    <ele>137.2</ele>
    <time>2025-09-30T17:39:27Z</time>
   </trkpt>
   <trkpt lat="48.1266770" lon="17.1190770">
    <ele>137.2</ele>
    <time>2025-09-30T17:39:28Z</time>
   </trkpt>
   <trkpt lat="48.1266650" lon="17.1190860">
    <ele>137.2</ele>
    <time>2025-09-30T17:39:29Z</time>
   </trkpt>
   <trkpt lat="48.1266560" lon="17.1190970">
    <ele>137.2</ele>
    <time>2025-09-30T17:39:30Z</time>
   </trkpt>
   <trkpt lat="48.1266540" lon="17.1191010">
    <ele>137.2</ele>
    <time>2025-09-30T17:39:31Z</time>
   </trkpt>
   <trkpt lat="48.1266530" lon="17.1190900">
    <ele>137.2</ele>
    <time>2025-09-30T17:39:32Z</time>
   </trkpt>
   <trkpt lat="48.1266510" lon="17.1190890">
    <ele>137.2</ele>
    <time>2025-09-30T17:39:33Z</time>
   </trkpt>
   <trkpt lat="48.1266560" lon="17.1190820">
    <ele>137.2</ele>
    <time>2025-09-30T17:39:34Z</time>
   </trkpt>
   <trkpt lat="48.1266600" lon="17.1190780">
    <ele>137.2</ele>
    <time>2025-09-30T17:39:35Z</time>
   </trkpt>
   <trkpt lat="48.1266610" lon="17.1190770">
    <ele>137.2</ele>
    <time>2025-09-30T17:39:36Z</time>
   </trkpt>
   <trkpt lat="48.1266620" lon="17.1190760">
    <ele>137.2</ele>
    <time>2025-09-30T17:39:37Z</time>
   </trkpt>
   <trkpt lat="48.1266620" lon="17.1190760">
    <ele>137.2</ele>
    <time>2025-09-30T17:39:38Z</time>
   </trkpt>
   <trkpt lat="48.1266620" lon="17.1190750">
    <ele>137.2</ele>
    <time>2025-09-30T17:39:39Z</time>
   </trkpt>
   <trkpt lat="48.1266620" lon="17.1190750">
    <ele>137.2</ele>
    <time>2025-09-30T17:39:40Z</time>
   </trkpt>
   <trkpt lat="48.1266620" lon="17.1190750">
    <ele>137.2</ele>
    <time>2025-09-30T17:39:41Z</time>
   </trkpt>
   <trkpt lat="48.1266620" lon="17.1190740">
    <ele>137.2</ele>
    <time>2025-09-30T17:39:42Z</time>
   </trkpt>
   <trkpt lat="48.1266620" lon="17.1190740">
    <ele>137.2</ele>
    <time>2025-09-30T17:39:43Z</time>
   </trkpt>
   <trkpt lat="48.1266630" lon="17.1190730">
    <ele>137.2</ele>
    <time>2025-09-30T17:39:44Z</time>
   </trkpt>
   <trkpt lat="48.1266630" lon="17.1190730">
    <ele>137.2</ele>
    <time>2025-09-30T17:39:45Z</time>
   </trkpt>
   <trkpt lat="48.1266630" lon="17.1190730">
    <ele>137.2</ele>
    <time>2025-09-30T17:39:46Z</time>
   </trkpt>
   <trkpt lat="48.1266630" lon="17.1190730">
    <ele>137.2</ele>
    <time>2025-09-30T17:39:47Z</time>
   </trkpt>
   <trkpt lat="48.1266600" lon="17.1190790">
    <ele>137.2</ele>
    <time>2025-09-30T17:39:48Z</time>
   </trkpt>
   <trkpt lat="48.1266660" lon="17.1190770">
    <ele>137.2</ele>
    <time>2025-09-30T17:39:49Z</time>
   </trkpt>
   <trkpt lat="48.1266670" lon="17.1190720">
    <ele>137.2</ele>
    <time>2025-09-30T17:39:50Z</time>
   </trkpt>
   <trkpt lat="48.1266690" lon="17.1190690">
    <ele>137.2</ele>
    <time>2025-09-30T17:39:51Z</time>
   </trkpt>
   <trkpt lat="48.1266690" lon="17.1190680">
    <ele>137.2</ele>
    <time>2025-09-30T17:39:52Z</time>
   </trkpt>
   <trkpt lat="48.1266690" lon="17.1190680">
    <ele>137.2</ele>
    <time>2025-09-30T17:39:53Z</time>
   </trkpt>
   <trkpt lat="48.1266690" lon="17.1190680">
    <ele>137.2</ele>
    <time>2025-09-30T17:39:54Z</time>
   </trkpt>
   <trkpt lat="48.1266690" lon="17.1190680">
    <ele>137.2</ele>
    <time>2025-09-30T17:39:55Z</time>
   </trkpt>
   <trkpt lat="48.1266690" lon="17.1190680">
    <ele>137.2</ele>
    <time>2025-09-30T17:39:56Z</time>
   </trkpt>
   <trkpt lat="48.1266690" lon="17.1190680">
    <ele>137.2</ele>
    <time>2025-09-30T17:39:57Z</time>
   </trkpt>
   <trkpt lat="48.1266690" lon="17.1190680">
    <ele>137.2</ele>
    <time>2025-09-30T17:39:58Z</time>
   </trkpt>
   <trkpt lat="48.1266690" lon="17.1190680">
    <ele>137.2</ele>
    <time>2025-09-30T17:39:59Z</time>
   </trkpt>
   <trkpt lat="48.1266690" lon="17.1190680">
    <ele>137.2</ele>
    <time>2025-09-30T17:40:00Z</time>
   </trkpt>
   <trkpt lat="48.1266690" lon="17.1190680">
    <ele>137.2</ele>
    <time>2025-09-30T17:40:01Z</time>
   </trkpt>
   <trkpt lat="48.1266690" lon="17.1190680">
    <ele>137.2</ele>
    <time>2025-09-30T17:40:02Z</time>
   </trkpt>
   <trkpt lat="48.1266690" lon="17.1190680">
    <ele>137.2</ele>
    <time>2025-09-30T17:40:03Z</time>
   </trkpt>
   <trkpt lat="48.1266690" lon="17.1190680">
    <ele>137.2</ele>
    <time>2025-09-30T17:40:04Z</time>
   </trkpt>
   <trkpt lat="48.1266690" lon="17.1190680">
    <ele>137.2</ele>
    <time>2025-09-30T17:40:05Z</time>
   </trkpt>
   <trkpt lat="48.1266690" lon="17.1190680">
    <ele>137.2</ele>
    <time>2025-09-30T17:40:06Z</time>
   </trkpt>
   <trkpt lat="48.1266690" lon="17.1190680">
    <ele>137.2</ele>
    <time>2025-09-30T17:40:07Z</time>
   </trkpt>
   <trkpt lat="48.1266690" lon="17.1190680">
    <ele>137.2</ele>
    <time>2025-09-30T17:40:08Z</time>
   </trkpt>
   <trkpt lat="48.1266690" lon="17.1190680">
    <ele>137.2</ele>
    <time>2025-09-30T17:40:09Z</time>
   </trkpt>
   <trkpt lat="48.1266690" lon="17.1190680">
    <ele>137.2</ele>
    <time>2025-09-30T17:40:10Z</time>
   </trkpt>
   <trkpt lat="48.1266690" lon="17.1190680">
    <ele>137.2</ele>
    <time>2025-09-30T17:40:11Z</time>
   </trkpt>
   <trkpt lat="48.1266690" lon="17.1190680">
    <ele>137.2</ele>
    <time>2025-09-30T17:40:12Z</time>
   </trkpt>
   <trkpt lat="48.1266690" lon="17.1190680">
    <ele>137.2</ele>
    <time>2025-09-30T17:40:13Z</time>
   </trkpt>
   <trkpt lat="48.1266690" lon="17.1190680">
    <ele>137.2</ele>
    <time>2025-09-30T17:40:14Z</time>
   </trkpt>
   <trkpt lat="48.1266690" lon="17.1190680">
    <ele>137.2</ele>
    <time>2025-09-30T17:40:15Z</time>
   </trkpt>
   <trkpt lat="48.1266690" lon="17.1190680">
    <ele>137.2</ele>
    <time>2025-09-30T17:40:16Z</time>
   </trkpt>
   <trkpt lat="48.1266690" lon="17.1190680">
    <ele>137.2</ele>
    <time>2025-09-30T17:40:17Z</time>
   </trkpt>
   <trkpt lat="48.1266690" lon="17.1190680">
    <ele>137.2</ele>
    <time>2025-09-30T17:40:18Z</time>
   </trkpt>
   <trkpt lat="48.1266690" lon="17.1190680">
    <ele>137.2</ele>
    <time>2025-09-30T17:40:19Z</time>
   </trkpt>
   <trkpt lat="48.1266690" lon="17.1190680">
    <ele>137.2</ele>
    <time>2025-09-30T17:40:20Z</time>
   </trkpt>
   <trkpt lat="48.1266690" lon="17.1190680">
    <ele>137.2</ele>
    <time>2025-09-30T17:40:21Z</time>
   </trkpt>
   <trkpt lat="48.1266690" lon="17.1190680">
    <ele>137.2</ele>
    <time>2025-09-30T17:40:22Z</time>
   </trkpt>
   <trkpt lat="48.1266690" lon="17.1190680">
    <ele>137.2</ele>
    <time>2025-09-30T17:40:23Z</time>
   </trkpt>
   <trkpt lat="48.1266690" lon="17.1190680">
    <ele>137.2</ele>
    <time>2025-09-30T17:40:24Z</time>
   </trkpt>
   <trkpt lat="48.1266690" lon="17.1190680">
    <ele>137.2</ele>
    <time>2025-09-30T17:40:25Z</time>
   </trkpt>
   <trkpt lat="48.1266690" lon="17.1190680">
    <ele>137.2</ele>
    <time>2025-09-30T17:40:26Z</time>
   </trkpt>
   <trkpt lat="48.1266690" lon="17.1190680">
    <ele>137.2</ele>
    <time>2025-09-30T17:40:27Z</time>
   </trkpt>
   <trkpt lat="48.1266690" lon="17.1190680">
    <ele>137.2</ele>
    <time>2025-09-30T17:40:28Z</time>
   </trkpt>
   <trkpt lat="48.1266690" lon="17.1190680">
    <ele>137.2</ele>
    <time>2025-09-30T17:40:29Z</time>
   </trkpt>
   <trkpt lat="48.1266620" lon="17.1190860">
    <ele>137.2</ele>
    <time>2025-09-30T17:40:30Z</time>
   </trkpt>
   <trkpt lat="48.1266590" lon="17.1190930">
    <ele>137.2</ele>
    <time>2025-09-30T17:40:31Z</time>
   </trkpt>
   <trkpt lat="48.1266530" lon="17.1190970">
    <ele>137.2</ele>
    <time>2025-09-30T17:40:32Z</time>
   </trkpt>
   <trkpt lat="48.1266490" lon="17.1190940">
    <ele>137.2</ele>
    <time>2025-09-30T17:40:33Z</time>
   </trkpt>
   <trkpt lat="48.1266480" lon="17.1190930">
    <ele>137.2</ele>
    <time>2025-09-30T17:40:34Z</time>
   </trkpt>
   <trkpt lat="48.1266470" lon="17.1190890">
    <ele>137.2</ele>
    <time>2025-09-30T17:40:35Z</time>
   </trkpt>
   <trkpt lat="48.1266430" lon="17.1190900">
    <ele>137.2</ele>
    <time>2025-09-30T17:40:36Z</time>
   </trkpt>
   <trkpt lat="48.1266420" lon="17.1190920">
    <ele>137.2</ele>
    <time>2025-09-30T17:40:37Z</time>
   </trkpt>
   <trkpt lat="48.1266430" lon="17.1190970">
    <ele>137.2</ele>
    <time>2025-09-30T17:40:38Z</time>
   </trkpt>
   <trkpt lat="48.1266490" lon="17.1191000">
    <ele>137.2</ele>
    <time>2025-09-30T17:40:39Z</time>
   </trkpt>
   <trkpt lat="48.1266550" lon="17.1191030">
    <ele>137.2</ele>
    <time>2025-09-30T17:40:40Z</time>
   </trkpt>
   <trkpt lat="48.1266570" lon="17.1191040">
    <ele>137.2</ele>
    <time>2025-09-30T17:40:41Z</time>
   </trkpt>
   <trkpt lat="48.1266570" lon="17.1191040">
    <ele>137.2</ele>
    <time>2025-09-30T17:40:42Z</time>
   </trkpt>
   <trkpt lat="48.1266570" lon="17.1191040">
    <ele>137.2</ele>
    <time>2025-09-30T17:40:43Z</time>
   </trkpt>
   <trkpt lat="48.1266570" lon="17.1191040">
    <ele>137.2</ele>
    <time>2025-09-30T17:40:44Z</time>
   </trkpt>
   <trkpt lat="48.1266570" lon="17.1191040">
    <ele>137.2</ele>
    <time>2025-09-30T17:40:45Z</time>
   </trkpt>
   <trkpt lat="48.1266670" lon="17.1191100">
    <ele>137.2</ele>
    <time>2025-09-30T17:40:46Z</time>
   </trkpt>
   <trkpt lat="48.1266690" lon="17.1191170">
    <ele>137.2</ele>
    <time>2025-09-30T17:40:47Z</time>
   </trkpt>
   <trkpt lat="48.1266680" lon="17.1191230">
    <ele>137.2</ele>
    <time>2025-09-30T17:40:48Z</time>
   </trkpt>
   <trkpt lat="48.1266670" lon="17.1191290">
    <ele>137.2</ele>
    <time>2025-09-30T17:40:49Z</time>
   </trkpt>
   <trkpt lat="48.1266670" lon="17.1191300">
    <ele>137.2</ele>
    <time>2025-09-30T17:40:50Z</time>
   </trkpt>
   <trkpt lat="48.1266670" lon="17.1191310">
    <ele>137.2</ele>
    <time>2025-09-30T17:40:51Z</time>
   </trkpt>
   <trkpt lat="48.1266670" lon="17.1191310">
    <ele>137.2</ele>
    <time>2025-09-30T17:40:52Z</time>
   </trkpt>
   <trkpt lat="48.1266690" lon="17.1191200">
    <ele>137.2</ele>
    <time>2025-09-30T17:40:53Z</time>
   </trkpt>
   <trkpt lat="48.1266700" lon="17.1191130">
    <ele>137.2</ele>
    <time>2025-09-30T17:40:54Z</time>
   </trkpt>
   <trkpt lat="48.1266690" lon="17.1191040">
    <ele>137.2</ele>
    <time>2025-09-30T17:40:55Z</time>
   </trkpt>
   <trkpt lat="48.1266710" lon="17.1190950">
    <ele>137.2</ele>
    <time>2025-09-30T17:40:56Z</time>
   </trkpt>
   <trkpt lat="48.1266710" lon="17.1190930">
    <ele>137.2</ele>
    <time>2025-09-30T17:40:57Z</time>
   </trkpt>
   <trkpt lat="48.1266710" lon="17.1190920">
    <ele>137.2</ele>
    <time>2025-09-30T17:40:58Z</time>
   </trkpt>
   <trkpt lat="48.1266710" lon="17.1190920">
    <ele>137.2</ele>
    <time>2025-09-30T17:40:59Z</time>
   </trkpt>
   <trkpt lat="48.1266720" lon="17.1190910">
    <ele>137.2</ele>
    <time>2025-09-30T17:41:00Z</time>
   </trkpt>
   <trkpt lat="48.1266720" lon="17.1190910">
    <ele>137.2</ele>
    <time>2025-09-30T17:41:01Z</time>
   </trkpt>
   <trkpt lat="48.1266720" lon="17.1190910">
    <ele>137.2</ele>
    <time>2025-09-30T17:41:02Z</time>
   </trkpt>
   <trkpt lat="48.1266720" lon="17.1190910">
    <ele>137.2</ele>
    <time>2025-09-30T17:41:03Z</time>
   </trkpt>
   <trkpt lat="48.1266720" lon="17.1190910">
    <ele>137.2</ele>
    <time>2025-09-30T17:41:04Z</time>
   </trkpt>
   <trkpt lat="48.1266720" lon="17.1190910">
    <ele>137.2</ele>
    <time>2025-09-30T17:41:05Z</time>
   </trkpt>
   <trkpt lat="48.1266720" lon="17.1190910">
    <ele>137.2</ele>
    <time>2025-09-30T17:41:06Z</time>
   </trkpt>
   <trkpt lat="48.1266720" lon="17.1190900">
    <ele>137.2</ele>
    <time>2025-09-30T17:41:07Z</time>
   </trkpt>
   <trkpt lat="48.1266720" lon="17.1190900">
    <ele>137.2</ele>
    <time>2025-09-30T17:41:08Z</time>
   </trkpt>
   <trkpt lat="48.1266720" lon="17.1190900">
    <ele>137.2</ele>
    <time>2025-09-30T17:41:09Z</time>
   </trkpt>
   <trkpt lat="48.1266720" lon="17.1190900">
    <ele>137.2</ele>
    <time>2025-09-30T17:41:10Z</time>
   </trkpt>
   <trkpt lat="48.1266720" lon="17.1190900">
    <ele>137.2</ele>
    <time>2025-09-30T17:41:11Z</time>
   </trkpt>
   <trkpt lat="48.1266720" lon="17.1190900">
    <ele>137.2</ele>
    <time>2025-09-30T17:41:12Z</time>
   </trkpt>
   <trkpt lat="48.1266720" lon="17.1190900">
    <ele>137.2</ele>
    <time>2025-09-30T17:41:13Z</time>
   </trkpt>
   <trkpt lat="48.1266720" lon="17.1190900">
    <ele>137.2</ele>
    <time>2025-09-30T17:41:14Z</time>
   </trkpt>
   <trkpt lat="48.1266720" lon="17.1190900">
    <ele>137.2</ele>
    <time>2025-09-30T17:41:15Z</time>
   </trkpt>
   <trkpt lat="48.1266720" lon="17.1190900">
    <ele>137.2</ele>
    <time>2025-09-30T17:41:16Z</time>
   </trkpt>
   <trkpt lat="48.1266720" lon="17.1190900">
    <ele>137.2</ele>
    <time>2025-09-30T17:41:17Z</time>
   </trkpt>
   <trkpt lat="48.1266720" lon="17.1190900">
    <ele>137.2</ele>
    <time>2025-09-30T17:41:18Z</time>
   </trkpt>
   <trkpt lat="48.1266720" lon="17.1190900">
    <ele>137.2</ele>
    <time>2025-09-30T17:41:19Z</time>
   </trkpt>
   <trkpt lat="48.1266720" lon="17.1190900">
    <ele>137.2</ele>
    <time>2025-09-30T17:41:20Z</time>
   </trkpt>
   <trkpt lat="48.1266720" lon="17.1190900">
    <ele>137.2</ele>
    <time>2025-09-30T17:41:21Z</time>
   </trkpt>
   <trkpt lat="48.1266720" lon="17.1190900">
    <ele>137.2</ele>
    <time>2025-09-30T17:41:22Z</time>
   </trkpt>
   <trkpt lat="48.1266720" lon="17.1190900">
    <ele>137.2</ele>
    <time>2025-09-30T17:41:23Z</time>
   </trkpt>
   <trkpt lat="48.1266720" lon="17.1190900">
    <ele>137.2</ele>
    <time>2025-09-30T17:41:24Z</time>
   </trkpt>
   <trkpt lat="48.1266650" lon="17.1190850">
    <ele>137.2</ele>
    <time>2025-09-30T17:41:25Z</time>
   </trkpt>
   <trkpt lat="48.1266630" lon="17.1190980">
    <ele>137.2</ele>
    <time>2025-09-30T17:41:26Z</time>
   </trkpt>
   <trkpt lat="48.1266630" lon="17.1191180">
    <ele>137.2</ele>
    <time>2025-09-30T17:41:27Z</time>
   </trkpt>
   <trkpt lat="48.1266620" lon="17.1191360">
    <ele>137.2</ele>
    <time>2025-09-30T17:41:28Z</time>
   </trkpt>
   <trkpt lat="48.1266600" lon="17.1191510">
    <ele>137.2</ele>
    <time>2025-09-30T17:41:29Z</time>
   </trkpt>
   <trkpt lat="48.1266580" lon="17.1191510">
    <ele>137.2</ele>
    <time>2025-09-30T17:41:30Z</time>
   </trkpt>
   <trkpt lat="48.1266590" lon="17.1191460">
    <ele>137.2</ele>
    <time>2025-09-30T17:41:31Z</time>
   </trkpt>
   <trkpt lat="48.1266600" lon="17.1191400">
    <ele>137.2</ele>
    <time>2025-09-30T17:41:32Z</time>
   </trkpt>
   <trkpt lat="48.1266610" lon="17.1191350">
    <ele>137.2</ele>
    <time>2025-09-30T17:41:33Z</time>
   </trkpt>
   <trkpt lat="48.1266620" lon="17.1191290">
    <ele>137.2</ele>
    <time>2025-09-30T17:41:34Z</time>
   </trkpt>
   <trkpt lat="48.1266630" lon="17.1191230">
    <ele>137.2</ele>
    <time>2025-09-30T17:41:35Z</time>
   </trkpt>
   <trkpt lat="48.1266640" lon="17.1191180">
    <ele>137.2</ele>
    <time>2025-09-30T17:41:36Z</time>
   </trkpt>
   <trkpt lat="48.1266650" lon="17.1191120">
    <ele>137.2</ele>
    <time>2025-09-30T17:41:37Z</time>
   </trkpt>
   <trkpt lat="48.1266660" lon="17.1191060">
    <ele>137.2</ele>
    <time>2025-09-30T17:41:38Z</time>
   </trkpt>
   <trkpt lat="48.1266670" lon="17.1191010">
    <ele>137.2</ele>
    <time>2025-09-30T17:41:39Z</time>
   </trkpt>
   <trkpt lat="48.1266680" lon="17.1190950">
    <ele>137.2</ele>
    <time>2025-09-30T17:41:40Z</time>
   </trkpt>
   <trkpt lat="48.1266690" lon="17.1190900">
    <ele>137.2</ele>
    <time>2025-09-30T17:41:41Z</time>
   </trkpt>
   <trkpt lat="48.1266700" lon="17.1190840">
    <ele>137.2</ele>
    <time>2025-09-30T17:41:42Z</time>
   </trkpt>
   <trkpt lat="48.1266710" lon="17.1190780">
    <ele>137.2</ele>
    <time>2025-09-30T17:41:43Z</time>
   </trkpt>
   <trkpt lat="48.1266720" lon="17.1190730">
    <ele>137.2</ele>
    <time>2025-09-30T17:41:44Z</time>
   </trkpt>
   <trkpt lat="48.1266730" lon="17.1190670">
    <ele>137.2</ele>
    <time>2025-09-30T17:41:45Z</time>
   </trkpt>
   <trkpt lat="48.1266780" lon="17.1189890">
    <ele>137.2</ele>
    <time>2025-09-30T17:41:46Z</time>
   </trkpt>
   <trkpt lat="48.1266750" lon="17.1189080">
    <ele>137.2</ele>
    <time>2025-09-30T17:41:47Z</time>
   </trkpt>
   <trkpt lat="48.1266540" lon="17.1188550">
    <ele>137.2</ele>
    <time>2025-09-30T17:41:48Z</time>
   </trkpt>
   <trkpt lat="48.1266380" lon="17.1188230">
    <ele>137.2</ele>
    <time>2025-09-30T17:41:49Z</time>
   </trkpt>
   <trkpt lat="48.1266270" lon="17.1188280">
    <ele>137.2</ele>
    <time>2025-09-30T17:41:50Z</time>
   </trkpt>
   <trkpt lat="48.1266280" lon="17.1188370">
    <ele>137.2</ele>
    <time>2025-09-30T17:41:51Z</time>
   </trkpt>
   <trkpt lat="48.1266340" lon="17.1188470">
    <ele>137.2</ele>
    <time>2025-09-30T17:41:52Z</time>
   </trkpt>
   <trkpt lat="48.1266350" lon="17.1188730">
    <ele>137.2</ele>
    <time>2025-09-30T17:41:53Z</time>
   </trkpt>
   <trkpt lat="48.1266360" lon="17.1189290">
    <ele>137.3</ele>
    <time>2025-09-30T17:41:54Z</time>
   </trkpt>
   <trkpt lat="48.1266370" lon="17.1189460">
    <ele>137.3</ele>
    <time>2025-09-30T17:41:55Z</time>
   </trkpt>
   <trkpt lat="48.1266410" lon="17.1189670">
    <ele>137.3</ele>
    <time>2025-09-30T17:41:56Z</time>
   </trkpt>
   <trkpt lat="48.1266420" lon="17.1189740">
    <ele>137.3</ele>
    <time>2025-09-30T17:41:57Z</time>
   </trkpt>
   <trkpt lat="48.1266400" lon="17.1189820">
    <ele>137.3</ele>
    <time>2025-09-30T17:41:58Z</time>
   </trkpt>
   <trkpt lat="48.1266390" lon="17.1189840">
    <ele>137.3</ele>
    <time>2025-09-30T17:41:59Z</time>
   </trkpt>
   <trkpt lat="48.1266380" lon="17.1189840">
    <ele>137.3</ele>
    <time>2025-09-30T17:42:00Z</time>
   </trkpt>
   <trkpt lat="48.1266350" lon="17.1189760">
    <ele>137.3</ele>
    <time>2025-09-30T17:42:01Z</time>
   </trkpt>
   <trkpt lat="48.1266330" lon="17.1189740">
    <ele>137.3</ele>
    <time>2025-09-30T17:42:02Z</time>
   </trkpt>
   <trkpt lat="48.1266310" lon="17.1189900">
    <ele>137.3</ele>
    <time>2025-09-30T17:42:03Z</time>
   </trkpt>
   <trkpt lat="48.1266310" lon="17.1190520">
    <ele>137.4</ele>
    <time>2025-09-30T17:42:04Z</time>
   </trkpt>
   <trkpt lat="48.1266280" lon="17.1190760">
    <ele>137.4</ele>
    <time>2025-09-30T17:42:05Z</time>
   </trkpt>
   <trkpt lat="48.1266240" lon="17.1191270">
    <ele>137.4</ele>
    <time>2025-09-30T17:42:06Z</time>
   </trkpt>
   <trkpt lat="48.1266190" lon="17.1191700">
    <ele>137.4</ele>
    <time>2025-09-30T17:42:07Z</time>
   </trkpt>
   <trkpt lat="48.1266180" lon="17.1191820">
    <ele>137.5</ele>
    <time>2025-09-30T17:42:08Z</time>
   </trkpt>
   <trkpt lat="48.1266350" lon="17.1191990">
    <ele>137.5</ele>
    <time>2025-09-30T17:42:09Z</time>
   </trkpt>
   <trkpt lat="48.1266410" lon="17.1192050">
    <ele>137.5</ele>
    <time>2025-09-30T17:42:10Z</time>
   </trkpt>
   <trkpt lat="48.1266470" lon="17.1192100">
    <ele>137.5</ele>
    <time>2025-09-30T17:42:11Z</time>
   </trkpt>
   <trkpt lat="48.1266530" lon="17.1192160">
    <ele>137.5</ele>
    <time>2025-09-30T17:42:12Z</time>
   </trkpt>
   <trkpt lat="48.1266550" lon="17.1192170">
    <ele>137.5</ele>
    <time>2025-09-30T17:42:13Z</time>
   </trkpt>
   <trkpt lat="48.1266550" lon="17.1192170">
    <ele>137.5</ele>
    <time>2025-09-30T17:42:14Z</time>
   </trkpt>
   <trkpt lat="48.1266550" lon="17.1192170">
    <ele>137.5</ele>
    <time>2025-09-30T17:42:15Z</time>
   </trkpt>
   <trkpt lat="48.1266550" lon="17.1192170">
    <ele>137.5</ele>
    <time>2025-09-30T17:42:16Z</time>
   </trkpt>
   <trkpt lat="48.1266550" lon="17.1192170">
    <ele>137.5</ele>
    <time>2025-09-30T17:42:17Z</time>
   </trkpt>
   <trkpt lat="48.1266550" lon="17.1192170">
    <ele>137.5</ele>
    <time>2025-09-30T17:42:18Z</time>
   </trkpt>
   <trkpt lat="48.1266550" lon="17.1192170">
    <ele>137.5</ele>
    <time>2025-09-30T17:42:19Z</time>
   </trkpt>
   <trkpt lat="48.1266550" lon="17.1192170">
    <ele>137.5</ele>
    <time>2025-09-30T17:42:20Z</time>
   </trkpt>
   <trkpt lat="48.1266550" lon="17.1192170">
    <ele>137.5</ele>
    <time>2025-09-30T17:42:21Z</time>
   </trkpt>
   <trkpt lat="48.1266550" lon="17.1192170">
    <ele>137.5</ele>
    <time>2025-09-30T17:42:22Z</time>
   </trkpt>
   <trkpt lat="48.1266550" lon="17.1192170">
    <ele>137.5</ele>
    <time>2025-09-30T17:42:23Z</time>
   </trkpt>
   <trkpt lat="48.1266550" lon="17.1192170">
    <ele>137.5</ele>
    <time>2025-09-30T17:42:24Z</time>
   </trkpt>
   <trkpt lat="48.1266550" lon="17.1192170">
    <ele>137.5</ele>
    <time>2025-09-30T17:42:25Z</time>
   </trkpt>
   <trkpt lat="48.1266550" lon="17.1192170">
    <ele>137.5</ele>
    <time>2025-09-30T17:42:26Z</time>
   </trkpt>
   <trkpt lat="48.1266550" lon="17.1192170">
    <ele>137.5</ele>
    <time>2025-09-30T17:42:27Z</time>
   </trkpt>
   <trkpt lat="48.1266550" lon="17.1192170">
    <ele>137.5</ele>
    <time>2025-09-30T17:42:28Z</time>
   </trkpt>
   <trkpt lat="48.1266550" lon="17.1192170">
    <ele>137.5</ele>
    <time>2025-09-30T17:42:29Z</time>
   </trkpt>
   <trkpt lat="48.1266550" lon="17.1192170">
    <ele>137.5</ele>
    <time>2025-09-30T17:42:30Z</time>
   </trkpt>
   <trkpt lat="48.1266550" lon="17.1192170">
    <ele>137.5</ele>
    <time>2025-09-30T17:42:31Z</time>
   </trkpt>
   <trkpt lat="48.1266550" lon="17.1192390">
    <ele>137.5</ele>
    <time>2025-09-30T17:42:32Z</time>
   </trkpt>
   <trkpt lat="48.1266560" lon="17.1192580">
    <ele>137.5</ele>
    <time>2025-09-30T17:42:33Z</time>
   </trkpt>
   <trkpt lat="48.1266580" lon="17.1192780">
    <ele>137.5</ele>
    <time>2025-09-30T17:42:34Z</time>
   </trkpt>
   <trkpt lat="48.1266610" lon="17.1193010">
    <ele>137.5</ele>
    <time>2025-09-30T17:42:35Z</time>
   </trkpt>
   <trkpt lat="48.1266600" lon="17.1193320">
    <ele>137.5</ele>
    <time>2025-09-30T17:42:36Z</time>
   </trkpt>
   <trkpt lat="48.1266590" lon="17.1193440">
    <ele>137.5</ele>
    <time>2025-09-30T17:42:37Z</time>
   </trkpt>
   <trkpt lat="48.1266580" lon="17.1193560">
    <ele>137.5</ele>
    <time>2025-09-30T17:42:38Z</time>
   </trkpt>
   <trkpt lat="48.1266470" lon="17.1193740">
    <ele>137.5</ele>
    <time>2025-09-30T17:42:39Z</time>
   </trkpt>
   <trkpt lat="48.1266410" lon="17.1193910">
    <ele>137.5</ele>
    <time>2025-09-30T17:42:40Z</time>
   </trkpt>
   <trkpt lat="48.1266570" lon="17.1193750">
    <ele>137.5</ele>
    <time>2025-09-30T17:42:41Z</time>
   </trkpt>
   <trkpt lat="48.1266640" lon="17.1193860">
    <ele>137.5</ele>
    <time>2025-09-30T17:42:42Z</time>
   </trkpt>
   <trkpt lat="48.1266640" lon="17.1194050">
    <ele>137.5</ele>
    <time>2025-09-30T17:42:43Z</time>
   </trkpt>
   <trkpt lat="48.1266650" lon="17.1194290">
    <ele>137.5</ele>
    <time>2025-09-30T17:42:44Z</time>
   </trkpt>
   <trkpt lat="48.1266670" lon="17.1194480">
    <ele>137.5</ele>
    <time>2025-09-30T17:42:45Z</time>
   </trkpt>
   <trkpt lat="48.1266640" lon="17.1194640">
    <ele>137.5</ele>
    <time>2025-09-30T17:42:46Z</time>
   </trkpt>
   <trkpt lat="48.1266640" lon="17.1194780">
    <ele>137.5</ele>
    <time>2025-09-30T17:42:47Z</time>
   </trkpt>
   <trkpt lat="48.1266680" lon="17.1194970">
    <ele>137.5</ele>
    <time>2025-09-30T17:42:48Z</time>
   </trkpt>
   <trkpt lat="48.1266680" lon="17.1195140">
    <ele>137.5</ele>
    <time>2025-09-30T17:42:49Z</time>
   </trkpt>
   <trkpt lat="48.1266680" lon="17.1195310">
    <ele>137.5</ele>
    <time>2025-09-30T17:42:50Z</time>
   </trkpt>
   <trkpt lat="48.1266670" lon="17.1195400">
    <ele>137.5</ele>
    <time>2025-09-30T17:42:51Z</time>
   </trkpt>
   <trkpt lat="48.1266670" lon="17.1195400">
    <ele>137.5</ele>
    <time>2025-09-30T17:42:52Z</time>
   </trkpt>
   <trkpt lat="48.1266670" lon="17.1195320">
    <ele>137.5</ele>
    <time>2025-09-30T17:42:53Z</time>
   </trkpt>
   <trkpt lat="48.1266670" lon="17.1195270">
    <ele>137.5</ele>
    <time>2025-09-30T17:42:54Z</time>
   </trkpt>
   <trkpt lat="48.1266670" lon="17.1195250">
    <ele>137.5</ele>
    <time>2025-09-30T17:42:55Z</time>
   </trkpt>
   <trkpt lat="48.1266680" lon="17.1195310">
    <ele>137.5</ele>
    <time>2025-09-30T17:42:56Z</time>
   </trkpt>
   <trkpt lat="48.1266690" lon="17.1195380">
    <ele>137.5</ele>
    <time>2025-09-30T17:42:57Z</time>
   </trkpt>
   <trkpt lat="48.1266710" lon="17.1195460">
    <ele>137.5</ele>
    <time>2025-09-30T17:42:58Z</time>
   </trkpt>
   <trkpt lat="48.1266720" lon="17.1195520">
    <ele>137.5</ele>
    <time>2025-09-30T17:42:59Z</time>
   </trkpt>
   <trkpt lat="48.1266720" lon="17.1195550">
    <ele>137.5</ele>
    <time>2025-09-30T17:43:00Z</time>
   </trkpt>
   <trkpt lat="48.1266740" lon="17.1195670">
    <ele>137.5</ele>
    <time>2025-09-30T17:43:01Z</time>
   </trkpt>
   <trkpt lat="48.1266740" lon="17.1195700">
    <ele>137.5</ele>
    <time>2025-09-30T17:43:02Z</time>
   </trkpt>
   <trkpt lat="48.1266750" lon="17.1195720">
    <ele>137.5</ele>
    <time>2025-09-30T17:43:03Z</time>
   </trkpt>
   <trkpt lat="48.1266810" lon="17.1195760">
    <ele>137.5</ele>
    <time>2025-09-30T17:43:04Z</time>
   </trkpt>
   <trkpt lat="48.1266850" lon="17.1195780">
    <ele>137.5</ele>
    <time>2025-09-30T17:43:05Z</time>
   </trkpt>
   <trkpt lat="48.1266880" lon="17.1195800">
    <ele>137.5</ele>
    <time>2025-09-30T17:43:06Z</time>
   </trkpt>
   <trkpt lat="48.1266920" lon="17.1195820">
    <ele>137.5</ele>
    <time>2025-09-30T17:43:07Z</time>
   </trkpt>
   <trkpt lat="48.1266960" lon="17.1195830">
    <ele>137.5</ele>
    <time>2025-09-30T17:43:08Z</time>
   </trkpt>
   <trkpt lat="48.1267000" lon="17.1195850">
    <ele>137.5</ele>
    <time>2025-09-30T17:43:09Z</time>
   </trkpt>
   <trkpt lat="48.1267030" lon="17.1195870">
    <ele>137.5</ele>
    <time>2025-09-30T17:43:10Z</time>
   </trkpt>
   <trkpt lat="48.1267070" lon="17.1195890">
    <ele>137.5</ele>
    <time>2025-09-30T17:43:11Z</time>
   </trkpt>
   <trkpt lat="48.1267110" lon="17.1195910">
    <ele>137.5</ele>
    <time>2025-09-30T17:43:12Z</time>
   </trkpt>
   <trkpt lat="48.1267160" lon="17.1195900">
    <ele>137.5</ele>
    <time>2025-09-30T17:43:13Z</time>
   </trkpt>
   <trkpt lat="48.1267160" lon="17.1195900">
    <ele>137.5</ele>
    <time>2025-09-30T17:43:14Z</time>
   </trkpt>
   <trkpt lat="48.1267160" lon="17.1195900">
    <ele>137.5</ele>
    <time>2025-09-30T17:43:15Z</time>
   </trkpt>
   <trkpt lat="48.1267160" lon="17.1195900">
    <ele>137.5</ele>
    <time>2025-09-30T17:43:16Z</time>
   </trkpt>
   <trkpt lat="48.1267160" lon="17.1195900">
    <ele>137.5</ele>
    <time>2025-09-30T17:43:17Z</time>
   </trkpt>
   <trkpt lat="48.1267160" lon="17.1195900">
    <ele>137.5</ele>
    <time>2025-09-30T17:43:18Z</time>
   </trkpt>
   <trkpt lat="48.1267160" lon="17.1195900">
    <ele>137.5</ele>
    <time>2025-09-30T17:43:19Z</time>
   </trkpt>
   <trkpt lat="48.1267160" lon="17.1195900">
    <ele>137.5</ele>
    <time>2025-09-30T17:43:20Z</time>
   </trkpt>
   <trkpt lat="48.1267160" lon="17.1195900">
    <ele>137.5</ele>
    <time>2025-09-30T17:43:21Z</time>
   </trkpt>
   <trkpt lat="48.1267160" lon="17.1195900">
    <ele>137.5</ele>
    <time>2025-09-30T17:43:22Z</time>
   </trkpt>
   <trkpt lat="48.1267160" lon="17.1195900">
    <ele>137.5</ele>
    <time>2025-09-30T17:43:23Z</time>
   </trkpt>
   <trkpt lat="48.1267160" lon="17.1195900">
    <ele>137.5</ele>
    <time>2025-09-30T17:43:24Z</time>
   </trkpt>
   <trkpt lat="48.1267160" lon="17.1195900">
    <ele>137.5</ele>
    <time>2025-09-30T17:43:25Z</time>
   </trkpt>
   <trkpt lat="48.1267160" lon="17.1195900">
    <ele>137.5</ele>
    <time>2025-09-30T17:43:26Z</time>
   </trkpt>
   <trkpt lat="48.1267160" lon="17.1195900">
    <ele>137.5</ele>
    <time>2025-09-30T17:43:27Z</time>
   </trkpt>
   <trkpt lat="48.1267160" lon="17.1195900">
    <ele>137.5</ele>
    <time>2025-09-30T17:43:28Z</time>
   </trkpt>
   <trkpt lat="48.1267160" lon="17.1195900">
    <ele>137.5</ele>
    <time>2025-09-30T17:43:29Z</time>
   </trkpt>
   <trkpt lat="48.1267160" lon="17.1195900">
    <ele>137.5</ele>
    <time>2025-09-30T17:43:30Z</time>
   </trkpt>
   <trkpt lat="48.1267160" lon="17.1195900">
    <ele>137.5</ele>
    <time>2025-09-30T17:43:31Z</time>
   </trkpt>
   <trkpt lat="48.1267160" lon="17.1195900">
    <ele>137.5</ele>
    <time>2025-09-30T17:43:32Z</time>
   </trkpt>
   <trkpt lat="48.1267160" lon="17.1195900">
    <ele>137.5</ele>
    <time>2025-09-30T17:43:33Z</time>
   </trkpt>
   <trkpt lat="48.1267160" lon="17.1195900">
    <ele>137.5</ele>
    <time>2025-09-30T17:43:34Z</time>
   </trkpt>
   <trkpt lat="48.1267160" lon="17.1195900">
    <ele>137.5</ele>
    <time>2025-09-30T17:43:35Z</time>
   </trkpt>
   <trkpt lat="48.1267160" lon="17.1195900">
    <ele>137.5</ele>
    <time>2025-09-30T17:43:36Z</time>
   </trkpt>
   <trkpt lat="48.1267160" lon="17.1195900">
    <ele>137.5</ele>
    <time>2025-09-30T17:43:37Z</time>
   </trkpt>
   <trkpt lat="48.1267160" lon="17.1195900">
    <ele>137.5</ele>
    <time>2025-09-30T17:43:38Z</time>
   </trkpt>
   <trkpt lat="48.1267160" lon="17.1195900">
    <ele>137.5</ele>
    <time>2025-09-30T17:43:39Z</time>
   </trkpt>
   <trkpt lat="48.1267360" lon="17.1196150">
    <ele>137.5</ele>
    <time>2025-09-30T17:43:40Z</time>
   </trkpt>
   <trkpt lat="48.1267440" lon="17.1196260">
    <ele>137.5</ele>
    <time>2025-09-30T17:43:41Z</time>
   </trkpt>
   <trkpt lat="48.1267520" lon="17.1196300">
    <ele>137.5</ele>
    <time>2025-09-30T17:43:42Z</time>
   </trkpt>
   <trkpt lat="48.1267580" lon="17.1196320">
    <ele>137.6</ele>
    <time>2025-09-30T17:43:43Z</time>
   </trkpt>
   <trkpt lat="48.1267590" lon="17.1196330">
    <ele>137.6</ele>
    <time>2025-09-30T17:43:44Z</time>
   </trkpt>
   <trkpt lat="48.1267600" lon="17.1196400">
    <ele>137.6</ele>
    <time>2025-09-30T17:43:45Z</time>
   </trkpt>
   <trkpt lat="48.1267600" lon="17.1196370">
    <ele>137.6</ele>
    <time>2025-09-30T17:43:46Z</time>
   </trkpt>
   <trkpt lat="48.1267570" lon="17.1196390">
    <ele>137.6</ele>
    <time>2025-09-30T17:43:47Z</time>
   </trkpt>
   <trkpt lat="48.1267540" lon="17.1196370">
    <ele>137.6</ele>
    <time>2025-09-30T17:43:48Z</time>
   </trkpt>
   <trkpt lat="48.1267550" lon="17.1196380">
    <ele>137.6</ele>
    <time>2025-09-30T17:43:49Z</time>
   </trkpt>
   <trkpt lat="48.1267560" lon="17.1196380">
    <ele>137.6</ele>
    <time>2025-09-30T17:43:50Z</time>
   </trkpt>
   <trkpt lat="48.1267550" lon="17.1196420">
    <ele>137.6</ele>
    <time>2025-09-30T17:43:51Z</time>
   </trkpt>
   <trkpt lat="48.1267540" lon="17.1196450">
    <ele>137.6</ele>
    <time>2025-09-30T17:43:52Z</time>
   </trkpt>
   <trkpt lat="48.1267540" lon="17.1196490">
    <ele>137.6</ele>
    <time>2025-09-30T17:43:53Z</time>
   </trkpt>
   <trkpt lat="48.1267540" lon="17.1196490">
    <ele>137.6</ele>
    <time>2025-09-30T17:43:54Z</time>
   </trkpt>
   <trkpt lat="48.1267510" lon="17.1196470">
    <ele>137.6</ele>
    <time>2025-09-30T17:43:55Z</time>
   </trkpt>
   <trkpt lat="48.1267500" lon="17.1196450">
    <ele>137.6</ele>
    <time>2025-09-30T17:43:56Z</time>
   </trkpt>
   <trkpt lat="48.1267500" lon="17.1196450">
    <ele>137.6</ele>
    <time>2025-09-30T17:43:57Z</time>
   </trkpt>
   <trkpt lat="48.1267500" lon="17.1196460">
    <ele>137.6</ele>
    <time>2025-09-30T17:43:58Z</time>
   </trkpt>
   <trkpt lat="48.1267510" lon="17.1196470">
    <ele>137.6</ele>
    <time>2025-09-30T17:43:59Z</time>
   </trkpt>
   <trkpt lat="48.1267490" lon="17.1196470">
    <ele>137.6</ele>
    <time>2025-09-30T17:44:00Z</time>
   </trkpt>
   <trkpt lat="48.1267480" lon="17.1196490">
    <ele>137.6</ele>
    <time>2025-09-30T17:44:01Z</time>
   </trkpt>
   <trkpt lat="48.1267480" lon="17.1196490">
    <ele>137.6</ele>
    <time>2025-09-30T17:44:02Z</time>
   </trkpt>
   <trkpt lat="48.1267530" lon="17.1196540">
    <ele>137.6</ele>
    <time>2025-09-30T17:44:03Z</time>
   </trkpt>
   <trkpt lat="48.1267540" lon="17.1196600">
    <ele>137.6</ele>
    <time>2025-09-30T17:44:04Z</time>
   </trkpt>
   <trkpt lat="48.1267540" lon="17.1196690">
    <ele>137.6</ele>
    <time>2025-09-30T17:44:05Z</time>
   </trkpt>
   <trkpt lat="48.1267590" lon="17.1196820">
    <ele>137.6</ele>
    <time>2025-09-30T17:44:06Z</time>
   </trkpt>
   <trkpt lat="48.1267620" lon="17.1196960">
    <ele>137.6</ele>
    <time>2025-09-30T17:44:07Z</time>
   </trkpt>
   <trkpt lat="48.1267620" lon="17.1197100">
    <ele>137.6</ele>
    <time>2025-09-30T17:44:08Z</time>
   </trkpt>
   <trkpt lat="48.1267540" lon="17.1197230">
    <ele>137.6</ele>
    <time>2025-09-30T17:44:09Z</time>
   </trkpt>
   <trkpt lat="48.1267420" lon="17.1197320">
    <ele>137.6</ele>
    <time>2025-09-30T17:44:10Z</time>
   </trkpt>
   <trkpt lat="48.1267300" lon="17.1197440">
    <ele>137.6</ele>
    <time>2025-09-30T17:44:11Z</time>
   </trkpt>
   <trkpt lat="48.1267190" lon="17.1197590">
    <ele>137.6</ele>
    <time>2025-09-30T17:44:12Z</time>
   </trkpt>
   <trkpt lat="48.1267160" lon="17.1197730">
    <ele>137.6</ele>
    <time>2025-09-30T17:44:13Z</time>
   </trkpt>
   <trkpt lat="48.1267140" lon="17.1197890">
    <ele>137.7</ele>
    <time>2025-09-30T17:44:14Z</time>
   </trkpt>
   <trkpt lat="48.1267120" lon="17.1198070">
    <ele>137.7</ele>
    <time>2025-09-30T17:44:15Z</time>
   </trkpt>
   <trkpt lat="48.1267110" lon="17.1198240">
    <ele>137.7</ele>
    <time>2025-09-30T17:44:16Z</time>
   </trkpt>
   <trkpt lat="48.1267090" lon="17.1198380">
    <ele>137.7</ele>
    <time>2025-09-30T17:44:17Z</time>
   </trkpt>
   <trkpt lat="48.1267040" lon="17.1198510">
    <ele>137.7</ele>
    <time>2025-09-30T17:44:18Z</time>
   </trkpt>
   <trkpt lat="48.1266990" lon="17.1198650">
    <ele>137.7</ele>
    <time>2025-09-30T17:44:19Z</time>
   </trkpt>
   <trkpt lat="48.1266910" lon="17.1198770">
    <ele>137.7</ele>
    <time>2025-09-30T17:44:20Z</time>
   </trkpt>
   <trkpt lat="48.1266870" lon="17.1198900">
    <ele>137.7</ele>
    <time>2025-09-30T17:44:21Z</time>
   </trkpt>
   <trkpt lat="48.1266840" lon="17.1199040">
    <ele>137.7</ele>
    <time>2025-09-30T17:44:22Z</time>
   </trkpt>
   <trkpt lat="48.1266820" lon="17.1199200">
    <ele>137.7</ele>
    <time>2025-09-30T17:44:23Z</time>
   </trkpt>
   <trkpt lat="48.1266800" lon="17.1199350">
    <ele>137.7</ele>
    <time>2025-09-30T17:44:24Z</time>
   </trkpt>
   <trkpt lat="48.1266810" lon="17.1199340">
    <ele>137.7</ele>
    <time>2025-09-30T17:44:25Z</time>
   </trkpt>
   <trkpt lat="48.1266820" lon="17.1199340">
    <ele>137.7</ele>
    <time>2025-09-30T17:44:26Z</time>
   </trkpt>
   <trkpt lat="48.1266830" lon="17.1199330">
    <ele>137.7</ele>
    <time>2025-09-30T17:44:27Z</time>
   </trkpt>
   <trkpt lat="48.1266830" lon="17.1199320">
    <ele>137.7</ele>
    <time>2025-09-30T17:44:28Z</time>
   </trkpt>
   <trkpt lat="48.1266840" lon="17.1199310">
    <ele>137.7</ele>
    <time>2025-09-30T17:44:29Z</time>
   </trkpt>
   <trkpt lat="48.1266850" lon="17.1199300">
    <ele>137.7</ele>
    <time>2025-09-30T17:44:30Z</time>
   </trkpt>
   <trkpt lat="48.1266860" lon="17.1199300">
    <ele>137.7</ele>
    <time>2025-09-30T17:44:31Z</time>
   </trkpt>
   <trkpt lat="48.1266870" lon="17.1199290">
    <ele>137.7</ele>
    <time>2025-09-30T17:44:32Z</time>
   </trkpt>
   <trkpt lat="48.1266880" lon="17.1199280">
    <ele>137.7</ele>
    <time>2025-09-30T17:44:33Z</time>
   </trkpt>
   <trkpt lat="48.1266890" lon="17.1199270">
    <ele>137.7</ele>
    <time>2025-09-30T17:44:34Z</time>
   </trkpt>
   <trkpt lat="48.1266900" lon="17.1199260">
    <ele>137.7</ele>
    <time>2025-09-30T17:44:35Z</time>
   </trkpt>
   <trkpt lat="48.1266900" lon="17.1199260">
    <ele>137.7</ele>
    <time>2025-09-30T17:44:36Z</time>
   </trkpt>
   <trkpt lat="48.1266910" lon="17.1199250">
    <ele>137.7</ele>
    <time>2025-09-30T17:44:37Z</time>
   </trkpt>
   <trkpt lat="48.1266920" lon="17.1199240">
    <ele>137.7</ele>
    <time>2025-09-30T17:44:38Z</time>
   </trkpt>
   <trkpt lat="48.1266930" lon="17.1199230">
    <ele>137.7</ele>
    <time>2025-09-30T17:44:39Z</time>
   </trkpt>
   <trkpt lat="48.1266940" lon="17.1199220">
    <ele>137.7</ele>
    <time>2025-09-30T17:44:40Z</time>
   </trkpt>
   <trkpt lat="48.1266950" lon="17.1199220">
    <ele>137.7</ele>
    <time>2025-09-30T17:44:41Z</time>
   </trkpt>
   <trkpt lat="48.1266960" lon="17.1199210">
    <ele>137.7</ele>
    <time>2025-09-30T17:44:42Z</time>
   </trkpt>
   <trkpt lat="48.1266970" lon="17.1199200">
    <ele>137.7</ele>
    <time>2025-09-30T17:44:43Z</time>
   </trkpt>
   <trkpt lat="48.1266970" lon="17.1199190">
    <ele>137.7</ele>
    <time>2025-09-30T17:44:44Z</time>
   </trkpt>
   <trkpt lat="48.1266980" lon="17.1199180">
    <ele>137.7</ele>
    <time>2025-09-30T17:44:45Z</time>
   </trkpt>
   <trkpt lat="48.1266990" lon="17.1199180">
    <ele>137.7</ele>
    <time>2025-09-30T17:44:46Z</time>
   </trkpt>
   <trkpt lat="48.1267000" lon="17.1199170">
    <ele>137.7</ele>
    <time>2025-09-30T17:44:47Z</time>
   </trkpt>
   <trkpt lat="48.1267010" lon="17.1199160">
    <ele>137.7</ele>
    <time>2025-09-30T17:44:48Z</time>
   </trkpt>
   <trkpt lat="48.1267020" lon="17.1199150">
    <ele>137.7</ele>
    <time>2025-09-30T17:44:49Z</time>
   </trkpt>
   <trkpt lat="48.1267030" lon="17.1199140">
    <ele>137.7</ele>
    <time>2025-09-30T17:44:50Z</time>
   </trkpt>
   <trkpt lat="48.1267040" lon="17.1199140">
    <ele>137.7</ele>
    <time>2025-09-30T17:44:51Z</time>
   </trkpt>
   <trkpt lat="48.1267050" lon="17.1199130">
    <ele>137.7</ele>
    <time>2025-09-30T17:44:52Z</time>
   </trkpt>
   <trkpt lat="48.1267050" lon="17.1199120">
    <ele>137.7</ele>
    <time>2025-09-30T17:44:53Z</time>
   </trkpt>
   <trkpt lat="48.1267060" lon="17.1199110">
    <ele>137.7</ele>
    <time>2025-09-30T17:44:54Z</time>
   </trkpt>
   <trkpt lat="48.1267070" lon="17.1199100">
    <ele>137.7</ele>
    <time>2025-09-30T17:44:55Z</time>
   </trkpt>
   <trkpt lat="48.1267080" lon="17.1199100">
    <ele>137.7</ele>
    <time>2025-09-30T17:44:56Z</time>
   </trkpt>
   <trkpt lat="48.1267090" lon="17.1199090">
    <ele>137.7</ele>
    <time>2025-09-30T17:44:57Z</time>
   </trkpt>
   <trkpt lat="48.1267100" lon="17.1199080">
    <ele>137.7</ele>
    <time>2025-09-30T17:44:58Z</time>
   </trkpt>
   <trkpt lat="48.1267110" lon="17.1199070">
    <ele>137.7</ele>
    <time>2025-09-30T17:44:59Z</time>
   </trkpt>
   <trkpt lat="48.1267120" lon="17.1199060">
    <ele>137.7</ele>
    <time>2025-09-30T17:45:00Z</time>
   </trkpt>
   <trkpt lat="48.1267120" lon="17.1199060">
    <ele>137.7</ele>
    <time>2025-09-30T17:45:01Z</time>
   </trkpt>
   <trkpt lat="48.1267130" lon="17.1199050">
    <ele>137.7</ele>
    <time>2025-09-30T17:45:02Z</time>
   </trkpt>
   <trkpt lat="48.1267140" lon="17.1199040">
    <ele>137.7</ele>
    <time>2025-09-30T17:45:03Z</time>
   </trkpt>
   <trkpt lat="48.1267150" lon="17.1199030">
    <ele>137.7</ele>
    <time>2025-09-30T17:45:04Z</time>
   </trkpt>
   <trkpt lat="48.1267160" lon="17.1199020">
    <ele>137.7</ele>
    <time>2025-09-30T17:45:05Z</time>
   </trkpt>
   <trkpt lat="48.1267170" lon="17.1199020">
    <ele>137.7</ele>
    <time>2025-09-30T17:45:06Z</time>
   </trkpt>
   <trkpt lat="48.1267180" lon="17.1199010">
    <ele>137.7</ele>
    <time>2025-09-30T17:45:07Z</time>
   </trkpt>
   <trkpt lat="48.1267190" lon="17.1199000">
    <ele>137.7</ele>
    <time>2025-09-30T17:45:08Z</time>
   </trkpt>
   <trkpt lat="48.1267190" lon="17.1198990">
    <ele>137.7</ele>
    <time>2025-09-30T17:45:09Z</time>
   </trkpt>
   <trkpt lat="48.1267200" lon="17.1198980">
    <ele>137.7</ele>
    <time>2025-09-30T17:45:10Z</time>
   </trkpt>
   <trkpt lat="48.1267210" lon="17.1198980">
    <ele>137.7</ele>
    <time>2025-09-30T17:45:11Z</time>
   </trkpt>
   <trkpt lat="48.1267220" lon="17.1198970">
    <ele>137.7</ele>
    <time>2025-09-30T17:45:12Z</time>
   </trkpt>
   <trkpt lat="48.1267230" lon="17.1198960">
    <ele>137.7</ele>
    <time>2025-09-30T17:45:13Z</time>
   </trkpt>
   <trkpt lat="48.1267060" lon="17.1198960">
    <ele>137.7</ele>
    <time>2025-09-30T17:45:14Z</time>
   </trkpt>
   <trkpt lat="48.1266980" lon="17.1198980">
    <ele>137.7</ele>
    <time>2025-09-30T17:45:15Z</time>
   </trkpt>
   <trkpt lat="48.1266960" lon="17.1198980">
    <ele>137.7</ele>
    <time>2025-09-30T17:45:16Z</time>
   </trkpt>
   <trkpt lat="48.1267000" lon="17.1199030">
    <ele>137.7</ele>
    <time>2025-09-30T17:45:17Z</time>
   </trkpt>
   <trkpt lat="48.1266990" lon="17.1199080">
    <ele>137.7</ele>
    <time>2025-09-30T17:45:18Z</time>
   </trkpt>
   <trkpt lat="48.1266970" lon="17.1199160">
    <ele>137.7</ele>
    <time>2025-09-30T17:45:19Z</time>
   </trkpt>
   <trkpt lat="48.1266960" lon="17.1199270">
    <ele>137.7</ele>
    <time>2025-09-30T17:45:20Z</time>
   </trkpt>
   <trkpt lat="48.1266910" lon="17.1199380">
    <ele>137.7</ele>
    <time>2025-09-30T17:45:21Z</time>
   </trkpt>
   <trkpt lat="48.1266860" lon="17.1199540">
    <ele>137.7</ele>
    <time>2025-09-30T17:45:22Z</time>
   </trkpt>
   <trkpt lat="48.1266800" lon="17.1199650">
    <ele>137.7</ele>
    <time>2025-09-30T17:45:23Z</time>
   </trkpt>
   <trkpt lat="48.1266780" lon="17.1199780">
    <ele>137.7</ele>
    <time>2025-09-30T17:45:24Z</time>
   </trkpt>
   <trkpt lat="48.1266730" lon="17.1199890">
    <ele>137.7</ele>
    <time>2025-09-30T17:45:25Z</time>
   </trkpt>
   <trkpt lat="48.1266830" lon="17.1200010">
    <ele>137.7</ele>
    <time>2025-09-30T17:45:26Z</time>
   </trkpt>
   <trkpt lat="48.1266870" lon="17.1200090">
    <ele>137.7</ele>
    <time>2025-09-30T17:45:27Z</time>
   </trkpt>
   <trkpt lat="48.1266850" lon="17.1200130">
    <ele>137.7</ele>
    <time>2025-09-30T17:45:28Z</time>
   </trkpt>
   <trkpt lat="48.1266840" lon="17.1200240">
    <ele>137.7</ele>
    <time>2025-09-30T17:45:29Z</time>
   </trkpt>
   <trkpt lat="48.1266810" lon="17.1200390">
    <ele>137.7</ele>
    <time>2025-09-30T17:45:30Z</time>
   </trkpt>
   <trkpt lat="48.1266780" lon="17.1200520">
    <ele>137.7</ele>
    <time>2025-09-30T17:45:31Z</time>
   </trkpt>
   <trkpt lat="48.1266770" lon="17.1200670">
    <ele>137.7</ele>
    <time>2025-09-30T17:45:32Z</time>
   </trkpt>
   <trkpt lat="48.1266750" lon="17.1200820">
    <ele>137.7</ele>
    <time>2025-09-30T17:45:33Z</time>
   </trkpt>
   <trkpt lat="48.1266730" lon="17.1200970">
    <ele>137.7</ele>
    <time>2025-09-30T17:45:34Z</time>
   </trkpt>
   <trkpt lat="48.1266720" lon="17.1201110">
    <ele>137.7</ele>
    <time>2025-09-30T17:45:35Z</time>
   </trkpt>
   <trkpt lat="48.1266710" lon="17.1201250">
    <ele>137.7</ele>
    <time>2025-09-30T17:45:36Z</time>
   </trkpt>
   <trkpt lat="48.1266690" lon="17.1201380">
    <ele>137.7</ele>
    <time>2025-09-30T17:45:37Z</time>
   </trkpt>
   <trkpt lat="48.1266670" lon="17.1201550">
    <ele>137.7</ele>
    <time>2025-09-30T17:45:38Z</time>
   </trkpt>
   <trkpt lat="48.1266650" lon="17.1201710">
    <ele>137.7</ele>
    <time>2025-09-30T17:45:39Z</time>
   </trkpt>
   <trkpt lat="48.1266610" lon="17.1201930">
    <ele>137.7</ele>
    <time>2025-09-30T17:45:40Z</time>
   </trkpt>
   <trkpt lat="48.1266580" lon="17.1202030">
    <ele>137.7</ele>
    <time>2025-09-30T17:45:41Z</time>
   </trkpt>
   <trkpt lat="48.1266560" lon="17.1202180">
    <ele>137.7</ele>
    <time>2025-09-30T17:45:42Z</time>
   </trkpt>
   <trkpt lat="48.1266530" lon="17.1202290">
    <ele>137.7</ele>
    <time>2025-09-30T17:45:43Z</time>
   </trkpt>
   <trkpt lat="48.1266500" lon="17.1202320">
    <ele>137.7</ele>
    <time>2025-09-30T17:45:44Z</time>
   </trkpt>
   <trkpt lat="48.1266460" lon="17.1202340">
    <ele>137.7</ele>
    <time>2025-09-30T17:45:45Z</time>
   </trkpt>
   <trkpt lat="48.1266430" lon="17.1202370">
    <ele>137.7</ele>
    <time>2025-09-30T17:45:46Z</time>
   </trkpt>
   <trkpt lat="48.1266390" lon="17.1202390">
    <ele>137.7</ele>
    <time>2025-09-30T17:45:47Z</time>
   </trkpt>
   <trkpt lat="48.1266350" lon="17.1202410">
    <ele>137.7</ele>
    <time>2025-09-30T17:45:48Z</time>
   </trkpt>
   <trkpt lat="48.1266320" lon="17.1202440">
    <ele>137.7</ele>
    <time>2025-09-30T17:45:50Z</time>
   </trkpt>
   <trkpt lat="48.1266280" lon="17.1202460">
    <ele>137.7</ele>
    <time>2025-09-30T17:45:51Z</time>
   </trkpt>
   <trkpt lat="48.1266250" lon="17.1202490">
    <ele>137.7</ele>
    <time>2025-09-30T17:45:52Z</time>
   </trkpt>
   <trkpt lat="48.1266210" lon="17.1202510">
    <ele>137.7</ele>
    <time>2025-09-30T17:45:53Z</time>
   </trkpt>
   <trkpt lat="48.1266250" lon="17.1202670">
    <ele>137.7</ele>
    <time>2025-09-30T17:45:54Z</time>
   </trkpt>
   <trkpt lat="48.1266330" lon="17.1202780">
    <ele>137.7</ele>
    <time>2025-09-30T17:45:55Z</time>
   </trkpt>
   <trkpt lat="48.1266400" lon="17.1202880">
    <ele>137.7</ele>
    <time>2025-09-30T17:45:56Z</time>
   </trkpt>
   <trkpt lat="48.1266480" lon="17.1202990">
    <ele>137.7</ele>
    <time>2025-09-30T17:45:57Z</time>
   </trkpt>
   <trkpt lat="48.1266530" lon="17.1203030">
    <ele>137.7</ele>
    <time>2025-09-30T17:45:58Z</time>
   </trkpt>
   <trkpt lat="48.1266580" lon="17.1203000">
    <ele>137.7</ele>
    <time>2025-09-30T17:45:59Z</time>
   </trkpt>
   <trkpt lat="48.1266610" lon="17.1202980">
    <ele>137.7</ele>
    <time>2025-09-30T17:46:00Z</time>
   </trkpt>
   <trkpt lat="48.1266620" lon="17.1202960">
    <ele>137.7</ele>
    <time>2025-09-30T17:46:01Z</time>
   </trkpt>
   <trkpt lat="48.1266630" lon="17.1202950">
    <ele>137.7</ele>
    <time>2025-09-30T17:46:02Z</time>
   </trkpt>
   <trkpt lat="48.1266650" lon="17.1202930">
    <ele>137.7</ele>
    <time>2025-09-30T17:46:03Z</time>
   </trkpt>
   <trkpt lat="48.1266680" lon="17.1202910">
    <ele>137.7</ele>
    <time>2025-09-30T17:46:04Z</time>
   </trkpt>
   <trkpt lat="48.1266700" lon="17.1202900">
    <ele>137.8</ele>
    <time>2025-09-30T17:46:05Z</time>
   </trkpt>
   <trkpt lat="48.1266720" lon="17.1202890">
    <ele>137.8</ele>
    <time>2025-09-30T17:46:06Z</time>
   </trkpt>
   <trkpt lat="48.1266770" lon="17.1202870">
    <ele>137.8</ele>
    <time>2025-09-30T17:46:07Z</time>
   </trkpt>
   <trkpt lat="48.1266770" lon="17.1202920">
    <ele>137.8</ele>
    <time>2025-09-30T17:46:08Z</time>
   </trkpt>
   <trkpt lat="48.1266810" lon="17.1202910">
    <ele>137.8</ele>
    <time>2025-09-30T17:46:09Z</time>
   </trkpt>
   <trkpt lat="48.1266830" lon="17.1202910">
    <ele>137.8</ele>
    <time>2025-09-30T17:46:10Z</time>
   </trkpt>
   <trkpt lat="48.1266850" lon="17.1202930">
    <ele>137.8</ele>
    <time>2025-09-30T17:46:11Z</time>
   </trkpt>
   <trkpt lat="48.1266860" lon="17.1202970">
    <ele>137.8</ele>
    <time>2025-09-30T17:46:12Z</time>
   </trkpt>
   <trkpt lat="48.1266870" lon="17.1203030">
    <ele>137.8</ele>
    <time>2025-09-30T17:46:13Z</time>
   </trkpt>
   <trkpt lat="48.1266880" lon="17.1203090">
    <ele>137.8</ele>
    <time>2025-09-30T17:46:14Z</time>
   </trkpt>
   <trkpt lat="48.1266890" lon="17.1203130">
    <ele>137.8</ele>
    <time>2025-09-30T17:46:15Z</time>
   </trkpt>
   <trkpt lat="48.1266910" lon="17.1203190">
    <ele>137.8</ele>
    <time>2025-09-30T17:46:16Z</time>
   </trkpt>
   <trkpt lat="48.1266940" lon="17.1203270">
    <ele>137.8</ele>
    <time>2025-09-30T17:46:17Z</time>
   </trkpt>
   <trkpt lat="48.1266970" lon="17.1203330">
    <ele>137.8</ele>
    <time>2025-09-30T17:46:18Z</time>
   </trkpt>
   <trkpt lat="48.1266990" lon="17.1203350">
    <ele>137.8</ele>
    <time>2025-09-30T17:46:19Z</time>
   </trkpt>
   <trkpt lat="48.1267010" lon="17.1203370">
    <ele>137.8</ele>
    <time>2025-09-30T17:46:20Z</time>
   </trkpt>
   <trkpt lat="48.1267030" lon="17.1203380">
    <ele>137.8</ele>
    <time>2025-09-30T17:46:21Z</time>
   </trkpt>
   <trkpt lat="48.1267050" lon="17.1203400">
    <ele>137.8</ele>
    <time>2025-09-30T17:46:22Z</time>
   </trkpt>
   <trkpt lat="48.1267070" lon="17.1203420">
    <ele>137.8</ele>
    <time>2025-09-30T17:46:23Z</time>
   </trkpt>
   <trkpt lat="48.1267090" lon="17.1203440">
    <ele>137.8</ele>
    <time>2025-09-30T17:46:24Z</time>
   </trkpt>
   <trkpt lat="48.1267100" lon="17.1203460">
    <ele>137.8</ele>
    <time>2025-09-30T17:46:25Z</time>
   </trkpt>
   <trkpt lat="48.1267120" lon="17.1203480">
    <ele>137.8</ele>
    <time>2025-09-30T17:46:26Z</time>
   </trkpt>
   <trkpt lat="48.1267140" lon="17.1203500">
    <ele>137.8</ele>
    <time>2025-09-30T17:46:27Z</time>
   </trkpt>
   <trkpt lat="48.1267160" lon="17.1203520">
    <ele>137.8</ele>
    <time>2025-09-30T17:46:28Z</time>
   </trkpt>
   <trkpt lat="48.1267180" lon="17.1203530">
    <ele>137.8</ele>
    <time>2025-09-30T17:46:29Z</time>
   </trkpt>
   <trkpt lat="48.1267200" lon="17.1203550">
    <ele>137.8</ele>
    <time>2025-09-30T17:46:30Z</time>
   </trkpt>
   <trkpt lat="48.1267220" lon="17.1203570">
    <ele>137.8</ele>
    <time>2025-09-30T17:46:31Z</time>
   </trkpt>
   <trkpt lat="48.1267240" lon="17.1203590">
    <ele>137.8</ele>
    <time>2025-09-30T17:46:32Z</time>
   </trkpt>
   <trkpt lat="48.1267290" lon="17.1203590">
    <ele>137.8</ele>
    <time>2025-09-30T17:46:33Z</time>
   </trkpt>
   <trkpt lat="48.1267310" lon="17.1203590">
    <ele>137.8</ele>
    <time>2025-09-30T17:46:34Z</time>
   </trkpt>
   <trkpt lat="48.1267310" lon="17.1203590">
    <ele>137.8</ele>
    <time>2025-09-30T17:46:35Z</time>
   </trkpt>
   <trkpt lat="48.1267310" lon="17.1203590">
    <ele>137.8</ele>
    <time>2025-09-30T17:46:36Z</time>
   </trkpt>
   <trkpt lat="48.1267310" lon="17.1203590">
    <ele>137.8</ele>
    <time>2025-09-30T17:46:37Z</time>
   </trkpt>
   <trkpt lat="48.1267310" lon="17.1203590">
    <ele>137.8</ele>
    <time>2025-09-30T17:46:38Z</time>
   </trkpt>
   <trkpt lat="48.1267310" lon="17.1203590">
    <ele>137.8</ele>
    <time>2025-09-30T17:46:39Z</time>
   </trkpt>
   <trkpt lat="48.1267310" lon="17.1203590">
    <ele>137.8</ele>
    <time>2025-09-30T17:46:40Z</time>
   </trkpt>
   <trkpt lat="48.1267310" lon="17.1203590">
    <ele>137.8</ele>
    <time>2025-09-30T17:46:41Z</time>
   </trkpt>
   <trkpt lat="48.1267310" lon="17.1203640">
    <ele>137.8</ele>
    <time>2025-09-30T17:46:42Z</time>
   </trkpt>
   <trkpt lat="48.1267260" lon="17.1203740">
    <ele>137.8</ele>
    <time>2025-09-30T17:46:43Z</time>
   </trkpt>
   <trkpt lat="48.1267200" lon="17.1203810">
    <ele>137.8</ele>
    <time>2025-09-30T17:46:44Z</time>
   </trkpt>
   <trkpt lat="48.1267100" lon="17.1203820">
    <ele>137.8</ele>
    <time>2025-09-30T17:46:45Z</time>
   </trkpt>
   <trkpt lat="48.1267000" lon="17.1203760">
    <ele>137.8</ele>
    <time>2025-09-30T17:46:46Z</time>
   </trkpt>
   <trkpt lat="48.1266930" lon="17.1203680">
    <ele>137.8</ele>
    <time>2025-09-30T17:46:47Z</time>
   </trkpt>
   <trkpt lat="48.1266880" lon="17.1203550">
    <ele>137.8</ele>
    <time>2025-09-30T17:46:48Z</time>
   </trkpt>
   <trkpt lat="48.1266870" lon="17.1203480">
    <ele>137.8</ele>
    <time>2025-09-30T17:46:49Z</time>
   </trkpt>
   <trkpt lat="48.1266800" lon="17.1203440">
    <ele>137.8</ele>
    <time>2025-09-30T17:46:50Z</time>
   </trkpt>
   <trkpt lat="48.1266810" lon="17.1203400">
    <ele>137.8</ele>
    <time>2025-09-30T17:46:51Z</time>
   </trkpt>
   <trkpt lat="48.1266800" lon="17.1203390">
    <ele>137.8</ele>
    <time>2025-09-30T17:46:52Z</time>
   </trkpt>
   <trkpt lat="48.1266810" lon="17.1203380">
    <ele>137.8</ele>
    <time>2025-09-30T17:46:53Z</time>
   </trkpt>
   <trkpt lat="48.1266810" lon="17.1203390">
    <ele>137.8</ele>
    <time>2025-09-30T17:46:54Z</time>
   </trkpt>
   <trkpt lat="48.1266810" lon="17.1203400">
    <ele>137.8</ele>
    <time>2025-09-30T17:46:55Z</time>
   </trkpt>
   <trkpt lat="48.1266800" lon="17.1203390">
    <ele>137.8</ele>
    <time>2025-09-30T17:46:56Z</time>
   </trkpt>
   <trkpt lat="48.1266770" lon="17.1203390">
    <ele>137.8</ele>
    <time>2025-09-30T17:46:57Z</time>
   </trkpt>
   <trkpt lat="48.1266770" lon="17.1203380">
    <ele>137.8</ele>
    <time>2025-09-30T17:46:58Z</time>
   </trkpt>
   <trkpt lat="48.1266770" lon="17.1203350">
    <ele>137.8</ele>
    <time>2025-09-30T17:46:59Z</time>
   </trkpt>
   <trkpt lat="48.1266780" lon="17.1203340">
    <ele>137.8</ele>
    <time>2025-09-30T17:47:00Z</time>
   </trkpt>
   <trkpt lat="48.1266790" lon="17.1203330">
    <ele>137.8</ele>
    <time>2025-09-30T17:47:01Z</time>
   </trkpt>
   <trkpt lat="48.1266790" lon="17.1203330">
    <ele>137.8</ele>
    <time>2025-09-30T17:47:02Z</time>
   </trkpt>
   <trkpt lat="48.1266790" lon="17.1203320">
    <ele>137.8</ele>
    <time>2025-09-30T17:47:03Z</time>
   </trkpt>
   <trkpt lat="48.1266790" lon="17.1203330">
    <ele>137.8</ele>
    <time>2025-09-30T17:47:04Z</time>
   </trkpt>
   <trkpt lat="48.1266780" lon="17.1203220">
    <ele>137.8</ele>
    <time>2025-09-30T17:47:05Z</time>
   </trkpt>
   <trkpt lat="48.1266780" lon="17.1203200">
    <ele>137.8</ele>
    <time>2025-09-30T17:47:06Z</time>
   </trkpt>
   <trkpt lat="48.1266780" lon="17.1203200">
    <ele>137.8</ele>
    <time>2025-09-30T17:47:07Z</time>
   </trkpt>
   <trkpt lat="48.1266780" lon="17.1203200">
    <ele>137.8</ele>
    <time>2025-09-30T17:47:08Z</time>
   </trkpt>
   <trkpt lat="48.1266780" lon="17.1203200">
    <ele>137.8</ele>
    <time>2025-09-30T17:47:09Z</time>
   </trkpt>
   <trkpt lat="48.1266780" lon="17.1203200">
    <ele>137.8</ele>
    <time>2025-09-30T17:47:10Z</time>
   </trkpt>
   <trkpt lat="48.1266780" lon="17.1203200">
    <ele>137.8</ele>
    <time>2025-09-30T17:47:11Z</time>
   </trkpt>
   <trkpt lat="48.1266780" lon="17.1203200">
    <ele>137.8</ele>
    <time>2025-09-30T17:47:12Z</time>
   </trkpt>
   <trkpt lat="48.1266780" lon="17.1203200">
    <ele>137.8</ele>
    <time>2025-09-30T17:47:13Z</time>
   </trkpt>
   <trkpt lat="48.1266780" lon="17.1203200">
    <ele>137.8</ele>
    <time>2025-09-30T17:47:14Z</time>
   </trkpt>
   <trkpt lat="48.1266780" lon="17.1203200">
    <ele>137.8</ele>
    <time>2025-09-30T17:47:15Z</time>
   </trkpt>
   <trkpt lat="48.1266780" lon="17.1203200">
    <ele>137.8</ele>
    <time>2025-09-30T17:47:16Z</time>
   </trkpt>
   <trkpt lat="48.1266780" lon="17.1203200">
    <ele>137.8</ele>
    <time>2025-09-30T17:47:17Z</time>
   </trkpt>
   <trkpt lat="48.1266640" lon="17.1203410">
    <ele>137.8</ele>
    <time>2025-09-30T17:47:18Z</time>
   </trkpt>
   <trkpt lat="48.1266640" lon="17.1203460">
    <ele>137.8</ele>
    <time>2025-09-30T17:47:19Z</time>
   </trkpt>
   <trkpt lat="48.1266680" lon="17.1203400">
    <ele>137.8</ele>
    <time>2025-09-30T17:47:20Z</time>
   </trkpt>
   <trkpt lat="48.1266740" lon="17.1203370">
    <ele>137.8</ele>
    <time>2025-09-30T17:47:21Z</time>
   </trkpt>
   <trkpt lat="48.1266720" lon="17.1203420">
    <ele>137.8</ele>
    <time>2025-09-30T17:47:22Z</time>
   </trkpt>
   <trkpt lat="48.1266670" lon="17.1203510">
    <ele>137.8</ele>
    <time>2025-09-30T17:47:23Z</time>
   </trkpt>
   <trkpt lat="48.1266630" lon="17.1203490">
    <ele>137.8</ele>
    <time>2025-09-30T17:47:24Z</time>
   </trkpt>
   <trkpt lat="48.1266640" lon="17.1203540">
    <ele>137.8</ele>
    <time>2025-09-30T17:47:25Z</time>
   </trkpt>
   <trkpt lat="48.1266670" lon="17.1203550">
    <ele>137.8</ele>
    <time>2025-09-30T17:47:26Z</time>
   </trkpt>
   <trkpt lat="48.1266780" lon="17.1203670">
    <ele>137.8</ele>
    <time>2025-09-30T17:47:27Z</time>
   </trkpt>
   <trkpt lat="48.1266890" lon="17.1203800">
    <ele>137.8</ele>
    <time>2025-09-30T17:47:28Z</time>
   </trkpt>
   <trkpt lat="48.1267000" lon="17.1204040">
    <ele>137.8</ele>
    <time>2025-09-30T17:47:29Z</time>
   </trkpt>
   <trkpt lat="48.1267050" lon="17.1204180">
    <ele>137.8</ele>
    <time>2025-09-30T17:47:30Z</time>
   </trkpt>
   <trkpt lat="48.1267110" lon="17.1204320">
    <ele>137.8</ele>
    <time>2025-09-30T17:47:31Z</time>
   </trkpt>
   <trkpt lat="48.1267210" lon="17.1204580">
    <ele>137.8</ele>
    <time>2025-09-30T17:47:32Z</time>
   </trkpt>
   <trkpt lat="48.1267250" lon="17.1204720">
    <ele>137.8</ele>
    <time>2025-09-30T17:47:33Z</time>
   </trkpt>
   <trkpt lat="48.1267310" lon="17.1204800">
    <ele>137.8</ele>
    <time>2025-09-30T17:47:34Z</time>
   </trkpt>
   <trkpt lat="48.1267310" lon="17.1204820">
    <ele>137.8</ele>
    <time>2025-09-30T17:47:35Z</time>
   </trkpt>
   <trkpt lat="48.1267300" lon="17.1204850">
    <ele>137.8</ele>
    <time>2025-09-30T17:47:36Z</time>
   </trkpt>
   <trkpt lat="48.1267300" lon="17.1204870">
    <ele>137.8</ele>
    <time>2025-09-30T17:47:37Z</time>
   </trkpt>
   <trkpt lat="48.1267290" lon="17.1204890">
    <ele>137.8</ele>
    <time>2025-09-30T17:47:38Z</time>
   </trkpt>
   <trkpt lat="48.1267280" lon="17.1204910">
    <ele>137.8</ele>
    <time>2025-09-30T17:47:39Z</time>
   </trkpt>
   <trkpt lat="48.1267280" lon="17.1204930">
    <ele>137.8</ele>
    <time>2025-09-30T17:47:40Z</time>
   </trkpt>
   <trkpt lat="48.1267270" lon="17.1204960">
    <ele>137.8</ele>
    <time>2025-09-30T17:47:41Z</time>
   </trkpt>
   <trkpt lat="48.1267270" lon="17.1204980">
    <ele>137.8</ele>
    <time>2025-09-30T17:47:42Z</time>
   </trkpt>
   <trkpt lat="48.1267260" lon="17.1205000">
    <ele>137.8</ele>
    <time>2025-09-30T17:47:43Z</time>
   </trkpt>
   <trkpt lat="48.1267250" lon="17.1205020">
    <ele>137.8</ele>
    <time>2025-09-30T17:47:44Z</time>
   </trkpt>
   <trkpt lat="48.1267250" lon="17.1205040">
    <ele>137.8</ele>
    <time>2025-09-30T17:47:45Z</time>
   </trkpt>
   <trkpt lat="48.1267240" lon="17.1205070">
    <ele>137.8</ele>
    <time>2025-09-30T17:47:46Z</time>
   </trkpt>
   <trkpt lat="48.1267240" lon="17.1205090">
    <ele>137.8</ele>
    <time>2025-09-30T17:47:47Z</time>
   </trkpt>
   <trkpt lat="48.1267230" lon="17.1205110">
    <ele>137.8</ele>
    <time>2025-09-30T17:47:48Z</time>
   </trkpt>
   <trkpt lat="48.1267220" lon="17.1205130">
    <ele>137.8</ele>
    <time>2025-09-30T17:47:49Z</time>
   </trkpt>
   <trkpt lat="48.1267220" lon="17.1205150">
    <ele>137.8</ele>
    <time>2025-09-30T17:47:50Z</time>
   </trkpt>
   <trkpt lat="48.1267210" lon="17.1205180">
    <ele>137.8</ele>
    <time>2025-09-30T17:47:51Z</time>
   </trkpt>
   <trkpt lat="48.1267210" lon="17.1205200">
    <ele>137.8</ele>
    <time>2025-09-30T17:47:52Z</time>
   </trkpt>
   <trkpt lat="48.1267200" lon="17.1205220">
    <ele>137.8</ele>
    <time>2025-09-30T17:47:53Z</time>
   </trkpt>
   <trkpt lat="48.1267190" lon="17.1205240">
    <ele>137.8</ele>
    <time>2025-09-30T17:47:54Z</time>
   </trkpt>
   <trkpt lat="48.1267190" lon="17.1205260">
    <ele>137.8</ele>
    <time>2025-09-30T17:47:55Z</time>
   </trkpt>
   <trkpt lat="48.1267180" lon="17.1205290">
    <ele>137.8</ele>
    <time>2025-09-30T17:47:56Z</time>
   </trkpt>
   <trkpt lat="48.1267180" lon="17.1205310">
    <ele>137.8</ele>
    <time>2025-09-30T17:47:57Z</time>
   </trkpt>
   <trkpt lat="48.1267170" lon="17.1205330">
    <ele>137.8</ele>
    <time>2025-09-30T17:47:58Z</time>
   </trkpt>
   <trkpt lat="48.1267150" lon="17.1205470">
    <ele>137.8</ele>
    <time>2025-09-30T17:47:59Z</time>
   </trkpt>
   <trkpt lat="48.1267170" lon="17.1205600">
    <ele>137.8</ele>
    <time>2025-09-30T17:48:00Z</time>
   </trkpt>
   <trkpt lat="48.1267150" lon="17.1205690">
    <ele>137.8</ele>
    <time>2025-09-30T17:48:01Z</time>
   </trkpt>
   <trkpt lat="48.1267190" lon="17.1205860">
    <ele>137.8</ele>
    <time>2025-09-30T17:48:02Z</time>
   </trkpt>
   <trkpt lat="48.1267210" lon="17.1205990">
    <ele>137.8</ele>
    <time>2025-09-30T17:48:03Z</time>
   </trkpt>
   <trkpt lat="48.1267210" lon="17.1205990">
    <ele>137.8</ele>
    <time>2025-09-30T17:48:04Z</time>
   </trkpt>
   <trkpt lat="48.1267210" lon="17.1205990">
    <ele>137.8</ele>
    <time>2025-09-30T17:48:05Z</time>
   </trkpt>
   <trkpt lat="48.1267210" lon="17.1205990">
    <ele>137.8</ele>
    <time>2025-09-30T17:48:06Z</time>
   </trkpt>
   <trkpt lat="48.1267210" lon="17.1205990">
    <ele>137.8</ele>
    <time>2025-09-30T17:48:07Z</time>
   </trkpt>
   <trkpt lat="48.1267270" lon="17.1205630">
    <ele>137.8</ele>
    <time>2025-09-30T17:48:08Z</time>
   </trkpt>
   <trkpt lat="48.1267280" lon="17.1205700">
    <ele>137.8</ele>
    <time>2025-09-30T17:48:09Z</time>
   </trkpt>
   <trkpt lat="48.1267300" lon="17.1205750">
    <ele>137.8</ele>
    <time>2025-09-30T17:48:10Z</time>
   </trkpt>
   <trkpt lat="48.1267300" lon="17.1205770">
    <ele>137.8</ele>
    <time>2025-09-30T17:48:11Z</time>
   </trkpt>
   <trkpt lat="48.1267300" lon="17.1205840">
    <ele>137.8</ele>
    <time>2025-09-30T17:48:12Z</time>
   </trkpt>
   <trkpt lat="48.1267270" lon="17.1205940">
    <ele>137.8</ele>
    <time>2025-09-30T17:48:13Z</time>
   </trkpt>
   <trkpt lat="48.1267240" lon="17.1206030">
    <ele>137.8</ele>
    <time>2025-09-30T17:48:14Z</time>
   </trkpt>
   <trkpt lat="48.1267250" lon="17.1206200">
    <ele>137.8</ele>
    <time>2025-09-30T17:48:15Z</time>
   </trkpt>
   <trkpt lat="48.1267220" lon="17.1206380">
    <ele>137.8</ele>
    <time>2025-09-30T17:48:16Z</time>
   </trkpt>
   <trkpt lat="48.1267190" lon="17.1206680">
    <ele>137.8</ele>
    <time>2025-09-30T17:48:17Z</time>
   </trkpt>
   <trkpt lat="48.1267200" lon="17.1206800">
    <ele>137.8</ele>
    <time>2025-09-30T17:48:18Z</time>
   </trkpt>
   <trkpt lat="48.1267200" lon="17.1206930">
    <ele>137.8</ele>
    <time>2025-09-30T17:48:19Z</time>
   </trkpt>
   <trkpt lat="48.1267200" lon="17.1207050">
    <ele>137.8</ele>
    <time>2025-09-30T17:48:20Z</time>
   </trkpt>
   <trkpt lat="48.1267270" lon="17.1207170">
    <ele>137.8</ele>
    <time>2025-09-30T17:48:21Z</time>
   </trkpt>
   <trkpt lat="48.1267320" lon="17.1207220">
    <ele>137.8</ele>
    <time>2025-09-30T17:48:22Z</time>
   </trkpt>
   <trkpt lat="48.1267320" lon="17.1207190">
    <ele>137.8</ele>
    <time>2025-09-30T17:48:23Z</time>
   </trkpt>
   <trkpt lat="48.1267310" lon="17.1207120">
    <ele>137.8</ele>
    <time>2025-09-30T17:48:24Z</time>
   </trkpt>
   <trkpt lat="48.1267290" lon="17.1207080">
    <ele>137.8</ele>
    <time>2025-09-30T17:48:25Z</time>
   </trkpt>
   <trkpt lat="48.1267250" lon="17.1207070">
    <ele>137.8</ele>
    <time>2025-09-30T17:48:26Z</time>
   </trkpt>
   <trkpt lat="48.1267240" lon="17.1207100">
    <ele>137.8</ele>
    <time>2025-09-30T17:48:27Z</time>
   </trkpt>
   <trkpt lat="48.1267230" lon="17.1207140">
    <ele>137.8</ele>
    <time>2025-09-30T17:48:28Z</time>
   </trkpt>
   <trkpt lat="48.1267230" lon="17.1207170">
    <ele>137.8</ele>
    <time>2025-09-30T17:48:29Z</time>
   </trkpt>
   <trkpt lat="48.1267230" lon="17.1207190">
    <ele>137.8</ele>
    <time>2025-09-30T17:48:30Z</time>
   </trkpt>
   <trkpt lat="48.1267230" lon="17.1207210">
    <ele>137.8</ele>
    <time>2025-09-30T17:48:31Z</time>
   </trkpt>
   <trkpt lat="48.1267230" lon="17.1207210">
    <ele>137.8</ele>
    <time>2025-09-30T17:48:32Z</time>
   </trkpt>
   <trkpt lat="48.1267230" lon="17.1207230">
    <ele>137.8</ele>
    <time>2025-09-30T17:48:33Z</time>
   </trkpt>
   <trkpt lat="48.1267230" lon="17.1207240">
    <ele>137.8</ele>
    <time>2025-09-30T17:48:34Z</time>
   </trkpt>
   <trkpt lat="48.1267220" lon="17.1207270">
    <ele>137.8</ele>
    <time>2025-09-30T17:48:35Z</time>
   </trkpt>
   <trkpt lat="48.1267210" lon="17.1207290">
    <ele>137.8</ele>
    <time>2025-09-30T17:48:36Z</time>
   </trkpt>
   <trkpt lat="48.1267210" lon="17.1207300">
    <ele>137.8</ele>
    <time>2025-09-30T17:48:37Z</time>
   </trkpt>
   <trkpt lat="48.1267210" lon="17.1207300">
    <ele>137.8</ele>
    <time>2025-09-30T17:48:38Z</time>
   </trkpt>
   <trkpt lat="48.1267210" lon="17.1207300">
    <ele>137.8</ele>
    <time>2025-09-30T17:48:39Z</time>
   </trkpt>
   <trkpt lat="48.1267210" lon="17.1207300">
    <ele>137.8</ele>
    <time>2025-09-30T17:48:40Z</time>
   </trkpt>
   <trkpt lat="48.1267200" lon="17.1207300">
    <ele>137.8</ele>
    <time>2025-09-30T17:48:41Z</time>
   </trkpt>
   <trkpt lat="48.1267200" lon="17.1207300">
    <ele>137.8</ele>
    <time>2025-09-30T17:48:42Z</time>
   </trkpt>
   <trkpt lat="48.1267200" lon="17.1207310">
    <ele>137.8</ele>
    <time>2025-09-30T17:48:43Z</time>
   </trkpt>
   <trkpt lat="48.1267210" lon="17.1207330">
    <ele>137.8</ele>
    <time>2025-09-30T17:48:44Z</time>
   </trkpt>
   <trkpt lat="48.1267210" lon="17.1207340">
    <ele>137.8</ele>
    <time>2025-09-30T17:48:45Z</time>
   </trkpt>
   <trkpt lat="48.1267200" lon="17.1207320">
    <ele>137.8</ele>
    <time>2025-09-30T17:48:46Z</time>
   </trkpt>
   <trkpt lat="48.1267200" lon="17.1207320">
    <ele>137.8</ele>
    <time>2025-09-30T17:48:47Z</time>
   </trkpt>
   <trkpt lat="48.1267200" lon="17.1207320">
    <ele>137.8</ele>
    <time>2025-09-30T17:48:48Z</time>
   </trkpt>
   <trkpt lat="48.1267190" lon="17.1207330">
    <ele>137.8</ele>
    <time>2025-09-30T17:48:49Z</time>
   </trkpt>
   <trkpt lat="48.1267160" lon="17.1207340">
    <ele>137.8</ele>
    <time>2025-09-30T17:48:50Z</time>
   </trkpt>
   <trkpt lat="48.1267140" lon="17.1207370">
    <ele>137.8</ele>
    <time>2025-09-30T17:48:51Z</time>
   </trkpt>
   <trkpt lat="48.1267090" lon="17.1207440">
    <ele>137.8</ele>
    <time>2025-09-30T17:48:52Z</time>
   </trkpt>
   <trkpt lat="48.1267020" lon="17.1207470">
    <ele>137.8</ele>
    <time>2025-09-30T17:48:53Z</time>
   </trkpt>
   <trkpt lat="48.1266970" lon="17.1207550">
    <ele>137.8</ele>
    <time>2025-09-30T17:48:54Z</time>
   </trkpt>
   <trkpt lat="48.1266880" lon="17.1207630">
    <ele>137.8</ele>
    <time>2025-09-30T17:48:55Z</time>
   </trkpt>
   <trkpt lat="48.1266800" lon="17.1207660">
    <ele>137.8</ele>
    <time>2025-09-30T17:48:56Z</time>
   </trkpt>
   <trkpt lat="48.1266750" lon="17.1207660">
    <ele>137.8</ele>
    <time>2025-09-30T17:48:57Z</time>
   </trkpt>
   <trkpt lat="48.1266750" lon="17.1207680">
    <ele>137.8</ele>
    <time>2025-09-30T17:48:58Z</time>
   </trkpt>
   <trkpt lat="48.1266730" lon="17.1207700">
    <ele>137.8</ele>
    <time>2025-09-30T17:48:59Z</time>
   </trkpt>
   <trkpt lat="48.1266740" lon="17.1207710">
    <ele>137.8</ele>
    <time>2025-09-30T17:49:00Z</time>
   </trkpt>
   <trkpt lat="48.1266690" lon="17.1207730">
    <ele>137.8</ele>
    <time>2025-09-30T17:49:01Z</time>
   </trkpt>
   <trkpt lat="48.1266640" lon="17.1207750">
    <ele>137.8</ele>
    <time>2025-09-30T17:49:02Z</time>
   </trkpt>
   <trkpt lat="48.1266620" lon="17.1207770">
    <ele>137.8</ele>
    <time>2025-09-30T17:49:03Z</time>
   </trkpt>
   <trkpt lat="48.1266610" lon="17.1207790">
    <ele>137.8</ele>
    <time>2025-09-30T17:49:04Z</time>
   </trkpt>
   <trkpt lat="48.1266600" lon="17.1207800">
    <ele>137.8</ele>
    <time>2025-09-30T17:49:05Z</time>
   </trkpt>
   <trkpt lat="48.1266600" lon="17.1207800">
    <ele>137.8</ele>
    <time>2025-09-30T17:49:06Z</time>
   </trkpt>
   <trkpt lat="48.1266570" lon="17.1207830">
    <ele>137.8</ele>
    <time>2025-09-30T17:49:07Z</time>
   </trkpt>
   <trkpt lat="48.1266570" lon="17.1207850">
    <ele>137.8</ele>
    <time>2025-09-30T17:49:08Z</time>
   </trkpt>
   <trkpt lat="48.1266530" lon="17.1207900">
    <ele>137.8</ele>
    <time>2025-09-30T17:49:09Z</time>
   </trkpt>
   <trkpt lat="48.1266530" lon="17.1208160">
    <ele>137.8</ele>
    <time>2025-09-30T17:49:10Z</time>
   </trkpt>
   <trkpt lat="48.1266500" lon="17.1208320">
    <ele>137.8</ele>
    <time>2025-09-30T17:49:11Z</time>
   </trkpt>
   <trkpt lat="48.1266470" lon="17.1208470">
    <ele>137.8</ele>
    <time>2025-09-30T17:49:12Z</time>
   </trkpt>
   <trkpt lat="48.1266440" lon="17.1208560">
    <ele>137.8</ele>
    <time>2025-09-30T17:49:13Z</time>
   </trkpt>
   <trkpt lat="48.1266510" lon="17.1208250">
    <ele>137.8</ele>
    <time>2025-09-30T17:49:14Z</time>
   </trkpt>
   <trkpt lat="48.1266510" lon="17.1208200">
    <ele>137.8</ele>
    <time>2025-09-30T17:49:15Z</time>
   </trkpt>
   <trkpt lat="48.1266490" lon="17.1208260">
    <ele>137.8</ele>
    <time>2025-09-30T17:49:16Z</time>
   </trkpt>
   <trkpt lat="48.1266480" lon="17.1208430">
    <ele>137.8</ele>
    <time>2025-09-30T17:49:17Z</time>
   </trkpt>
   <trkpt lat="48.1266460" lon="17.1208520">
    <ele>137.8</ele>
    <time>2025-09-30T17:49:18Z</time>
   </trkpt>
   <trkpt lat="48.1266400" lon="17.1208700">
    <ele>137.8</ele>
    <time>2025-09-30T17:49:19Z</time>
   </trkpt>
   <trkpt lat="48.1266370" lon="17.1208780">
    <ele>137.8</ele>
    <time>2025-09-30T17:49:20Z</time>
   </trkpt>
   <trkpt lat="48.1266340" lon="17.1208830">
    <ele>137.8</ele>
    <time>2025-09-30T17:49:21Z</time>
   </trkpt>
   <trkpt lat="48.1266320" lon="17.1208850">
    <ele>137.8</ele>
    <time>2025-09-30T17:49:22Z</time>
   </trkpt>
   <trkpt lat="48.1266230" lon="17.1209020">
    <ele>137.8</ele>
    <time>2025-09-30T17:49:23Z</time>
   </trkpt>
   <trkpt lat="48.1266150" lon="17.1209160">
    <ele>137.8</ele>
    <time>2025-09-30T17:49:24Z</time>
   </trkpt>
   <trkpt lat="48.1266190" lon="17.1209270">
    <ele>137.8</ele>
    <time>2025-09-30T17:49:25Z</time>
   </trkpt>
   <trkpt lat="48.1266210" lon="17.1209330">
    <ele>137.8</ele>
    <time>2025-09-30T17:49:26Z</time>
   </trkpt>
   <trkpt lat="48.1266170" lon="17.1209350">
    <ele>137.8</ele>
    <time>2025-09-30T17:49:27Z</time>
   </trkpt>
   <trkpt lat="48.1266130" lon="17.1209450">
    <ele>137.8</ele>
    <time>2025-09-30T17:49:28Z</time>
   </trkpt>
   <trkpt lat="48.1266090" lon="17.1209540">
    <ele>137.8</ele>
    <time>2025-09-30T17:49:29Z</time>
   </trkpt>
   <trkpt lat="48.1266040" lon="17.1209550">
    <ele>137.8</ele>
    <time>2025-09-30T17:49:30Z</time>
   </trkpt>
   <trkpt lat="48.1266030" lon="17.1209560">
    <ele>137.8</ele>
    <time>2025-09-30T17:49:31Z</time>
   </trkpt>
   <trkpt lat="48.1266030" lon="17.1209590">
    <ele>137.8</ele>
    <time>2025-09-30T17:49:32Z</time>
   </trkpt>
   <trkpt lat="48.1266020" lon="17.1209610">
    <ele>137.8</ele>
    <time>2025-09-30T17:49:33Z</time>
   </trkpt>
   <trkpt lat="48.1266020" lon="17.1209630">
    <ele>137.8</ele>
    <time>2025-09-30T17:49:34Z</time>
   </trkpt>
   <trkpt lat="48.1266020" lon="17.1209650">
    <ele>137.8</ele>
    <time>2025-09-30T17:49:35Z</time>
   </trkpt>
   <trkpt lat="48.1266020" lon="17.1209700">
    <ele>137.8</ele>
    <time>2025-09-30T17:49:36Z</time>
   </trkpt>
   <trkpt lat="48.1266020" lon="17.1209750">
    <ele>137.8</ele>
    <time>2025-09-30T17:49:37Z</time>
   </trkpt>
   <trkpt lat="48.1266040" lon="17.1209780">
    <ele>137.8</ele>
    <time>2025-09-30T17:49:38Z</time>
   </trkpt>
   <trkpt lat="48.1266060" lon="17.1209800">
    <ele>137.8</ele>
    <time>2025-09-30T17:49:39Z</time>
   </trkpt>
   <trkpt lat="48.1266070" lon="17.1209820">
    <ele>137.8</ele>
    <time>2025-09-30T17:49:40Z</time>
   </trkpt>
   <trkpt lat="48.1266090" lon="17.1209830">
    <ele>137.8</ele>
    <time>2025-09-30T17:49:41Z</time>
   </trkpt>
   <trkpt lat="48.1266090" lon="17.1209840">
    <ele>137.8</ele>
    <time>2025-09-30T17:49:42Z</time>
   </trkpt>
   <trkpt lat="48.1266100" lon="17.1209850">
    <ele>137.8</ele>
    <time>2025-09-30T17:49:43Z</time>
   </trkpt>
   <trkpt lat="48.1266110" lon="17.1209840">
    <ele>137.8</ele>
    <time>2025-09-30T17:49:44Z</time>
   </trkpt>
   <trkpt lat="48.1266110" lon="17.1209840">
    <ele>137.8</ele>
    <time>2025-09-30T17:49:45Z</time>
   </trkpt>
   <trkpt lat="48.1266120" lon="17.1209850">
    <ele>137.8</ele>
    <time>2025-09-30T17:49:46Z</time>
   </trkpt>
   <trkpt lat="48.1266120" lon="17.1209940">
    <ele>137.9</ele>
    <time>2025-09-30T17:49:47Z</time>
   </trkpt>
   <trkpt lat="48.1266120" lon="17.1209940">
    <ele>137.9</ele>
    <time>2025-09-30T17:49:48Z</time>
   </trkpt>
   <trkpt lat="48.1266120" lon="17.1209940">
    <ele>137.9</ele>
    <time>2025-09-30T17:49:49Z</time>
   </trkpt>
   <trkpt lat="48.1266120" lon="17.1209940">
    <ele>137.9</ele>
    <time>2025-09-30T17:49:50Z</time>
   </trkpt>
   <trkpt lat="48.1266120" lon="17.1209940">
    <ele>137.9</ele>
    <time>2025-09-30T17:49:51Z</time>
   </trkpt>
   <trkpt lat="48.1266120" lon="17.1209940">
    <ele>137.9</ele>
    <time>2025-09-30T17:49:52Z</time>
   </trkpt>
   <trkpt lat="48.1266120" lon="17.1209940">
    <ele>137.9</ele>
    <time>2025-09-30T17:49:53Z</time>
   </trkpt>
   <trkpt lat="48.1266120" lon="17.1209940">
    <ele>137.9</ele>
    <time>2025-09-30T17:49:54Z</time>
   </trkpt>
   <trkpt lat="48.1266120" lon="17.1209940">
    <ele>137.9</ele>
    <time>2025-09-30T17:49:55Z</time>
   </trkpt>
   <trkpt lat="48.1266080" lon="17.1209900">
    <ele>137.9</ele>
    <time>2025-09-30T17:49:56Z</time>
   </trkpt>
   <trkpt lat="48.1266100" lon="17.1209910">
    <ele>137.9</ele>
    <time>2025-09-30T17:49:57Z</time>
   </trkpt>
   <trkpt lat="48.1266060" lon="17.1209930">
    <ele>137.9</ele>
    <time>2025-09-30T17:49:58Z</time>
   </trkpt>
   <trkpt lat="48.1266050" lon="17.1209950">
    <ele>137.9</ele>
    <time>2025-09-30T17:49:59Z</time>
   </trkpt>
   <trkpt lat="48.1266050" lon="17.1210030">
    <ele>137.9</ele>
    <time>2025-09-30T17:50:00Z</time>
   </trkpt>
   <trkpt lat="48.1266040" lon="17.1210130">
    <ele>137.9</ele>
    <time>2025-09-30T17:50:01Z</time>
   </trkpt>
   <trkpt lat="48.1266010" lon="17.1210270">
    <ele>137.9</ele>
    <time>2025-09-30T17:50:02Z</time>
   </trkpt>
   <trkpt lat="48.1265970" lon="17.1210400">
    <ele>137.9</ele>
    <time>2025-09-30T17:50:03Z</time>
   </trkpt>
   <trkpt lat="48.1265980" lon="17.1210460">
    <ele>137.9</ele>
    <time>2025-09-30T17:50:04Z</time>
   </trkpt>
   <trkpt lat="48.1266010" lon="17.1210480">
    <ele>137.9</ele>
    <time>2025-09-30T17:50:05Z</time>
   </trkpt>
   <trkpt lat="48.1266020" lon="17.1210500">
    <ele>137.9</ele>
    <time>2025-09-30T17:50:06Z</time>
   </trkpt>
   <trkpt lat="48.1266020" lon="17.1210500">
    <ele>137.9</ele>
    <time>2025-09-30T17:50:07Z</time>
   </trkpt>
   <trkpt lat="48.1266020" lon="17.1210530">
    <ele>137.9</ele>
    <time>2025-09-30T17:50:08Z</time>
   </trkpt>
   <trkpt lat="48.1266000" lon="17.1210580">
    <ele>137.9</ele>
    <time>2025-09-30T17:50:09Z</time>
   </trkpt>
   <trkpt lat="48.1266000" lon="17.1210600">
    <ele>137.9</ele>
    <time>2025-09-30T17:50:10Z</time>
   </trkpt>
   <trkpt lat="48.1266000" lon="17.1210610">
    <ele>137.9</ele>
    <time>2025-09-30T17:50:11Z</time>
   </trkpt>
   <trkpt lat="48.1266000" lon="17.1210620">
    <ele>137.9</ele>
    <time>2025-09-30T17:50:12Z</time>
   </trkpt>
   <trkpt lat="48.1266000" lon="17.1210620">
    <ele>137.9</ele>
    <time>2025-09-30T17:50:13Z</time>
   </trkpt>
   <trkpt lat="48.1266000" lon="17.1210630">
    <ele>137.9</ele>
    <time>2025-09-30T17:50:14Z</time>
   </trkpt>
   <trkpt lat="48.1266000" lon="17.1210710">
    <ele>137.9</ele>
    <time>2025-09-30T17:50:15Z</time>
   </trkpt>
   <trkpt lat="48.1265990" lon="17.1210780">
    <ele>137.9</ele>
    <time>2025-09-30T17:50:16Z</time>
   </trkpt>
   <trkpt lat="48.1266000" lon="17.1210810">
    <ele>137.9</ele>
    <time>2025-09-30T17:50:17Z</time>
   </trkpt>
   <trkpt lat="48.1266030" lon="17.1210930">
    <ele>137.9</ele>
    <time>2025-09-30T17:50:18Z</time>
   </trkpt>
   <trkpt lat="48.1266070" lon="17.1210980">
    <ele>137.9</ele>
    <time>2025-09-30T17:50:19Z</time>
   </trkpt>
   <trkpt lat="48.1266110" lon="17.1211100">
    <ele>137.9</ele>
    <time>2025-09-30T17:50:20Z</time>
   </trkpt>
   <trkpt lat="48.1266110" lon="17.1211130">
    <ele>137.9</ele>
    <time>2025-09-30T17:50:21Z</time>
   </trkpt>
   <trkpt lat="48.1266090" lon="17.1211200">
    <ele>137.9</ele>
    <time>2025-09-30T17:50:22Z</time>
   </trkpt>
   <trkpt lat="48.1266090" lon="17.1211230">
    <ele>137.9</ele>
    <time>2025-09-30T17:50:23Z</time>
   </trkpt>
   <trkpt lat="48.1266150" lon="17.1211280">
    <ele>137.9</ele>
    <time>2025-09-30T17:50:24Z</time>
   </trkpt>
   <trkpt lat="48.1266350" lon="17.1211320">
    <ele>137.9</ele>
    <time>2025-09-30T17:50:25Z</time>
   </trkpt>
   <trkpt lat="48.1266520" lon="17.1211390">
    <ele>137.9</ele>
    <time>2025-09-30T17:50:26Z</time>
   </trkpt>
   <trkpt lat="48.1266620" lon="17.1211510">
    <ele>137.9</ele>
    <time>2025-09-30T17:50:27Z</time>
   </trkpt>
   <trkpt lat="48.1266800" lon="17.1211680">
    <ele>138.0</ele>
    <time>2025-09-30T17:50:28Z</time>
   </trkpt>
   <trkpt lat="48.1266870" lon="17.1211750">
    <ele>138.0</ele>
    <time>2025-09-30T17:50:29Z</time>
   </trkpt>
   <trkpt lat="48.1266950" lon="17.1211810">
    <ele>138.0</ele>
    <time>2025-09-30T17:50:30Z</time>
   </trkpt>
   <trkpt lat="48.1267030" lon="17.1211870">
    <ele>138.0</ele>
    <time>2025-09-30T17:50:31Z</time>
   </trkpt>
   <trkpt lat="48.1267090" lon="17.1211920">
    <ele>138.0</ele>
    <time>2025-09-30T17:50:32Z</time>
   </trkpt>
   <trkpt lat="48.1267150" lon="17.1211950">
    <ele>138.0</ele>
    <time>2025-09-30T17:50:33Z</time>
   </trkpt>
   <trkpt lat="48.1267220" lon="17.1212000">
    <ele>138.0</ele>
    <time>2025-09-30T17:50:34Z</time>
   </trkpt>
   <trkpt lat="48.1267240" lon="17.1212100">
    <ele>138.0</ele>
    <time>2025-09-30T17:50:35Z</time>
   </trkpt>
   <trkpt lat="48.1267230" lon="17.1212260">
    <ele>138.1</ele>
    <time>2025-09-30T17:50:36Z</time>
   </trkpt>
   <trkpt lat="48.1267220" lon="17.1212400">
    <ele>138.1</ele>
    <time>2025-09-30T17:50:37Z</time>
   </trkpt>
   <trkpt lat="48.1267230" lon="17.1212430">
    <ele>138.1</ele>
    <time>2025-09-30T17:50:38Z</time>
   </trkpt>
   <trkpt lat="48.1267240" lon="17.1212480">
    <ele>138.1</ele>
    <time>2025-09-30T17:50:39Z</time>
   </trkpt>
   <trkpt lat="48.1267260" lon="17.1212500">
    <ele>138.1</ele>
    <time>2025-09-30T17:50:40Z</time>
   </trkpt>
   <trkpt lat="48.1267250" lon="17.1212590">
    <ele>138.1</ele>
    <time>2025-09-30T17:50:41Z</time>
   </trkpt>
   <trkpt lat="48.1267240" lon="17.1212880">
    <ele>138.1</ele>
    <time>2025-09-30T17:50:42Z</time>
   </trkpt>
   <trkpt lat="48.1267220" lon="17.1213130">
    <ele>138.2</ele>
    <time>2025-09-30T17:50:43Z</time>
   </trkpt>
   <trkpt lat="48.1267230" lon="17.1213300">
    <ele>138.2</ele>
    <time>2025-09-30T17:50:44Z</time>
   </trkpt>
   <trkpt lat="48.1267230" lon="17.1213450">
    <ele>138.2</ele>
    <time>2025-09-30T17:50:45Z</time>
   </trkpt>
   <trkpt lat="48.1267230" lon="17.1213560">
    <ele>138.2</ele>
    <time>2025-09-30T17:50:46Z</time>
   </trkpt>
   <trkpt lat="48.1267230" lon="17.1213650">
    <ele>138.2</ele>
    <time>2025-09-30T17:50:47Z</time>
   </trkpt>
   <trkpt lat="48.1267220" lon="17.1213740">
    <ele>138.2</ele>
    <time>2025-09-30T17:50:48Z</time>
   </trkpt>
   <trkpt lat="48.1267260" lon="17.1213750">
    <ele>138.2</ele>
    <time>2025-09-30T17:50:49Z</time>
   </trkpt>
   <trkpt lat="48.1267260" lon="17.1213860">
    <ele>138.3</ele>
    <time>2025-09-30T17:50:50Z</time>
   </trkpt>
   <trkpt lat="48.1267250" lon="17.1213990">
    <ele>138.3</ele>
    <time>2025-09-30T17:50:51Z</time>
   </trkpt>
   <trkpt lat="48.1267250" lon="17.1214140">
    <ele>138.3</ele>
    <time>2025-09-30T17:50:52Z</time>
   </trkpt>
   <trkpt lat="48.1267250" lon="17.1214250">
    <ele>138.3</ele>
    <time>2025-09-30T17:50:53Z</time>
   </trkpt>
   <trkpt lat="48.1267240" lon="17.1214310">
    <ele>138.3</ele>
    <time>2025-09-30T17:50:54Z</time>
   </trkpt>
   <trkpt lat="48.1267220" lon="17.1214390">
    <ele>138.3</ele>
    <time>2025-09-30T17:50:55Z</time>
   </trkpt>
   <trkpt lat="48.1267170" lon="17.1214480">
    <ele>138.3</ele>
    <time>2025-09-30T17:50:56Z</time>
   </trkpt>
   <trkpt lat="48.1267200" lon="17.1214670">
    <ele>138.3</ele>
    <time>2025-09-30T17:50:57Z</time>
   </trkpt>
   <trkpt lat="48.1267230" lon="17.1215140">
    <ele>138.3</ele>
    <time>2025-09-30T17:50:58Z</time>
   </trkpt>
   <trkpt lat="48.1267250" lon="17.1215320">
    <ele>138.3</ele>
    <time>2025-09-30T17:50:59Z</time>
   </trkpt>
   <trkpt lat="48.1267420" lon="17.1216020">
    <ele>138.3</ele>
    <time>2025-09-30T17:51:00Z</time>
   </trkpt>
   <trkpt lat="48.1267460" lon="17.1216680">
    <ele>138.3</ele>
    <time>2025-09-30T17:51:01Z</time>
   </trkpt>
   <trkpt lat="48.1267460" lon="17.1216970">
    <ele>138.3</ele>
    <time>2025-09-30T17:51:02Z</time>
   </trkpt>
   <trkpt lat="48.1267200" lon="17.1217600">
    <ele>138.3</ele>
    <time>2025-09-30T17:51:03Z</time>
   </trkpt>
   <trkpt lat="48.1266900" lon="17.1218060">
    <ele>138.3</ele>
    <time>2025-09-30T17:51:04Z</time>
   </trkpt>
   <trkpt lat="48.1266570" lon="17.1218250">
    <ele>138.3</ele>
    <time>2025-09-30T17:51:06Z</time>
   </trkpt>
   <trkpt lat="48.1266520" lon="17.1218250">
    <ele>138.3</ele>
    <time>2025-09-30T17:51:07Z</time>
   </trkpt>
   <trkpt lat="48.1266450" lon="17.1218390">
    <ele>138.3</ele>
    <time>2025-09-30T17:51:08Z</time>
   </trkpt>
   <trkpt lat="48.1266410" lon="17.1218590">
    <ele>138.3</ele>
    <time>2025-09-30T17:51:09Z</time>
   </trkpt>
   <trkpt lat="48.1266450" lon="17.1218750">
    <ele>138.3</ele>
    <time>2025-09-30T17:51:10Z</time>
   </trkpt>
   <trkpt lat="48.1266640" lon="17.1218810">
    <ele>138.3</ele>
    <time>2025-09-30T17:51:11Z</time>
   </trkpt>
   <trkpt lat="48.1266900" lon="17.1218670">
    <ele>138.3</ele>
    <time>2025-09-30T17:51:12Z</time>
   </trkpt>
   <trkpt lat="48.1267060" lon="17.1218580">
    <ele>138.3</ele>
    <time>2025-09-30T17:51:13Z</time>
   </trkpt>
   <trkpt lat="48.1267180" lon="17.1218550">
    <ele>138.3</ele>
    <time>2025-09-30T17:51:14Z</time>
   </trkpt>
   <trkpt lat="48.1267330" lon="17.1218600">
    <ele>138.3</ele>
    <time>2025-09-30T17:51:15Z</time>
   </trkpt>
   <trkpt lat="48.1267500" lon="17.1218630">
    <ele>138.3</ele>
    <time>2025-09-30T17:51:16Z</time>
   </trkpt>
   <trkpt lat="48.1267650" lon="17.1218630">
    <ele>138.3</ele>
    <time>2025-09-30T17:51:17Z</time>
   </trkpt>
   <trkpt lat="48.1267830" lon="17.1218540">
    <ele>138.3</ele>
    <time>2025-09-30T17:51:18Z</time>
   </trkpt>
   <trkpt lat="48.1268100" lon="17.1218170">
    <ele>138.3</ele>
    <time>2025-09-30T17:51:19Z</time>
   </trkpt>
   <trkpt lat="48.1268210" lon="17.1217980">
    <ele>138.3</ele>
    <time>2025-09-30T17:51:20Z</time>
   </trkpt>
   <trkpt lat="48.1268330" lon="17.1217780">
    <ele>138.3</ele>
    <time>2025-09-30T17:51:21Z</time>
   </trkpt>
   <trkpt lat="48.1268390" lon="17.1217540">
    <ele>138.3</ele>
    <time>2025-09-30T17:51:22Z</time>
   </trkpt>
   <trkpt lat="48.1268400" lon="17.1217320">
    <ele>138.2</ele>
    <time>2025-09-30T17:51:23Z</time>
   </trkpt>
   <trkpt lat="48.1268370" lon="17.1217230">
    <ele>138.2</ele>
    <time>2025-09-30T17:51:24Z</time>
   </trkpt>
   <trkpt lat="48.1268290" lon="17.1217230">
    <ele>138.2</ele>
    <time>2025-09-30T17:51:25Z</time>
   </trkpt>
   <trkpt lat="48.1268260" lon="17.1217220">
    <ele>138.2</ele>
    <time>2025-09-30T17:51:26Z</time>
   </trkpt>
   <trkpt lat="48.1268240" lon="17.1217190">
    <ele>138.2</ele>
    <time>2025-09-30T17:51:27Z</time>
   </trkpt>
   <trkpt lat="48.1268190" lon="17.1217100">
    <ele>138.1</ele>
    <time>2025-09-30T17:51:28Z</time>
   </trkpt>
   <trkpt lat="48.1268160" lon="17.1217040">
    <ele>138.1</ele>
    <time>2025-09-30T17:51:29Z</time>
   </trkpt>
   <trkpt lat="48.1268130" lon="17.1216980">
    <ele>138.1</ele>
    <time>2025-09-30T17:51:30Z</time>
   </trkpt>
   <trkpt lat="48.1268110" lon="17.1216920">
    <ele>138.1</ele>
    <time>2025-09-30T17:51:31Z</time>
   </trkpt>
   <trkpt lat="48.1268080" lon="17.1216860">
    <ele>138.1</ele>
    <time>2025-09-30T17:51:32Z</time>
   </trkpt>
   <trkpt lat="48.1268050" lon="17.1216800">
    <ele>138.0</ele>
    <time>2025-09-30T17:51:33Z</time>
   </trkpt>
   <trkpt lat="48.1268020" lon="17.1216740">
    <ele>138.0</ele>
    <time>2025-09-30T17:51:34Z</time>
   </trkpt>
   <trkpt lat="48.1267990" lon="17.1216680">
    <ele>138.0</ele>
    <time>2025-09-30T17:51:35Z</time>
   </trkpt>
   <trkpt lat="48.1267950" lon="17.1216610">
    <ele>138.0</ele>
    <time>2025-09-30T17:51:36Z</time>
   </trkpt>
   <trkpt lat="48.1267950" lon="17.1216600">
    <ele>138.0</ele>
    <time>2025-09-30T17:51:37Z</time>
   </trkpt>
   <trkpt lat="48.1267950" lon="17.1216600">
    <ele>138.0</ele>
    <time>2025-09-30T17:51:38Z</time>
   </trkpt>
   <trkpt lat="48.1267950" lon="17.1216600">
    <ele>138.0</ele>
    <time>2025-09-30T17:51:39Z</time>
   </trkpt>
   <trkpt lat="48.1267950" lon="17.1216600">
    <ele>138.0</ele>
    <time>2025-09-30T17:51:40Z</time>
   </trkpt>
   <trkpt lat="48.1267950" lon="17.1216600">
    <ele>138.0</ele>
    <time>2025-09-30T17:51:41Z</time>
   </trkpt>
   <trkpt lat="48.1267950" lon="17.1216600">
    <ele>138.0</ele>
    <time>2025-09-30T17:51:42Z</time>
   </trkpt>
   <trkpt lat="48.1267950" lon="17.1216600">
    <ele>138.0</ele>
    <time>2025-09-30T17:51:43Z</time>
   </trkpt>
   <trkpt lat="48.1267950" lon="17.1216600">
    <ele>138.0</ele>
    <time>2025-09-30T17:51:44Z</time>
   </trkpt>
   <trkpt lat="48.1267950" lon="17.1216600">
    <ele>138.0</ele>
    <time>2025-09-30T17:51:45Z</time>
   </trkpt>
   <trkpt lat="48.1267950" lon="17.1216600">
    <ele>138.0</ele>
    <time>2025-09-30T17:51:46Z</time>
   </trkpt>
   <trkpt lat="48.1267950" lon="17.1216600">
    <ele>138.0</ele>
    <time>2025-09-30T17:51:47Z</time>
   </trkpt>
   <trkpt lat="48.1267950" lon="17.1216600">
    <ele>138.0</ele>
    <time>2025-09-30T17:51:48Z</time>
   </trkpt>
   <trkpt lat="48.1267950" lon="17.1216600">
    <ele>138.0</ele>
    <time>2025-09-30T17:51:49Z</time>
   </trkpt>
   <trkpt lat="48.1267950" lon="17.1216600">
    <ele>138.0</ele>
    <time>2025-09-30T17:51:50Z</time>
   </trkpt>
   <trkpt lat="48.1267950" lon="17.1216600">
    <ele>138.0</ele>
    <time>2025-09-30T17:51:51Z</time>
   </trkpt>
   <trkpt lat="48.1267950" lon="17.1216600">
    <ele>138.0</ele>
    <time>2025-09-30T17:51:52Z</time>
   </trkpt>
   <trkpt lat="48.1267950" lon="17.1216600">
    <ele>138.0</ele>
    <time>2025-09-30T17:51:53Z</time>
   </trkpt>
   <trkpt lat="48.1267930" lon="17.1216640">
    <ele>138.0</ele>
    <time>2025-09-30T17:51:54Z</time>
   </trkpt>
   <trkpt lat="48.1267870" lon="17.1216780">
    <ele>138.0</ele>
    <time>2025-09-30T17:51:55Z</time>
   </trkpt>
   <trkpt lat="48.1267800" lon="17.1216840">
    <ele>138.0</ele>
    <time>2025-09-30T17:51:56Z</time>
   </trkpt>
   <trkpt lat="48.1267720" lon="17.1216850">
    <ele>138.0</ele>
    <time>2025-09-30T17:51:57Z</time>
   </trkpt>
   <trkpt lat="48.1267710" lon="17.1216850">
    <ele>138.0</ele>
    <time>2025-09-30T17:51:58Z</time>
   </trkpt>
   <trkpt lat="48.1267710" lon="17.1216870">
    <ele>138.0</ele>
    <time>2025-09-30T17:51:59Z</time>
   </trkpt>
   <trkpt lat="48.1267700" lon="17.1216870">
    <ele>138.0</ele>
    <time>2025-09-30T17:52:00Z</time>
   </trkpt>
   <trkpt lat="48.1267690" lon="17.1216860">
    <ele>138.0</ele>
    <time>2025-09-30T17:52:01Z</time>
   </trkpt>
   <trkpt lat="48.1267690" lon="17.1216850">
    <ele>138.0</ele>
    <time>2025-09-30T17:52:02Z</time>
   </trkpt>
   <trkpt lat="48.1267690" lon="17.1216860">
    <ele>138.0</ele>
    <time>2025-09-30T17:52:03Z</time>
   </trkpt>
   <trkpt lat="48.1267700" lon="17.1216880">
    <ele>138.0</ele>
    <time>2025-09-30T17:52:04Z</time>
   </trkpt>
   <trkpt lat="48.1267700" lon="17.1216880">
    <ele>138.0</ele>
    <time>2025-09-30T17:52:05Z</time>
   </trkpt>
   <trkpt lat="48.1267700" lon="17.1216880">
    <ele>138.0</ele>
    <time>2025-09-30T17:52:06Z</time>
   </trkpt>
   <trkpt lat="48.1267710" lon="17.1216880">
    <ele>138.0</ele>
    <time>2025-09-30T17:52:07Z</time>
   </trkpt>
   <trkpt lat="48.1267710" lon="17.1216880">
    <ele>138.0</ele>
    <time>2025-09-30T17:52:08Z</time>
   </trkpt>
   <trkpt lat="48.1267710" lon="17.1216880">
    <ele>138.0</ele>
    <time>2025-09-30T17:52:09Z</time>
   </trkpt>
   <trkpt lat="48.1267710" lon="17.1216890">
    <ele>138.0</ele>
    <time>2025-09-30T17:52:10Z</time>
   </trkpt>
   <trkpt lat="48.1267700" lon="17.1216880">
    <ele>138.0</ele>
    <time>2025-09-30T17:52:11Z</time>
   </trkpt>
   <trkpt lat="48.1267670" lon="17.1216970">
    <ele>138.0</ele>
    <time>2025-09-30T17:52:12Z</time>
   </trkpt>
   <trkpt lat="48.1267740" lon="17.1216910">
    <ele>138.0</ele>
    <time>2025-09-30T17:52:13Z</time>
   </trkpt>
   <trkpt lat="48.1267710" lon="17.1217320">
    <ele>137.9</ele>
    <time>2025-09-30T17:52:14Z</time>
   </trkpt>
   <trkpt lat="48.1267420" lon="17.1217880">
    <ele>137.9</ele>
    <time>2025-09-30T17:52:15Z</time>
   </trkpt>
   <trkpt lat="48.1267230" lon="17.1218120">
    <ele>137.9</ele>
    <time>2025-09-30T17:52:16Z</time>
   </trkpt>
   <trkpt lat="48.1267040" lon="17.1218350">
    <ele>137.9</ele>
    <time>2025-09-30T17:52:17Z</time>
   </trkpt>
   <trkpt lat="48.1266860" lon="17.1218570">
    <ele>137.9</ele>
    <time>2025-09-30T17:52:18Z</time>
   </trkpt>
   <trkpt lat="48.1266790" lon="17.1218670">
    <ele>137.9</ele>
    <time>2025-09-30T17:52:19Z</time>
   </trkpt>
   <trkpt lat="48.1266740" lon="17.1218730">
    <ele>137.9</ele>
    <time>2025-09-30T17:52:20Z</time>
   </trkpt>
   <trkpt lat="48.1266680" lon="17.1218820">
    <ele>137.9</ele>
    <time>2025-09-30T17:52:21Z</time>
   </trkpt>
   <trkpt lat="48.1266680" lon="17.1218910">
    <ele>137.9</ele>
    <time>2025-09-30T17:52:22Z</time>
   </trkpt>
   <trkpt lat="48.1266670" lon="17.1218990">
    <ele>137.9</ele>
    <time>2025-09-30T17:52:23Z</time>
   </trkpt>
   <trkpt lat="48.1266650" lon="17.1219060">
    <ele>137.9</ele>
    <time>2025-09-30T17:52:24Z</time>
   </trkpt>
   <trkpt lat="48.1266640" lon="17.1219070">
    <ele>137.9</ele>
    <time>2025-09-30T17:52:25Z</time>
   </trkpt>
   <trkpt lat="48.1266640" lon="17.1219030">
    <ele>137.9</ele>
    <time>2025-09-30T17:52:26Z</time>
   </trkpt>
   <trkpt lat="48.1266630" lon="17.1219000">
    <ele>137.9</ele>
    <time>2025-09-30T17:52:27Z</time>
   </trkpt>
   <trkpt lat="48.1266620" lon="17.1218960">
    <ele>137.9</ele>
    <time>2025-09-30T17:52:28Z</time>
   </trkpt>
   <trkpt lat="48.1266620" lon="17.1218930">
    <ele>137.9</ele>
    <time>2025-09-30T17:52:29Z</time>
   </trkpt>
   <trkpt lat="48.1266610" lon="17.1218900">
    <ele>137.9</ele>
    <time>2025-09-30T17:52:30Z</time>
   </trkpt>
   <trkpt lat="48.1266600" lon="17.1218860">
    <ele>137.9</ele>
    <time>2025-09-30T17:52:31Z</time>
   </trkpt>
   <trkpt lat="48.1266590" lon="17.1218830">
    <ele>137.9</ele>
    <time>2025-09-30T17:52:32Z</time>
   </trkpt>
   <trkpt lat="48.1266590" lon="17.1218790">
    <ele>137.9</ele>
    <time>2025-09-30T17:52:33Z</time>
   </trkpt>
   <trkpt lat="48.1266580" lon="17.1218760">
    <ele>137.9</ele>
    <time>2025-09-30T17:52:34Z</time>
   </trkpt>
   <trkpt lat="48.1266570" lon="17.1218730">
    <ele>137.9</ele>
    <time>2025-09-30T17:52:35Z</time>
   </trkpt>
   <trkpt lat="48.1266570" lon="17.1218690">
    <ele>137.9</ele>
    <time>2025-09-30T17:52:36Z</time>
   </trkpt>
   <trkpt lat="48.1266560" lon="17.1218660">
    <ele>137.9</ele>
    <time>2025-09-30T17:52:37Z</time>
   </trkpt>
   <trkpt lat="48.1266550" lon="17.1218620">
    <ele>137.9</ele>
    <time>2025-09-30T17:52:38Z</time>
   </trkpt>
   <trkpt lat="48.1266550" lon="17.1218590">
    <ele>137.9</ele>
    <time>2025-09-30T17:52:39Z</time>
   </trkpt>
   <trkpt lat="48.1266540" lon="17.1218560">
    <ele>137.9</ele>
    <time>2025-09-30T17:52:40Z</time>
   </trkpt>
   <trkpt lat="48.1266530" lon="17.1218520">
    <ele>137.9</ele>
    <time>2025-09-30T17:52:41Z</time>
   </trkpt>
   <trkpt lat="48.1266520" lon="17.1218490">
    <ele>137.8</ele>
    <time>2025-09-30T17:52:42Z</time>
   </trkpt>
   <trkpt lat="48.1266520" lon="17.1218450">
    <ele>137.8</ele>
    <time>2025-09-30T17:52:43Z</time>
   </trkpt>
   <trkpt lat="48.1266510" lon="17.1218420">
    <ele>137.8</ele>
    <time>2025-09-30T17:52:44Z</time>
   </trkpt>
   <trkpt lat="48.1266360" lon="17.1218640">
    <ele>137.8</ele>
    <time>2025-09-30T17:52:45Z</time>
   </trkpt>
   <trkpt lat="48.1266040" lon="17.1218640">
    <ele>137.8</ele>
    <time>2025-09-30T17:52:46Z</time>
   </trkpt>
   <trkpt lat="48.1265640" lon="17.1218800">
    <ele>137.8</ele>
    <time>2025-09-30T17:52:47Z</time>
   </trkpt>
   <trkpt lat="48.1265150" lon="17.1219210">
    <ele>137.8</ele>
    <time>2025-09-30T17:52:48Z</time>
   </trkpt>
   <trkpt lat="48.1264790" lon="17.1219650">
    <ele>137.8</ele>
    <time>2025-09-30T17:52:49Z</time>
   </trkpt>
   <trkpt lat="48.1264560" lon="17.1220110">
    <ele>137.7</ele>
    <time>2025-09-30T17:52:50Z</time>
   </trkpt>
   <trkpt lat="48.1264470" lon="17.1220380">
    <ele>137.7</ele>
    <time>2025-09-30T17:52:51Z</time>
   </trkpt>
   <trkpt lat="48.1264510" lon="17.1220340">
    <ele>137.7</ele>
    <time>2025-09-30T17:52:52Z</time>
   </trkpt>
   <trkpt lat="48.1264540" lon="17.1220290">
    <ele>137.7</ele>
    <time>2025-09-30T17:52:53Z</time>
   </trkpt>
   <trkpt lat="48.1264570" lon="17.1220240">
    <ele>137.7</ele>
    <time>2025-09-30T17:52:54Z</time>
   </trkpt>
   <trkpt lat="48.1264610" lon="17.1220200">
    <ele>137.7</ele>
    <time>2025-09-30T17:52:55Z</time>
   </trkpt>
   <trkpt lat="48.1264640" lon="17.1220150">
    <ele>137.7</ele>
    <time>2025-09-30T17:52:56Z</time>
   </trkpt>
   <trkpt lat="48.1264670" lon="17.1220100">
    <ele>137.7</ele>
    <time>2025-09-30T17:52:57Z</time>
   </trkpt>
   <trkpt lat="48.1264710" lon="17.1220060">
    <ele>137.7</ele>
    <time>2025-09-30T17:52:58Z</time>
   </trkpt>
   <trkpt lat="48.1264740" lon="17.1220010">
    <ele>137.7</ele>
    <time>2025-09-30T17:52:59Z</time>
   </trkpt>
   <trkpt lat="48.1264770" lon="17.1219960">
    <ele>137.7</ele>
    <time>2025-09-30T17:53:00Z</time>
   </trkpt>
   <trkpt lat="48.1264800" lon="17.1219910">
    <ele>137.7</ele>
    <time>2025-09-30T17:53:01Z</time>
   </trkpt>
   <trkpt lat="48.1264840" lon="17.1219870">
    <ele>137.7</ele>
    <time>2025-09-30T17:53:02Z</time>
   </trkpt>
   <trkpt lat="48.1264870" lon="17.1219820">
    <ele>137.7</ele>
    <time>2025-09-30T17:53:03Z</time>
   </trkpt>
   <trkpt lat="48.1264900" lon="17.1219770">
    <ele>137.7</ele>
    <time>2025-09-30T17:53:04Z</time>
   </trkpt>
   <trkpt lat="48.1264940" lon="17.1219730">
    <ele>137.7</ele>
    <time>2025-09-30T17:53:05Z</time>
   </trkpt>
   <trkpt lat="48.1264970" lon="17.1219680">
    <ele>137.7</ele>
    <time>2025-09-30T17:53:06Z</time>
   </trkpt>
   <trkpt lat="48.1265160" lon="17.1219420">
    <ele>137.7</ele>
    <time>2025-09-30T17:53:07Z</time>
   </trkpt>
   <trkpt lat="48.1265210" lon="17.1219340">
    <ele>137.7</ele>
    <time>2025-09-30T17:53:08Z</time>
   </trkpt>
   <trkpt lat="48.1265300" lon="17.1219270">
    <ele>137.7</ele>
    <time>2025-09-30T17:53:09Z</time>
   </trkpt>
   <trkpt lat="48.1265370" lon="17.1219170">
    <ele>137.7</ele>
    <time>2025-09-30T17:53:10Z</time>
   </trkpt>
   <trkpt lat="48.1265430" lon="17.1219070">
    <ele>137.7</ele>
    <time>2025-09-30T17:53:11Z</time>
   </trkpt>
   <trkpt lat="48.1265500" lon="17.1218970">
    <ele>137.7</ele>
    <time>2025-09-30T17:53:12Z</time>
   </trkpt>
   <trkpt lat="48.1265560" lon="17.1218870">
    <ele>137.7</ele>
    <time>2025-09-30T17:53:13Z</time>
   </trkpt>
   <trkpt lat="48.1265690" lon="17.1218870">
    <ele>137.7</ele>
    <time>2025-09-30T17:53:14Z</time>
   </trkpt>
   <trkpt lat="48.1265790" lon="17.1218940">
    <ele>137.7</ele>
    <time>2025-09-30T17:53:15Z</time>
   </trkpt>
   <trkpt lat="48.1265890" lon="17.1219000">
    <ele>137.7</ele>
    <time>2025-09-30T17:53:16Z</time>
   </trkpt>
   <trkpt lat="48.1265990" lon="17.1219070">
    <ele>137.7</ele>
    <time>2025-09-30T17:53:17Z</time>
   </trkpt>
   <trkpt lat="48.1266060" lon="17.1219120">
    <ele>137.7</ele>
    <time>2025-09-30T17:53:18Z</time>
   </trkpt>
   <trkpt lat="48.1265970" lon="17.1219130">
    <ele>137.7</ele>
    <time>2025-09-30T17:53:19Z</time>
   </trkpt>
   <trkpt lat="48.1265820" lon="17.1219140">
    <ele>137.7</ele>
    <time>2025-09-30T17:53:20Z</time>
   </trkpt>
   <trkpt lat="48.1265710" lon="17.1219190">
    <ele>137.7</ele>
    <time>2025-09-30T17:53:21Z</time>
   </trkpt>
   <trkpt lat="48.1265770" lon="17.1219450">
    <ele>137.6</ele>
    <time>2025-09-30T17:53:22Z</time>
   </trkpt>
   <trkpt lat="48.1265840" lon="17.1219570">
    <ele>137.6</ele>
    <time>2025-09-30T17:53:23Z</time>
   </trkpt>
   <trkpt lat="48.1265920" lon="17.1219700">
    <ele>137.6</ele>
    <time>2025-09-30T17:53:24Z</time>
   </trkpt>
   <trkpt lat="48.1266170" lon="17.1219930">
    <ele>137.6</ele>
    <time>2025-09-30T17:53:25Z</time>
   </trkpt>
   <trkpt lat="48.1266240" lon="17.1219990">
    <ele>137.6</ele>
    <time>2025-09-30T17:53:26Z</time>
   </trkpt>
   <trkpt lat="48.1266300" lon="17.1220010">
    <ele>137.6</ele>
    <time>2025-09-30T17:53:27Z</time>
   </trkpt>
   <trkpt lat="48.1266310" lon="17.1220010">
    <ele>137.6</ele>
    <time>2025-09-30T17:53:28Z</time>
   </trkpt>
   <trkpt lat="48.1266320" lon="17.1220010">
    <ele>137.6</ele>
    <time>2025-09-30T17:53:29Z</time>
   </trkpt>
   <trkpt lat="48.1266320" lon="17.1220010">
    <ele>137.6</ele>
    <time>2025-09-30T17:53:30Z</time>
   </trkpt>
   <trkpt lat="48.1266320" lon="17.1220010">
    <ele>137.6</ele>
    <time>2025-09-30T17:53:31Z</time>
   </trkpt>
   <trkpt lat="48.1266320" lon="17.1220010">
    <ele>137.6</ele>
    <time>2025-09-30T17:53:32Z</time>
   </trkpt>
   <trkpt lat="48.1266320" lon="17.1220010">
    <ele>137.6</ele>
    <time>2025-09-30T17:53:33Z</time>
   </trkpt>
   <trkpt lat="48.1266320" lon="17.1220000">
    <ele>137.6</ele>
    <time>2025-09-30T17:53:34Z</time>
   </trkpt>
   <trkpt lat="48.1266320" lon="17.1220000">
    <ele>137.6</ele>
    <time>2025-09-30T17:53:35Z</time>
   </trkpt>
   <trkpt lat="48.1266320" lon="17.1220000">
    <ele>137.6</ele>
    <time>2025-09-30T17:53:36Z</time>
   </trkpt>
   <trkpt lat="48.1266320" lon="17.1220000">
    <ele>137.6</ele>
    <time>2025-09-30T17:53:37Z</time>
   </trkpt>
   <trkpt lat="48.1266420" lon="17.1220040">
    <ele>137.6</ele>
    <time>2025-09-30T17:53:38Z</time>
   </trkpt>
   <trkpt lat="48.1266460" lon="17.1220120">
    <ele>137.6</ele>
    <time>2025-09-30T17:53:39Z</time>
   </trkpt>
   <trkpt lat="48.1266440" lon="17.1220240">
    <ele>137.6</ele>
    <time>2025-09-30T17:53:40Z</time>
   </trkpt>
   <trkpt lat="48.1266420" lon="17.1220330">
    <ele>137.6</ele>
    <time>2025-09-30T17:53:41Z</time>
   </trkpt>
   <trkpt lat="48.1266480" lon="17.1220480">
    <ele>137.6</ele>
    <time>2025-09-30T17:53:42Z</time>
   </trkpt>
   <trkpt lat="48.1266550" lon="17.1220590">
    <ele>137.6</ele>
    <time>2025-09-30T17:53:43Z</time>
   </trkpt>
   <trkpt lat="48.1266610" lon="17.1220690">
    <ele>137.6</ele>
    <time>2025-09-30T17:53:44Z</time>
   </trkpt>
   <trkpt lat="48.1266670" lon="17.1220800">
    <ele>137.6</ele>
    <time>2025-09-30T17:53:45Z</time>
   </trkpt>
   <trkpt lat="48.1266700" lon="17.1220940">
    <ele>137.6</ele>
    <time>2025-09-30T17:53:46Z</time>
   </trkpt>
   <trkpt lat="48.1266720" lon="17.1221020">
    <ele>137.6</ele>
    <time>2025-09-30T17:53:47Z</time>
   </trkpt>
   <trkpt lat="48.1266810" lon="17.1221080">
    <ele>137.6</ele>
    <time>2025-09-30T17:53:48Z</time>
   </trkpt>
   <trkpt lat="48.1266890" lon="17.1221110">
    <ele>137.6</ele>
    <time>2025-09-30T17:53:49Z</time>
   </trkpt>
   <trkpt lat="48.1266850" lon="17.1221100">
    <ele>137.6</ele>
    <time>2025-09-30T17:53:50Z</time>
   </trkpt>
   <trkpt lat="48.1266840" lon="17.1221090">
    <ele>137.6</ele>
    <time>2025-09-30T17:53:51Z</time>
   </trkpt>
   <trkpt lat="48.1266870" lon="17.1221090">
    <ele>137.6</ele>
    <time>2025-09-30T17:53:52Z</time>
   </trkpt>
   <trkpt lat="48.1266870" lon="17.1221080">
    <ele>137.6</ele>
    <time>2025-09-30T17:53:53Z</time>
   </trkpt>
   <trkpt lat="48.1266870" lon="17.1221080">
    <ele>137.6</ele>
    <time>2025-09-30T17:53:54Z</time>
   </trkpt>
   <trkpt lat="48.1266850" lon="17.1221060">
    <ele>137.6</ele>
    <time>2025-09-30T17:53:55Z</time>
   </trkpt>
   <trkpt lat="48.1266830" lon="17.1221100">
    <ele>137.6</ele>
    <time>2025-09-30T17:53:56Z</time>
   </trkpt>
   <trkpt lat="48.1266850" lon="17.1221250">
    <ele>137.6</ele>
    <time>2025-09-30T17:53:57Z</time>
   </trkpt>
   <trkpt lat="48.1266820" lon="17.1221280">
    <ele>137.6</ele>
    <time>2025-09-30T17:53:58Z</time>
   </trkpt>
   <trkpt lat="48.1266850" lon="17.1221380">
    <ele>137.6</ele>
    <time>2025-09-30T17:53:59Z</time>
   </trkpt>
   <trkpt lat="48.1266870" lon="17.1221440">
    <ele>137.6</ele>
    <time>2025-09-30T17:54:00Z</time>
   </trkpt>
   <trkpt lat="48.1266940" lon="17.1221610">
    <ele>137.6</ele>
    <time>2025-09-30T17:54:01Z</time>
   </trkpt>
   <trkpt lat="48.1266960" lon="17.1221810">
    <ele>137.6</ele>
    <time>2025-09-30T17:54:02Z</time>
   </trkpt>
   <trkpt lat="48.1266960" lon="17.1221970">
    <ele>137.6</ele>
    <time>2025-09-30T17:54:03Z</time>
   </trkpt>
   <trkpt lat="48.1266950" lon="17.1222110">
    <ele>137.6</ele>
    <time>2025-09-30T17:54:04Z</time>
   </trkpt>
   <trkpt lat="48.1266940" lon="17.1222230">
    <ele>137.6</ele>
    <time>2025-09-30T17:54:05Z</time>
   </trkpt>
   <trkpt lat="48.1266910" lon="17.1222410">
    <ele>137.5</ele>
    <time>2025-09-30T17:54:06Z</time>
   </trkpt>
   <trkpt lat="48.1266890" lon="17.1222560">
    <ele>137.5</ele>
    <time>2025-09-30T17:54:07Z</time>
   </trkpt>
   <trkpt lat="48.1266910" lon="17.1222720">
    <ele>137.5</ele>
    <time>2025-09-30T17:54:08Z</time>
   </trkpt>
   <trkpt lat="48.1266920" lon="17.1222820">
    <ele>137.5</ele>
    <time>2025-09-30T17:54:09Z</time>
   </trkpt>
   <trkpt lat="48.1266910" lon="17.1222850">
    <ele>137.5</ele>
    <time>2025-09-30T17:54:10Z</time>
   </trkpt>
   <trkpt lat="48.1266890" lon="17.1222860">
    <ele>137.5</ele>
    <time>2025-09-30T17:54:11Z</time>
   </trkpt>
   <trkpt lat="48.1266910" lon="17.1222870">
    <ele>137.5</ele>
    <time>2025-09-30T17:54:12Z</time>
   </trkpt>
   <trkpt lat="48.1266920" lon="17.1222860">
    <ele>137.5</ele>
    <time>2025-09-30T17:54:13Z</time>
   </trkpt>
   <trkpt lat="48.1266920" lon="17.1222850">
    <ele>137.5</ele>
    <time>2025-09-30T17:54:14Z</time>
   </trkpt>
   <trkpt lat="48.1266930" lon="17.1222830">
    <ele>137.5</ele>
    <time>2025-09-30T17:54:15Z</time>
   </trkpt>
   <trkpt lat="48.1266940" lon="17.1222840">
    <ele>137.5</ele>
    <time>2025-09-30T17:54:16Z</time>
   </trkpt>
   <trkpt lat="48.1266930" lon="17.1222830">
    <ele>137.5</ele>
    <time>2025-09-30T17:54:17Z</time>
   </trkpt>
   <trkpt lat="48.1266940" lon="17.1222800">
    <ele>137.5</ele>
    <time>2025-09-30T17:54:18Z</time>
   </trkpt>
   <trkpt lat="48.1266960" lon="17.1222790">
    <ele>137.5</ele>
    <time>2025-09-30T17:54:19Z</time>
   </trkpt>
   <trkpt lat="48.1266970" lon="17.1222750">
    <ele>137.5</ele>
    <time>2025-09-30T17:54:20Z</time>
   </trkpt>
   <trkpt lat="48.1266980" lon="17.1222650">
    <ele>137.5</ele>
    <time>2025-09-30T17:54:21Z</time>
   </trkpt>
   <trkpt lat="48.1266970" lon="17.1222560">
    <ele>137.5</ele>
    <time>2025-09-30T17:54:22Z</time>
   </trkpt>
   <trkpt lat="48.1267090" lon="17.1222270">
    <ele>137.5</ele>
    <time>2025-09-30T17:54:23Z</time>
   </trkpt>
   <trkpt lat="48.1267150" lon="17.1222060">
    <ele>137.5</ele>
    <time>2025-09-30T17:54:24Z</time>
   </trkpt>
   <trkpt lat="48.1267230" lon="17.1221890">
    <ele>137.5</ele>
    <time>2025-09-30T17:54:25Z</time>
   </trkpt>
   <trkpt lat="48.1267390" lon="17.1221760">
    <ele>137.5</ele>
    <time>2025-09-30T17:54:26Z</time>
   </trkpt>
   <trkpt lat="48.1267540" lon="17.1221740">
    <ele>137.5</ele>
    <time>2025-09-30T17:54:27Z</time>
   </trkpt>
   <trkpt lat="48.1267660" lon="17.1221780">
    <ele>137.5</ele>
    <time>2025-09-30T17:54:28Z</time>
   </trkpt>
   <trkpt lat="48.1267750" lon="17.1221790">
    <ele>137.5</ele>
    <time>2025-09-30T17:54:29Z</time>
   </trkpt>
   <trkpt lat="48.1267780" lon="17.1221790">
    <ele>137.5</ele>
    <time>2025-09-30T17:54:30Z</time>
   </trkpt>
   <trkpt lat="48.1267770" lon="17.1221770">
    <ele>137.5</ele>
    <time>2025-09-30T17:54:31Z</time>
   </trkpt>
   <trkpt lat="48.1267750" lon="17.1221770">
    <ele>137.5</ele>
    <time>2025-09-30T17:54:32Z</time>
   </trkpt>
   <trkpt lat="48.1267820" lon="17.1221780">
    <ele>137.5</ele>
    <time>2025-09-30T17:54:33Z</time>
   </trkpt>
   <trkpt lat="48.1267860" lon="17.1221780">
    <ele>137.5</ele>
    <time>2025-09-30T17:54:34Z</time>
   </trkpt>
   <trkpt lat="48.1267870" lon="17.1221780">
    <ele>137.5</ele>
    <time>2025-09-30T17:54:35Z</time>
   </trkpt>
   <trkpt lat="48.1267910" lon="17.1221820">
    <ele>137.5</ele>
    <time>2025-09-30T17:54:36Z</time>
   </trkpt>
   <trkpt lat="48.1267930" lon="17.1221890">
    <ele>137.5</ele>
    <time>2025-09-30T17:54:37Z</time>
   </trkpt>
   <trkpt lat="48.1267920" lon="17.1221950">
    <ele>137.5</ele>
    <time>2025-09-30T17:54:38Z</time>
   </trkpt>
   <trkpt lat="48.1267940" lon="17.1221980">
    <ele>137.5</ele>
    <time>2025-09-30T17:54:39Z</time>
   </trkpt>
   <trkpt lat="48.1267940" lon="17.1222030">
    <ele>137.5</ele>
    <time>2025-09-30T17:54:40Z</time>
   </trkpt>
   <trkpt lat="48.1267890" lon="17.1222120">
    <ele>137.5</ele>
    <time>2025-09-30T17:54:41Z</time>
   </trkpt>
   <trkpt lat="48.1267860" lon="17.1222260">
    <ele>137.5</ele>
    <time>2025-09-30T17:54:42Z</time>
   </trkpt>
   <trkpt lat="48.1267870" lon="17.1222380">
    <ele>137.5</ele>
    <time>2025-09-30T17:54:43Z</time>
   </trkpt>
   <trkpt lat="48.1267880" lon="17.1222470">
    <ele>137.5</ele>
    <time>2025-09-30T17:54:44Z</time>
   </trkpt>
   <trkpt lat="48.1267900" lon="17.1222470">
    <ele>137.5</ele>
    <time>2025-09-30T17:54:45Z</time>
   </trkpt>
   <trkpt lat="48.1267850" lon="17.1222700">
    <ele>137.5</ele>
    <time>2025-09-30T17:54:46Z</time>
   </trkpt>
   <trkpt lat="48.1267810" lon="17.1222890">
    <ele>137.5</ele>
    <time>2025-09-30T17:54:47Z</time>
   </trkpt>
   <trkpt lat="48.1267750" lon="17.1223080">
    <ele>137.5</ele>
    <time>2025-09-30T17:54:48Z</time>
   </trkpt>
   <trkpt lat="48.1267710" lon="17.1223260">
    <ele>137.4</ele>
    <time>2025-09-30T17:54:49Z</time>
   </trkpt>
   <trkpt lat="48.1267690" lon="17.1223410">
    <ele>137.4</ele>
    <time>2025-09-30T17:54:50Z</time>
   </trkpt>
   <trkpt lat="48.1267700" lon="17.1223540">
    <ele>137.4</ele>
    <time>2025-09-30T17:54:51Z</time>
   </trkpt>
   <trkpt lat="48.1267660" lon="17.1223650">
    <ele>137.4</ele>
    <time>2025-09-30T17:54:52Z</time>
   </trkpt>
   <trkpt lat="48.1267630" lon="17.1223730">
    <ele>137.4</ele>
    <time>2025-09-30T17:54:53Z</time>
   </trkpt>
   <trkpt lat="48.1267590" lon="17.1223760">
    <ele>137.4</ele>
    <time>2025-09-30T17:54:54Z</time>
   </trkpt>
   <trkpt lat="48.1267550" lon="17.1223790">
    <ele>137.4</ele>
    <time>2025-09-30T17:54:55Z</time>
   </trkpt>
   <trkpt lat="48.1267520" lon="17.1223900">
    <ele>137.4</ele>
    <time>2025-09-30T17:54:56Z</time>
   </trkpt>
   <trkpt lat="48.1267440" lon="17.1224230">
    <ele>137.4</ele>
    <time>2025-09-30T17:54:57Z</time>
   </trkpt>
   <trkpt lat="48.1267380" lon="17.1224310">
    <ele>137.4</ele>
    <time>2025-09-30T17:54:58Z</time>
   </trkpt>
   <trkpt lat="48.1267330" lon="17.1224400">
    <ele>137.4</ele>
    <time>2025-09-30T17:54:59Z</time>
   </trkpt>
   <trkpt lat="48.1267260" lon="17.1224570">
    <ele>137.4</ele>
    <time>2025-09-30T17:55:00Z</time>
   </trkpt>
   <trkpt lat="48.1267230" lon="17.1224730">
    <ele>137.4</ele>
    <time>2025-09-30T17:55:01Z</time>
   </trkpt>
   <trkpt lat="48.1267190" lon="17.1224830">
    <ele>137.4</ele>
    <time>2025-09-30T17:55:02Z</time>
   </trkpt>
   <trkpt lat="48.1267190" lon="17.1224970">
    <ele>137.4</ele>
    <time>2025-09-30T17:55:03Z</time>
   </trkpt>
   <trkpt lat="48.1267140" lon="17.1225020">
    <ele>137.4</ele>
    <time>2025-09-30T17:55:04Z</time>
   </trkpt>
   <trkpt lat="48.1267070" lon="17.1225080">
    <ele>137.4</ele>
    <time>2025-09-30T17:55:05Z</time>
   </trkpt>
   <trkpt lat="48.1267030" lon="17.1225180">
    <ele>137.4</ele>
    <time>2025-09-30T17:55:06Z</time>
   </trkpt>
   <trkpt lat="48.1266990" lon="17.1225240">
    <ele>137.4</ele>
    <time>2025-09-30T17:55:07Z</time>
   </trkpt>
   <trkpt lat="48.1266940" lon="17.1225340">
    <ele>137.4</ele>
    <time>2025-09-30T17:55:08Z</time>
   </trkpt>
   <trkpt lat="48.1266900" lon="17.1225470">
    <ele>137.4</ele>
    <time>2025-09-30T17:55:09Z</time>
   </trkpt>
   <trkpt lat="48.1266890" lon="17.1225560">
    <ele>137.4</ele>
    <time>2025-09-30T17:55:10Z</time>
   </trkpt>
   <trkpt lat="48.1266900" lon="17.1225580">
    <ele>137.4</ele>
    <time>2025-09-30T17:55:11Z</time>
   </trkpt>
   <trkpt lat="48.1266920" lon="17.1225580">
    <ele>137.4</ele>
    <time>2025-09-30T17:55:12Z</time>
   </trkpt>
   <trkpt lat="48.1266940" lon="17.1225570">
    <ele>137.4</ele>
    <time>2025-09-30T17:55:13Z</time>
   </trkpt>
   <trkpt lat="48.1266950" lon="17.1225580">
    <ele>137.4</ele>
    <time>2025-09-30T17:55:14Z</time>
   </trkpt>
   <trkpt lat="48.1266950" lon="17.1225680">
    <ele>137.4</ele>
    <time>2025-09-30T17:55:15Z</time>
   </trkpt>
   <trkpt lat="48.1266950" lon="17.1225830">
    <ele>137.4</ele>
    <time>2025-09-30T17:55:16Z</time>
   </trkpt>
   <trkpt lat="48.1266960" lon="17.1226000">
    <ele>137.4</ele>
    <time>2025-09-30T17:55:17Z</time>
   </trkpt>
   <trkpt lat="48.1266980" lon="17.1226210">
    <ele>137.4</ele>
    <time>2025-09-30T17:55:18Z</time>
   </trkpt>
   <trkpt lat="48.1266970" lon="17.1226450">
    <ele>137.4</ele>
    <time>2025-09-30T17:55:19Z</time>
   </trkpt>
   <trkpt lat="48.1266910" lon="17.1226710">
    <ele>137.4</ele>
    <time>2025-09-30T17:55:20Z</time>
   </trkpt>
   <trkpt lat="48.1266870" lon="17.1226930">
    <ele>137.4</ele>
    <time>2025-09-30T17:55:21Z</time>
   </trkpt>
   <trkpt lat="48.1266800" lon="17.1227180">
    <ele>137.4</ele>
    <time>2025-09-30T17:55:22Z</time>
   </trkpt>
   <trkpt lat="48.1266690" lon="17.1227300">
    <ele>137.4</ele>
    <time>2025-09-30T17:55:23Z</time>
   </trkpt>
   <trkpt lat="48.1266610" lon="17.1227310">
    <ele>137.4</ele>
    <time>2025-09-30T17:55:24Z</time>
   </trkpt>
   <trkpt lat="48.1266650" lon="17.1227330">
    <ele>137.4</ele>
    <time>2025-09-30T17:55:25Z</time>
   </trkpt>
   <trkpt lat="48.1266710" lon="17.1227500">
    <ele>137.4</ele>
    <time>2025-09-30T17:55:26Z</time>
   </trkpt>
   <trkpt lat="48.1266760" lon="17.1227590">
    <ele>137.4</ele>
    <time>2025-09-30T17:55:27Z</time>
   </trkpt>
   <trkpt lat="48.1266790" lon="17.1227660">
    <ele>137.4</ele>
    <time>2025-09-30T17:55:28Z</time>
   </trkpt>
   <trkpt lat="48.1266770" lon="17.1227640">
    <ele>137.4</ele>
    <time>2025-09-30T17:55:29Z</time>
   </trkpt>
   <trkpt lat="48.1266770" lon="17.1227610">
    <ele>137.4</ele>
    <time>2025-09-30T17:55:30Z</time>
   </trkpt>
   <trkpt lat="48.1266770" lon="17.1227590">
    <ele>137.4</ele>
    <time>2025-09-30T17:55:31Z</time>
   </trkpt>
   <trkpt lat="48.1266780" lon="17.1227590">
    <ele>137.4</ele>
    <time>2025-09-30T17:55:32Z</time>
   </trkpt>
   <trkpt lat="48.1266790" lon="17.1227600">
    <ele>137.4</ele>
    <time>2025-09-30T17:55:33Z</time>
   </trkpt>
   <trkpt lat="48.1266800" lon="17.1227610">
    <ele>137.4</ele>
    <time>2025-09-30T17:55:34Z</time>
   </trkpt>
   <trkpt lat="48.1266840" lon="17.1227650">
    <ele>137.4</ele>
    <time>2025-09-30T17:55:35Z</time>
   </trkpt>
   <trkpt lat="48.1266850" lon="17.1227670">
    <ele>137.4</ele>
    <time>2025-09-30T17:55:36Z</time>
   </trkpt>
   <trkpt lat="48.1266850" lon="17.1227680">
    <ele>137.4</ele>
    <time>2025-09-30T17:55:37Z</time>
   </trkpt>
   <trkpt lat="48.1266860" lon="17.1227680">
    <ele>137.4</ele>
    <time>2025-09-30T17:55:38Z</time>
   </trkpt>
   <trkpt lat="48.1266840" lon="17.1227720">
    <ele>137.4</ele>
    <time>2025-09-30T17:55:39Z</time>
   </trkpt>
   <trkpt lat="48.1266860" lon="17.1227800">
    <ele>137.4</ele>
    <time>2025-09-30T17:55:40Z</time>
   </trkpt>
   <trkpt lat="48.1266920" lon="17.1227930">
    <ele>137.4</ele>
    <time>2025-09-30T17:55:41Z</time>
   </trkpt>
   <trkpt lat="48.1266930" lon="17.1228150">
    <ele>137.4</ele>
    <time>2025-09-30T17:55:42Z</time>
   </trkpt>
   <trkpt lat="48.1266910" lon="17.1228340">
    <ele>137.4</ele>
    <time>2025-09-30T17:55:43Z</time>
   </trkpt>
   <trkpt lat="48.1266870" lon="17.1228550">
    <ele>137.4</ele>
    <time>2025-09-30T17:55:44Z</time>
   </trkpt>
   <trkpt lat="48.1266860" lon="17.1228780">
    <ele>137.4</ele>
    <time>2025-09-30T17:55:45Z</time>
   </trkpt>
   <trkpt lat="48.1266860" lon="17.1228970">
    <ele>137.4</ele>
    <time>2025-09-30T17:55:46Z</time>
   </trkpt>
   <trkpt lat="48.1266890" lon="17.1229110">
    <ele>137.4</ele>
    <time>2025-09-30T17:55:47Z</time>
   </trkpt>
   <trkpt lat="48.1266930" lon="17.1229260">
    <ele>137.3</ele>
    <time>2025-09-30T17:55:48Z</time>
   </trkpt>
   <trkpt lat="48.1266950" lon="17.1229380">
    <ele>137.3</ele>
    <time>2025-09-30T17:55:49Z</time>
   </trkpt>
   <trkpt lat="48.1267000" lon="17.1229510">
    <ele>137.3</ele>
    <time>2025-09-30T17:55:50Z</time>
   </trkpt>
   <trkpt lat="48.1267060" lon="17.1229640">
    <ele>137.3</ele>
    <time>2025-09-30T17:55:51Z</time>
   </trkpt>
   <trkpt lat="48.1267240" lon="17.1229630">
    <ele>137.3</ele>
    <time>2025-09-30T17:55:52Z</time>
   </trkpt>
   <trkpt lat="48.1267390" lon="17.1229610">
    <ele>137.3</ele>
    <time>2025-09-30T17:55:53Z</time>
   </trkpt>
   <trkpt lat="48.1267540" lon="17.1229620">
    <ele>137.3</ele>
    <time>2025-09-30T17:55:54Z</time>
   </trkpt>
   <trkpt lat="48.1267820" lon="17.1229620">
    <ele>137.3</ele>
    <time>2025-09-30T17:55:55Z</time>
   </trkpt>
   <trkpt lat="48.1267830" lon="17.1229680">
    <ele>137.3</ele>
    <time>2025-09-30T17:55:56Z</time>
   </trkpt>
   <trkpt lat="48.1267850" lon="17.1229710">
    <ele>137.3</ele>
    <time>2025-09-30T17:55:57Z</time>
   </trkpt>
   <trkpt lat="48.1267910" lon="17.1229710">
    <ele>137.3</ele>
    <time>2025-09-30T17:55:58Z</time>
   </trkpt>
   <trkpt lat="48.1267980" lon="17.1229720">
    <ele>137.3</ele>
    <time>2025-09-30T17:55:59Z</time>
   </trkpt>
   <trkpt lat="48.1268040" lon="17.1229760">
    <ele>137.3</ele>
    <time>2025-09-30T17:56:00Z</time>
   </trkpt>
   <trkpt lat="48.1268100" lon="17.1229800">
    <ele>137.3</ele>
    <time>2025-09-30T17:56:01Z</time>
   </trkpt>
   <trkpt lat="48.1268130" lon="17.1229800">
    <ele>137.3</ele>
    <time>2025-09-30T17:56:02Z</time>
   </trkpt>
   <trkpt lat="48.1268110" lon="17.1229690">
    <ele>137.3</ele>
    <time>2025-09-30T17:56:03Z</time>
   </trkpt>
   <trkpt lat="48.1268070" lon="17.1229550">
    <ele>137.3</ele>
    <time>2025-09-30T17:56:04Z</time>
   </trkpt>
   <trkpt lat="48.1268030" lon="17.1229450">
    <ele>137.3</ele>
    <time>2025-09-30T17:56:05Z</time>
   </trkpt>
   <trkpt lat="48.1267990" lon="17.1229360">
    <ele>137.3</ele>
    <time>2025-09-30T17:56:06Z</time>
   </trkpt>
   <trkpt lat="48.1267970" lon="17.1229420">
    <ele>137.3</ele>
    <time>2025-09-30T17:56:07Z</time>
   </trkpt>
   <trkpt lat="48.1267960" lon="17.1229510">
    <ele>137.3</ele>
    <time>2025-09-30T17:56:08Z</time>
   </trkpt>
   <trkpt lat="48.1267960" lon="17.1229600">
    <ele>137.3</ele>
    <time>2025-09-30T17:56:09Z</time>
   </trkpt>
   <trkpt lat="48.1267960" lon="17.1229690">
    <ele>137.3</ele>
    <time>2025-09-30T17:56:10Z</time>
   </trkpt>
   <trkpt lat="48.1267950" lon="17.1229770">
    <ele>137.3</ele>
    <time>2025-09-30T17:56:11Z</time>
   </trkpt>
   <trkpt lat="48.1267950" lon="17.1229860">
    <ele>137.3</ele>
    <time>2025-09-30T17:56:12Z</time>
   </trkpt>
   <trkpt lat="48.1267940" lon="17.1229950">
    <ele>137.3</ele>
    <time>2025-09-30T17:56:13Z</time>
   </trkpt>
   <trkpt lat="48.1267940" lon="17.1230040">
    <ele>137.3</ele>
    <time>2025-09-30T17:56:14Z</time>
   </trkpt>
   <trkpt lat="48.1267840" lon="17.1230450">
    <ele>137.3</ele>
    <time>2025-09-30T17:56:15Z</time>
   </trkpt>
   <trkpt lat="48.1267750" lon="17.1230690">
    <ele>137.3</ele>
    <time>2025-09-30T17:56:16Z</time>
   </trkpt>
   <trkpt lat="48.1267770" lon="17.1230960">
    <ele>137.3</ele>
    <time>2025-09-30T17:56:17Z</time>
   </trkpt>
   <trkpt lat="48.1267790" lon="17.1231160">
    <ele>137.3</ele>
    <time>2025-09-30T17:56:18Z</time>
   </trkpt>
   <trkpt lat="48.1267820" lon="17.1231230">
    <ele>137.3</ele>
    <time>2025-09-30T17:56:19Z</time>
   </trkpt>
   <trkpt lat="48.1267810" lon="17.1231250">
    <ele>137.3</ele>
    <time>2025-09-30T17:56:20Z</time>
   </trkpt>
   <trkpt lat="48.1267760" lon="17.1231270">
    <ele>137.3</ele>
    <time>2025-09-30T17:56:21Z</time>
   </trkpt>
   <trkpt lat="48.1267730" lon="17.1231270">
    <ele>137.3</ele>
    <time>2025-09-30T17:56:22Z</time>
   </trkpt>
   <trkpt lat="48.1267690" lon="17.1231270">
    <ele>137.3</ele>
    <time>2025-09-30T17:56:23Z</time>
   </trkpt>
   <trkpt lat="48.1267660" lon="17.1231270">
    <ele>137.3</ele>
    <time>2025-09-30T17:56:24Z</time>
   </trkpt>
   <trkpt lat="48.1267650" lon="17.1231320">
    <ele>137.3</ele>
    <time>2025-09-30T17:56:25Z</time>
   </trkpt>
   <trkpt lat="48.1267730" lon="17.1231410">
    <ele>137.3</ele>
    <time>2025-09-30T17:56:26Z</time>
   </trkpt>
   <trkpt lat="48.1267750" lon="17.1231610">
    <ele>137.3</ele>
    <time>2025-09-30T17:56:27Z</time>
   </trkpt>
   <trkpt lat="48.1267730" lon="17.1231840">
    <ele>137.3</ele>
    <time>2025-09-30T17:56:28Z</time>
   </trkpt>
   <trkpt lat="48.1267730" lon="17.1232200">
    <ele>137.3</ele>
    <time>2025-09-30T17:56:29Z</time>
   </trkpt>
   <trkpt lat="48.1267740" lon="17.1232340">
    <ele>137.3</ele>
    <time>2025-09-30T17:56:30Z</time>
   </trkpt>
   <trkpt lat="48.1267750" lon="17.1232490">
    <ele>137.3</ele>
    <time>2025-09-30T17:56:31Z</time>
   </trkpt>
   <trkpt lat="48.1267780" lon="17.1232710">
    <ele>137.5</ele>
    <time>2025-09-30T17:56:32Z</time>
   </trkpt>
   <trkpt lat="48.1267770" lon="17.1232910">
    <ele>137.8</ele>
    <time>2025-09-30T17:56:33Z</time>
   </trkpt>
   <trkpt lat="48.1267740" lon="17.1233090">
    <ele>138.2</ele>
    <time>2025-09-30T17:56:34Z</time>
   </trkpt>
   <trkpt lat="48.1267710" lon="17.1233240">
    <ele>138.5</ele>
    <time>2025-09-30T17:56:35Z</time>
   </trkpt>
   <trkpt lat="48.1267670" lon="17.1233360">
    <ele>138.3</ele>
    <time>2025-09-30T17:56:36Z</time>
   </trkpt>
   <trkpt lat="48.1267710" lon="17.1233450">
    <ele>138.0</ele>
    <time>2025-09-30T17:56:37Z</time>
   </trkpt>
   <trkpt lat="48.1267740" lon="17.1233500">
    <ele>137.8</ele>
    <time>2025-09-30T17:56:38Z</time>
   </trkpt>
   <trkpt lat="48.1267770" lon="17.1233540">
    <ele>137.6</ele>
    <time>2025-09-30T17:56:39Z</time>
   </trkpt>
   <trkpt lat="48.1267780" lon="17.1233550">
    <ele>137.5</ele>
    <time>2025-09-30T17:56:40Z</time>
   </trkpt>
   <trkpt lat="48.1267790" lon="17.1233570">
    <ele>137.5</ele>
    <time>2025-09-30T17:56:41Z</time>
   </trkpt>
   <trkpt lat="48.1267800" lon="17.1233590">
    <ele>137.4</ele>
    <time>2025-09-30T17:56:42Z</time>
   </trkpt>
   <trkpt lat="48.1267820" lon="17.1233610">
    <ele>137.4</ele>
    <time>2025-09-30T17:56:43Z</time>
   </trkpt>
   <trkpt lat="48.1267840" lon="17.1233630">
    <ele>137.4</ele>
    <time>2025-09-30T17:56:44Z</time>
   </trkpt>
   <trkpt lat="48.1267860" lon="17.1233670">
    <ele>137.4</ele>
    <time>2025-09-30T17:56:45Z</time>
   </trkpt>
   <trkpt lat="48.1267860" lon="17.1233720">
    <ele>137.4</ele>
    <time>2025-09-30T17:56:46Z</time>
   </trkpt>
   <trkpt lat="48.1267860" lon="17.1233750">
    <ele>137.4</ele>
    <time>2025-09-30T17:56:47Z</time>
   </trkpt>
   <trkpt lat="48.1267850" lon="17.1233800">
    <ele>137.5</ele>
    <time>2025-09-30T17:56:48Z</time>
   </trkpt>
   <trkpt lat="48.1267830" lon="17.1233810">
    <ele>137.5</ele>
    <time>2025-09-30T17:56:49Z</time>
   </trkpt>
   <trkpt lat="48.1267840" lon="17.1233850">
    <ele>137.5</ele>
    <time>2025-09-30T17:56:50Z</time>
   </trkpt>
   <trkpt lat="48.1267850" lon="17.1233900">
    <ele>137.5</ele>
    <time>2025-09-30T17:56:51Z</time>
   </trkpt>
   <trkpt lat="48.1267870" lon="17.1233970">
    <ele>137.5</ele>
    <time>2025-09-30T17:56:52Z</time>
   </trkpt>
   <trkpt lat="48.1267880" lon="17.1234010">
    <ele>137.5</ele>
    <time>2025-09-30T17:56:53Z</time>
   </trkpt>
   <trkpt lat="48.1267880" lon="17.1234030">
    <ele>137.5</ele>
    <time>2025-09-30T17:56:54Z</time>
   </trkpt>
   <trkpt lat="48.1267880" lon="17.1234050">
    <ele>137.6</ele>
    <time>2025-09-30T17:56:55Z</time>
   </trkpt>
   <trkpt lat="48.1267880" lon="17.1234070">
    <ele>137.6</ele>
    <time>2025-09-30T17:56:56Z</time>
   </trkpt>
   <trkpt lat="48.1267890" lon="17.1234080">
    <ele>137.6</ele>
    <time>2025-09-30T17:56:57Z</time>
   </trkpt>
   <trkpt lat="48.1267890" lon="17.1234090">
    <ele>137.6</ele>
    <time>2025-09-30T17:56:58Z</time>
   </trkpt>
   <trkpt lat="48.1267890" lon="17.1234090">
    <ele>137.6</ele>
    <time>2025-09-30T17:56:59Z</time>
   </trkpt>
   <trkpt lat="48.1267900" lon="17.1234100">
    <ele>137.6</ele>
    <time>2025-09-30T17:57:00Z</time>
   </trkpt>
   <trkpt lat="48.1267900" lon="17.1234100">
    <ele>137.6</ele>
    <time>2025-09-30T17:57:01Z</time>
   </trkpt>
   <trkpt lat="48.1267900" lon="17.1234100">
    <ele>137.6</ele>
    <time>2025-09-30T17:57:02Z</time>
   </trkpt>
   <trkpt lat="48.1267900" lon="17.1234100">
    <ele>137.6</ele>
    <time>2025-09-30T17:57:03Z</time>
   </trkpt>
   <trkpt lat="48.1267900" lon="17.1234100">
    <ele>137.6</ele>
    <time>2025-09-30T17:57:04Z</time>
   </trkpt>
   <trkpt lat="48.1267900" lon="17.1234100">
    <ele>137.6</ele>
    <time>2025-09-30T17:57:05Z</time>
   </trkpt>
   <trkpt lat="48.1267900" lon="17.1234100">
    <ele>137.6</ele>
    <time>2025-09-30T17:57:06Z</time>
   </trkpt>
   <trkpt lat="48.1267900" lon="17.1234100">
    <ele>137.6</ele>
    <time>2025-09-30T17:57:07Z</time>
   </trkpt>
   <trkpt lat="48.1267900" lon="17.1234100">
    <ele>137.6</ele>
    <time>2025-09-30T17:57:08Z</time>
   </trkpt>
   <trkpt lat="48.1267900" lon="17.1234100">
    <ele>137.6</ele>
    <time>2025-09-30T17:57:09Z</time>
   </trkpt>
   <trkpt lat="48.1267900" lon="17.1234100">
    <ele>137.6</ele>
    <time>2025-09-30T17:57:10Z</time>
   </trkpt>
   <trkpt lat="48.1267900" lon="17.1234100">
    <ele>137.6</ele>
    <time>2025-09-30T17:57:11Z</time>
   </trkpt>
   <trkpt lat="48.1267900" lon="17.1234100">
    <ele>137.6</ele>
    <time>2025-09-30T17:57:12Z</time>
   </trkpt>
   <trkpt lat="48.1267900" lon="17.1234100">
    <ele>137.6</ele>
    <time>2025-09-30T17:57:13Z</time>
   </trkpt>
   <trkpt lat="48.1267900" lon="17.1234100">
    <ele>137.6</ele>
    <time>2025-09-30T17:57:14Z</time>
   </trkpt>
   <trkpt lat="48.1267900" lon="17.1234100">
    <ele>137.6</ele>
    <time>2025-09-30T17:57:15Z</time>
   </trkpt>
   <trkpt lat="48.1267900" lon="17.1234100">
    <ele>137.6</ele>
    <time>2025-09-30T17:57:16Z</time>
   </trkpt>
   <trkpt lat="48.1267900" lon="17.1234100">
    <ele>137.6</ele>
    <time>2025-09-30T17:57:17Z</time>
   </trkpt>
   <trkpt lat="48.1267900" lon="17.1234100">
    <ele>137.6</ele>
    <time>2025-09-30T17:57:18Z</time>
   </trkpt>
   <trkpt lat="48.1267900" lon="17.1234100">
    <ele>137.6</ele>
    <time>2025-09-30T17:57:19Z</time>
   </trkpt>
   <trkpt lat="48.1267900" lon="17.1234100">
    <ele>137.6</ele>
    <time>2025-09-30T17:57:20Z</time>
   </trkpt>
   <trkpt lat="48.1267950" lon="17.1234240">
    <ele>137.6</ele>
    <time>2025-09-30T17:57:21Z</time>
   </trkpt>
   <trkpt lat="48.1267950" lon="17.1234260">
    <ele>137.6</ele>
    <time>2025-09-30T17:57:22Z</time>
   </trkpt>
   <trkpt lat="48.1267970" lon="17.1234280">
    <ele>137.6</ele>
    <time>2025-09-30T17:57:23Z</time>
   </trkpt>
   <trkpt lat="48.1268050" lon="17.1234330">
    <ele>137.7</ele>
    <time>2025-09-30T17:57:24Z</time>
   </trkpt>
   <trkpt lat="48.1268140" lon="17.1234350">
    <ele>137.7</ele>
    <time>2025-09-30T17:57:25Z</time>
   </trkpt>
   <trkpt lat="48.1268130" lon="17.1234320">
    <ele>137.7</ele>
    <time>2025-09-30T17:57:26Z</time>
   </trkpt>
   <trkpt lat="48.1268140" lon="17.1234320">
    <ele>137.7</ele>
    <time>2025-09-30T17:57:27Z</time>
   </trkpt>
   <trkpt lat="48.1268140" lon="17.1234320">
    <ele>137.7</ele>
    <time>2025-09-30T17:57:28Z</time>
   </trkpt>
   <trkpt lat="48.1268220" lon="17.1234320">
    <ele>137.8</ele>
    <time>2025-09-30T17:57:29Z</time>
   </trkpt>
   <trkpt lat="48.1268270" lon="17.1234320">
    <ele>137.8</ele>
    <time>2025-09-30T17:57:30Z</time>
   </trkpt>
   <trkpt lat="48.1268340" lon="17.1234340">
    <ele>137.8</ele>
    <time>2025-09-30T17:57:31Z</time>
   </trkpt>
   <trkpt lat="48.1268370" lon="17.1234390">
    <ele>137.9</ele>
    <time>2025-09-30T17:57:32Z</time>
   </trkpt>
   <trkpt lat="48.1268390" lon="17.1234410">
    <ele>137.9</ele>
    <time>2025-09-30T17:57:34Z</time>
   </trkpt>
   <trkpt lat="48.1268390" lon="17.1234600">
    <ele>137.9</ele>
    <time>2025-09-30T17:57:35Z</time>
   </trkpt>
   <trkpt lat="48.1268370" lon="17.1234770">
    <ele>137.9</ele>
    <time>2025-09-30T17:57:36Z</time>
   </trkpt>
   <trkpt lat="48.1268410" lon="17.1234870">
    <ele>137.9</ele>
    <time>2025-09-30T17:57:37Z</time>
   </trkpt>
   <trkpt lat="48.1268450" lon="17.1234990">
    <ele>137.9</ele>
    <time>2025-09-30T17:57:38Z</time>
   </trkpt>
   <trkpt lat="48.1268410" lon="17.1235120">
    <ele>137.9</ele>
    <time>2025-09-30T17:57:39Z</time>
   </trkpt>
   <trkpt lat="48.1268370" lon="17.1235220">
    <ele>137.9</ele>
    <time>2025-09-30T17:57:40Z</time>
   </trkpt>
   <trkpt lat="48.1268330" lon="17.1235330">
    <ele>137.9</ele>
    <time>2025-09-30T17:57:41Z</time>
   </trkpt>
   <trkpt lat="48.1268430" lon="17.1235500">
    <ele>137.9</ele>
    <time>2025-09-30T17:57:42Z</time>
   </trkpt>
   <trkpt lat="48.1268410" lon="17.1235640">
    <ele>137.9</ele>
    <time>2025-09-30T17:57:43Z</time>
   </trkpt>
   <trkpt lat="48.1268390" lon="17.1235660">
    <ele>137.9</ele>
    <time>2025-09-30T17:57:44Z</time>
   </trkpt>
   <trkpt lat="48.1268340" lon="17.1235680">
    <ele>137.9</ele>
    <time>2025-09-30T17:57:45Z</time>
   </trkpt>
   <trkpt lat="48.1268320" lon="17.1235650">
    <ele>137.9</ele>
    <time>2025-09-30T17:57:46Z</time>
   </trkpt>
   <trkpt lat="48.1268330" lon="17.1235590">
    <ele>137.9</ele>
    <time>2025-09-30T17:57:47Z</time>
   </trkpt>
   <trkpt lat="48.1268330" lon="17.1235560">
    <ele>137.9</ele>
    <time>2025-09-30T17:57:48Z</time>
   </trkpt>
   <trkpt lat="48.1268310" lon="17.1235550">
    <ele>137.9</ele>
    <time>2025-09-30T17:57:49Z</time>
   </trkpt>
   <trkpt lat="48.1268310" lon="17.1235530">
    <ele>137.9</ele>
    <time>2025-09-30T17:57:50Z</time>
   </trkpt>
   <trkpt lat="48.1268300" lon="17.1235510">
    <ele>138.0</ele>
    <time>2025-09-30T17:57:51Z</time>
   </trkpt>
   <trkpt lat="48.1268310" lon="17.1235490">
    <ele>138.0</ele>
    <time>2025-09-30T17:57:52Z</time>
   </trkpt>
   <trkpt lat="48.1268310" lon="17.1235540">
    <ele>138.0</ele>
    <time>2025-09-30T17:57:53Z</time>
   </trkpt>
   <trkpt lat="48.1268310" lon="17.1235550">
    <ele>138.0</ele>
    <time>2025-09-30T17:57:54Z</time>
   </trkpt>
   <trkpt lat="48.1268320" lon="17.1235540">
    <ele>138.0</ele>
    <time>2025-09-30T17:57:55Z</time>
   </trkpt>
   <trkpt lat="48.1268320" lon="17.1235540">
    <ele>138.0</ele>
    <time>2025-09-30T17:57:56Z</time>
   </trkpt>
   <trkpt lat="48.1268330" lon="17.1235560">
    <ele>138.0</ele>
    <time>2025-09-30T17:57:57Z</time>
   </trkpt>
   <trkpt lat="48.1268320" lon="17.1235580">
    <ele>138.0</ele>
    <time>2025-09-30T17:57:58Z</time>
   </trkpt>
   <trkpt lat="48.1268330" lon="17.1235660">
    <ele>138.0</ele>
    <time>2025-09-30T17:57:59Z</time>
   </trkpt>
   <trkpt lat="48.1268340" lon="17.1235720">
    <ele>138.0</ele>
    <time>2025-09-30T17:58:00Z</time>
   </trkpt>
   <trkpt lat="48.1268360" lon="17.1235840">
    <ele>138.0</ele>
    <time>2025-09-30T17:58:01Z</time>
   </trkpt>
   <trkpt lat="48.1268350" lon="17.1235980">
    <ele>138.0</ele>
    <time>2025-09-30T17:58:02Z</time>
   </trkpt>
   <trkpt lat="48.1268350" lon="17.1236140">
    <ele>138.0</ele>
    <time>2025-09-30T17:58:03Z</time>
   </trkpt>
   <trkpt lat="48.1268310" lon="17.1236070">
    <ele>138.0</ele>
    <time>2025-09-30T17:58:04Z</time>
   </trkpt>
   <trkpt lat="48.1268230" lon="17.1235950">
    <ele>138.0</ele>
    <time>2025-09-30T17:58:05Z</time>
   </trkpt>
   <trkpt lat="48.1268180" lon="17.1235880">
    <ele>138.0</ele>
    <time>2025-09-30T17:58:06Z</time>
   </trkpt>
   <trkpt lat="48.1268170" lon="17.1235890">
    <ele>138.0</ele>
    <time>2025-09-30T17:58:07Z</time>
   </trkpt>
   <trkpt lat="48.1268170" lon="17.1235910">
    <ele>138.0</ele>
    <time>2025-09-30T17:58:08Z</time>
   </trkpt>
   <trkpt lat="48.1268180" lon="17.1236000">
    <ele>138.0</ele>
    <time>2025-09-30T17:58:09Z</time>
   </trkpt>
   <trkpt lat="48.1268210" lon="17.1236090">
    <ele>138.0</ele>
    <time>2025-09-30T17:58:10Z</time>
   </trkpt>
   <trkpt lat="48.1268270" lon="17.1236160">
    <ele>138.0</ele>
    <time>2025-09-30T17:58:11Z</time>
   </trkpt>
   <trkpt lat="48.1268350" lon="17.1236180">
    <ele>138.0</ele>
    <time>2025-09-30T17:58:12Z</time>
   </trkpt>
   <trkpt lat="48.1268470" lon="17.1236220">
    <ele>138.0</ele>
    <time>2025-09-30T17:58:13Z</time>
   </trkpt>
   <trkpt lat="48.1268550" lon="17.1236270">
    <ele>138.0</ele>
    <time>2025-09-30T17:58:14Z</time>
   </trkpt>
   <trkpt lat="48.1268620" lon="17.1236350">
    <ele>138.0</ele>
    <time>2025-09-30T17:58:15Z</time>
   </trkpt>
   <trkpt lat="48.1268800" lon="17.1236400">
    <ele>138.0</ele>
    <time>2025-09-30T17:58:16Z</time>
   </trkpt>
   <trkpt lat="48.1268920" lon="17.1236390">
    <ele>138.0</ele>
    <time>2025-09-30T17:58:17Z</time>
   </trkpt>
   <trkpt lat="48.1268940" lon="17.1236360">
    <ele>138.0</ele>
    <time>2025-09-30T17:58:18Z</time>
   </trkpt>
   <trkpt lat="48.1268930" lon="17.1236350">
    <ele>138.0</ele>
    <time>2025-09-30T17:58:19Z</time>
   </trkpt>
   <trkpt lat="48.1268900" lon="17.1236400">
    <ele>138.0</ele>
    <time>2025-09-30T17:58:20Z</time>
   </trkpt>
   <trkpt lat="48.1268890" lon="17.1236400">
    <ele>138.0</ele>
    <time>2025-09-30T17:58:21Z</time>
   </trkpt>
   <trkpt lat="48.1268870" lon="17.1236370">
    <ele>138.0</ele>
    <time>2025-09-30T17:58:22Z</time>
   </trkpt>
   <trkpt lat="48.1268830" lon="17.1236400">
    <ele>138.0</ele>
    <time>2025-09-30T17:58:23Z</time>
   </trkpt>
   <trkpt lat="48.1268840" lon="17.1236410">
    <ele>138.0</ele>
    <time>2025-09-30T17:58:24Z</time>
   </trkpt>
   <trkpt lat="48.1268840" lon="17.1236430">
    <ele>138.0</ele>
    <time>2025-09-30T17:58:25Z</time>
   </trkpt>
   <trkpt lat="48.1268840" lon="17.1236460">
    <ele>138.0</ele>
    <time>2025-09-30T17:58:26Z</time>
   </trkpt>
   <trkpt lat="48.1268870" lon="17.1236490">
    <ele>138.0</ele>
    <time>2025-09-30T17:58:27Z</time>
   </trkpt>
   <trkpt lat="48.1268900" lon="17.1236500">
    <ele>138.0</ele>
    <time>2025-09-30T17:58:28Z</time>
   </trkpt>
   <trkpt lat="48.1268940" lon="17.1236510">
    <ele>138.0</ele>
    <time>2025-09-30T17:58:29Z</time>
   </trkpt>
   <trkpt lat="48.1269000" lon="17.1236540">
    <ele>138.0</ele>
    <time>2025-09-30T17:58:30Z</time>
   </trkpt>
   <trkpt lat="48.1269040" lon="17.1236580">
    <ele>138.0</ele>
    <time>2025-09-30T17:58:31Z</time>
   </trkpt>
   <trkpt lat="48.1269070" lon="17.1236610">
    <ele>138.0</ele>
    <time>2025-09-30T17:58:32Z</time>
   </trkpt>
   <trkpt lat="48.1269110" lon="17.1236630">
    <ele>138.0</ele>
    <time>2025-09-30T17:58:33Z</time>
   </trkpt>
   <trkpt lat="48.1269140" lon="17.1236660">
    <ele>138.0</ele>
    <time>2025-09-30T17:58:34Z</time>
   </trkpt>
   <trkpt lat="48.1269170" lon="17.1236680">
    <ele>138.0</ele>
    <time>2025-09-30T17:58:35Z</time>
   </trkpt>
   <trkpt lat="48.1269190" lon="17.1236700">
    <ele>138.0</ele>
    <time>2025-09-30T17:58:36Z</time>
   </trkpt>
   <trkpt lat="48.1269210" lon="17.1236710">
    <ele>138.0</ele>
    <time>2025-09-30T17:58:37Z</time>
   </trkpt>
   <trkpt lat="48.1269230" lon="17.1236720">
    <ele>138.0</ele>
    <time>2025-09-30T17:58:38Z</time>
   </trkpt>
   <trkpt lat="48.1269250" lon="17.1236730">
    <ele>138.0</ele>
    <time>2025-09-30T17:58:39Z</time>
   </trkpt>
   <trkpt lat="48.1269270" lon="17.1236740">
    <ele>138.0</ele>
    <time>2025-09-30T17:58:40Z</time>
   </trkpt>
   <trkpt lat="48.1269290" lon="17.1236770">
    <ele>138.0</ele>
    <time>2025-09-30T17:58:41Z</time>
   </trkpt>
   <trkpt lat="48.1269340" lon="17.1236770">
    <ele>138.0</ele>
    <time>2025-09-30T17:58:42Z</time>
   </trkpt>
   <trkpt lat="48.1269370" lon="17.1236770">
    <ele>138.0</ele>
    <time>2025-09-30T17:58:43Z</time>
   </trkpt>
   <trkpt lat="48.1269370" lon="17.1236780">
    <ele>138.0</ele>
    <time>2025-09-30T17:58:44Z</time>
   </trkpt>
   <trkpt lat="48.1269380" lon="17.1236790">
    <ele>138.0</ele>
    <time>2025-09-30T17:58:45Z</time>
   </trkpt>
   <trkpt lat="48.1269440" lon="17.1236950">
    <ele>138.0</ele>
    <time>2025-09-30T17:58:46Z</time>
   </trkpt>
   <trkpt lat="48.1269450" lon="17.1236980">
    <ele>138.0</ele>
    <time>2025-09-30T17:58:47Z</time>
   </trkpt>
   <trkpt lat="48.1269450" lon="17.1236980">
    <ele>138.0</ele>
    <time>2025-09-30T17:58:48Z</time>
   </trkpt>
   <trkpt lat="48.1269450" lon="17.1236980">
    <ele>138.0</ele>
    <time>2025-09-30T17:58:49Z</time>
   </trkpt>
   <trkpt lat="48.1269430" lon="17.1236850">
    <ele>138.0</ele>
    <time>2025-09-30T17:58:50Z</time>
   </trkpt>
   <trkpt lat="48.1269440" lon="17.1236850">
    <ele>138.0</ele>
    <time>2025-09-30T17:58:51Z</time>
   </trkpt>
   <trkpt lat="48.1269460" lon="17.1236870">
    <ele>137.9</ele>
    <time>2025-09-30T17:58:52Z</time>
   </trkpt>
   <trkpt lat="48.1269480" lon="17.1236880">
    <ele>137.9</ele>
    <time>2025-09-30T17:58:53Z</time>
   </trkpt>
   <trkpt lat="48.1269480" lon="17.1236890">
    <ele>137.9</ele>
    <time>2025-09-30T17:58:54Z</time>
   </trkpt>
   <trkpt lat="48.1269480" lon="17.1236890">
    <ele>137.9</ele>
    <time>2025-09-30T17:58:55Z</time>
   </trkpt>
   <trkpt lat="48.1269490" lon="17.1236890">
    <ele>137.9</ele>
    <time>2025-09-30T17:58:56Z</time>
   </trkpt>
   <trkpt lat="48.1269490" lon="17.1236890">
    <ele>137.9</ele>
    <time>2025-09-30T17:58:57Z</time>
   </trkpt>
   <trkpt lat="48.1269490" lon="17.1236910">
    <ele>137.9</ele>
    <time>2025-09-30T17:58:58Z</time>
   </trkpt>
   <trkpt lat="48.1269490" lon="17.1236930">
    <ele>137.9</ele>
    <time>2025-09-30T17:58:59Z</time>
   </trkpt>
   <trkpt lat="48.1269500" lon="17.1236960">
    <ele>137.9</ele>
    <time>2025-09-30T17:59:00Z</time>
   </trkpt>
   <trkpt lat="48.1269510" lon="17.1236930">
    <ele>137.9</ele>
    <time>2025-09-30T17:59:01Z</time>
   </trkpt>
   <trkpt lat="48.1269570" lon="17.1236900">
    <ele>137.9</ele>
    <time>2025-09-30T17:59:02Z</time>
   </trkpt>
   <trkpt lat="48.1269650" lon="17.1236930">
    <ele>137.9</ele>
    <time>2025-09-30T17:59:03Z</time>
   </trkpt>
   <trkpt lat="48.1269740" lon="17.1236930">
    <ele>137.9</ele>
    <time>2025-09-30T17:59:04Z</time>
   </trkpt>
   <trkpt lat="48.1269750" lon="17.1236930">
    <ele>137.9</ele>
    <time>2025-09-30T17:59:05Z</time>
   </trkpt>
   <trkpt lat="48.1269680" lon="17.1236950">
    <ele>137.9</ele>
    <time>2025-09-30T17:59:06Z</time>
   </trkpt>
   <trkpt lat="48.1269620" lon="17.1236960">
    <ele>137.9</ele>
    <time>2025-09-30T17:59:07Z</time>
   </trkpt>
   <trkpt lat="48.1269600" lon="17.1236960">
    <ele>137.9</ele>
    <time>2025-09-30T17:59:08Z</time>
   </trkpt>
   <trkpt lat="48.1269600" lon="17.1236960">
    <ele>137.9</ele>
    <time>2025-09-30T17:59:09Z</time>
   </trkpt>
   <trkpt lat="48.1269650" lon="17.1236990">
    <ele>137.9</ele>
    <time>2025-09-30T17:59:10Z</time>
   </trkpt>
   <trkpt lat="48.1269720" lon="17.1237020">
    <ele>137.9</ele>
    <time>2025-09-30T17:59:11Z</time>
   </trkpt>
   <trkpt lat="48.1269750" lon="17.1237050">
    <ele>137.9</ele>
    <time>2025-09-30T17:59:12Z</time>
   </trkpt>
   <trkpt lat="48.1269790" lon="17.1237090">
    <ele>137.9</ele>
    <time>2025-09-30T17:59:13Z</time>
   </trkpt>
   <trkpt lat="48.1269830" lon="17.1237140">
    <ele>137.9</ele>
    <time>2025-09-30T17:59:14Z</time>
   </trkpt>
   <trkpt lat="48.1269830" lon="17.1237160">
    <ele>137.9</ele>
    <time>2025-09-30T17:59:15Z</time>
   </trkpt>
   <trkpt lat="48.1269840" lon="17.1237170">
    <ele>137.9</ele>
    <time>2025-09-30T17:59:16Z</time>
   </trkpt>
   <trkpt lat="48.1269840" lon="17.1237190">
    <ele>137.9</ele>
    <time>2025-09-30T17:59:17Z</time>
   </trkpt>
   <trkpt lat="48.1269830" lon="17.1237210">
    <ele>137.9</ele>
    <time>2025-09-30T17:59:18Z</time>
   </trkpt>
   <trkpt lat="48.1269840" lon="17.1237210">
    <ele>137.9</ele>
    <time>2025-09-30T17:59:19Z</time>
   </trkpt>
   <trkpt lat="48.1269840" lon="17.1237220">
    <ele>137.9</ele>
    <time>2025-09-30T17:59:20Z</time>
   </trkpt>
   <trkpt lat="48.1269870" lon="17.1237270">
    <ele>137.9</ele>
    <time>2025-09-30T17:59:21Z</time>
   </trkpt>
   <trkpt lat="48.1269910" lon="17.1237310">
    <ele>137.9</ele>
    <time>2025-09-30T17:59:22Z</time>
   </trkpt>
   <trkpt lat="48.1269940" lon="17.1237350">
    <ele>137.9</ele>
    <time>2025-09-30T17:59:23Z</time>
   </trkpt>
   <trkpt lat="48.1269960" lon="17.1237390">
    <ele>137.9</ele>
    <time>2025-09-30T17:59:24Z</time>
   </trkpt>
   <trkpt lat="48.1269970" lon="17.1237390">
    <ele>137.9</ele>
    <time>2025-09-30T17:59:25Z</time>
   </trkpt>
   <trkpt lat="48.1269980" lon="17.1237390">
    <ele>137.9</ele>
    <time>2025-09-30T17:59:26Z</time>
   </trkpt>
   <trkpt lat="48.1270050" lon="17.1237410">
    <ele>137.9</ele>
    <time>2025-09-30T17:59:27Z</time>
   </trkpt>
   <trkpt lat="48.1270170" lon="17.1237440">
    <ele>137.9</ele>
    <time>2025-09-30T17:59:28Z</time>
   </trkpt>
   <trkpt lat="48.1270270" lon="17.1237480">
    <ele>137.9</ele>
    <time>2025-09-30T17:59:29Z</time>
   </trkpt>
   <trkpt lat="48.1270340" lon="17.1237520">
    <ele>137.9</ele>
    <time>2025-09-30T17:59:30Z</time>
   </trkpt>
   <trkpt lat="48.1270400" lon="17.1237580">
    <ele>137.9</ele>
    <time>2025-09-30T17:59:31Z</time>
   </trkpt>
   <trkpt lat="48.1270450" lon="17.1237660">
    <ele>137.9</ele>
    <time>2025-09-30T17:59:32Z</time>
   </trkpt>
   <trkpt lat="48.1270610" lon="17.1237810">
    <ele>137.9</ele>
    <time>2025-09-30T17:59:33Z</time>
   </trkpt>
   <trkpt lat="48.1270680" lon="17.1237820">
    <ele>137.9</ele>
    <time>2025-09-30T17:59:34Z</time>
   </trkpt>
   <trkpt lat="48.1270760" lon="17.1237830">
    <ele>137.9</ele>
    <time>2025-09-30T17:59:35Z</time>
   </trkpt>
   <trkpt lat="48.1270830" lon="17.1237840">
    <ele>137.9</ele>
    <time>2025-09-30T17:59:36Z</time>
   </trkpt>
   <trkpt lat="48.1270960" lon="17.1237840">
    <ele>137.9</ele>
    <time>2025-09-30T17:59:37Z</time>
   </trkpt>
   <trkpt lat="48.1271030" lon="17.1237930">
    <ele>137.9</ele>
    <time>2025-09-30T17:59:38Z</time>
   </trkpt>
   <trkpt lat="48.1271150" lon="17.1237890">
    <ele>137.9</ele>
    <time>2025-09-30T17:59:39Z</time>
   </trkpt>
   <trkpt lat="48.1271240" lon="17.1237820">
    <ele>137.9</ele>
    <time>2025-09-30T17:59:40Z</time>
   </trkpt>
   <trkpt lat="48.1271340" lon="17.1237780">
    <ele>137.9</ele>
    <time>2025-09-30T17:59:41Z</time>
   </trkpt>
   <trkpt lat="48.1271480" lon="17.1237830">
    <ele>137.9</ele>
    <time>2025-09-30T17:59:42Z</time>
   </trkpt>
   <trkpt lat="48.1271540" lon="17.1237890">
    <ele>137.9</ele>
    <time>2025-09-30T17:59:43Z</time>
   </trkpt>
   <trkpt lat="48.1271610" lon="17.1238010">
    <ele>138.0</ele>
    <time>2025-09-30T17:59:44Z</time>
   </trkpt>
   <trkpt lat="48.1271730" lon="17.1238210">
    <ele>138.0</ele>
    <time>2025-09-30T17:59:45Z</time>
   </trkpt>
   <trkpt lat="48.1272010" lon="17.1238370">
    <ele>137.9</ele>
    <time>2025-09-30T17:59:46Z</time>
   </trkpt>
   <trkpt lat="48.1272090" lon="17.1238410">
    <ele>137.9</ele>
    <time>2025-09-30T17:59:47Z</time>
   </trkpt>
   <trkpt lat="48.1272180" lon="17.1238500">
    <ele>137.9</ele>
    <time>2025-09-30T17:59:48Z</time>
   </trkpt>
   <trkpt lat="48.1272220" lon="17.1238620">
    <ele>137.9</ele>
    <time>2025-09-30T17:59:49Z</time>
   </trkpt>
   <trkpt lat="48.1272320" lon="17.1238600">
    <ele>137.9</ele>
    <time>2025-09-30T17:59:50Z</time>
   </trkpt>
   <trkpt lat="48.1272430" lon="17.1238610">
    <ele>137.9</ele>
    <time>2025-09-30T17:59:51Z</time>
   </trkpt>
   <trkpt lat="48.1272580" lon="17.1238520">
    <ele>137.9</ele>
    <time>2025-09-30T17:59:52Z</time>
   </trkpt>
   <trkpt lat="48.1272690" lon="17.1238500">
    <ele>137.9</ele>
    <time>2025-09-30T17:59:53Z</time>
   </trkpt>
   <trkpt lat="48.1272770" lon="17.1238500">
    <ele>137.9</ele>
    <time>2025-09-30T17:59:54Z</time>
   </trkpt>
   <trkpt lat="48.1272820" lon="17.1238530">
    <ele>137.9</ele>
    <time>2025-09-30T17:59:55Z</time>
   </trkpt>
   <trkpt lat="48.1272890" lon="17.1238570">
    <ele>137.9</ele>
    <time>2025-09-30T17:59:56Z</time>
   </trkpt>
   <trkpt lat="48.1272960" lon="17.1238630">
    <ele>137.8</ele>
    <time>2025-09-30T17:59:57Z</time>
   </trkpt>
   <trkpt lat="48.1273000" lon="17.1238700">
    <ele>137.8</ele>
    <time>2025-09-30T17:59:58Z</time>
   </trkpt>
   <trkpt lat="48.1273040" lon="17.1238780">
    <ele>137.8</ele>
    <time>2025-09-30T17:59:59Z</time>
   </trkpt>
   <trkpt lat="48.1273040" lon="17.1238870">
    <ele>137.8</ele>
    <time>2025-09-30T18:00:00Z</time>
   </trkpt>
   <trkpt lat="48.1273040" lon="17.1238990">
    <ele>137.8</ele>
    <time>2025-09-30T18:00:01Z</time>
   </trkpt>
   <trkpt lat="48.1273000" lon="17.1239040">
    <ele>137.8</ele>
    <time>2025-09-30T18:00:02Z</time>
   </trkpt>
   <trkpt lat="48.1272970" lon="17.1239110">
    <ele>137.8</ele>
    <time>2025-09-30T18:00:03Z</time>
   </trkpt>
   <trkpt lat="48.1272950" lon="17.1239160">
    <ele>137.8</ele>
    <time>2025-09-30T18:00:04Z</time>
   </trkpt>
   <trkpt lat="48.1272940" lon="17.1239170">
    <ele>137.8</ele>
    <time>2025-09-30T18:00:05Z</time>
   </trkpt>
   <trkpt lat="48.1272920" lon="17.1239120">
    <ele>137.8</ele>
    <time>2025-09-30T18:00:06Z</time>
   </trkpt>
   <trkpt lat="48.1272890" lon="17.1239020">
    <ele>137.8</ele>
    <time>2025-09-30T18:00:07Z</time>
   </trkpt>
   <trkpt lat="48.1272850" lon="17.1238990">
    <ele>137.8</ele>
    <time>2025-09-30T18:00:08Z</time>
   </trkpt>
   <trkpt lat="48.1272820" lon="17.1238970">
    <ele>137.9</ele>
    <time>2025-09-30T18:00:09Z</time>
   </trkpt>
   <trkpt lat="48.1272770" lon="17.1238970">
    <ele>137.9</ele>
    <time>2025-09-30T18:00:10Z</time>
   </trkpt>
   <trkpt lat="48.1272750" lon="17.1238970">
    <ele>137.9</ele>
    <time>2025-09-30T18:00:11Z</time>
   </trkpt>
   <trkpt lat="48.1272720" lon="17.1239000">
    <ele>137.9</ele>
    <time>2025-09-30T18:00:12Z</time>
   </trkpt>
   <trkpt lat="48.1272680" lon="17.1239060">
    <ele>137.9</ele>
    <time>2025-09-30T18:00:13Z</time>
   </trkpt>
   <trkpt lat="48.1272640" lon="17.1239130">
    <ele>137.9</ele>
    <time>2025-09-30T18:00:14Z</time>
   </trkpt>
   <trkpt lat="48.1272620" lon="17.1239170">
    <ele>137.9</ele>
    <time>2025-09-30T18:00:15Z</time>
   </trkpt>
   <trkpt lat="48.1272590" lon="17.1239200">
    <ele>137.9</ele>
    <time>2025-09-30T18:00:16Z</time>
   </trkpt>
   <trkpt lat="48.1272570" lon="17.1239220">
    <ele>137.9</ele>
    <time>2025-09-30T18:00:17Z</time>
   </trkpt>
   <trkpt lat="48.1272560" lon="17.1239260">
    <ele>137.9</ele>
    <time>2025-09-30T18:00:18Z</time>
   </trkpt>
   <trkpt lat="48.1272530" lon="17.1239300">
    <ele>138.0</ele>
    <time>2025-09-30T18:00:19Z</time>
   </trkpt>
   <trkpt lat="48.1272490" lon="17.1239340">
    <ele>138.0</ele>
    <time>2025-09-30T18:00:20Z</time>
   </trkpt>
   <trkpt lat="48.1272470" lon="17.1239370">
    <ele>138.0</ele>
    <time>2025-09-30T18:00:21Z</time>
   </trkpt>
   <trkpt lat="48.1272450" lon="17.1239360">
    <ele>138.0</ele>
    <time>2025-09-30T18:00:22Z</time>
   </trkpt>
   <trkpt lat="48.1272360" lon="17.1239450">
    <ele>138.0</ele>
    <time>2025-09-30T18:00:23Z</time>
   </trkpt>
   <trkpt lat="48.1272310" lon="17.1239520">
    <ele>138.0</ele>
    <time>2025-09-30T18:00:24Z</time>
   </trkpt>
   <trkpt lat="48.1272280" lon="17.1239550">
    <ele>138.0</ele>
    <time>2025-09-30T18:00:25Z</time>
   </trkpt>
   <trkpt lat="48.1272240" lon="17.1239580">
    <ele>138.0</ele>
    <time>2025-09-30T18:00:26Z</time>
   </trkpt>
   <trkpt lat="48.1272220" lon="17.1239590">
    <ele>138.1</ele>
    <time>2025-09-30T18:00:27Z</time>
   </trkpt>
   <trkpt lat="48.1272150" lon="17.1239600">
    <ele>138.1</ele>
    <time>2025-09-30T18:00:28Z</time>
   </trkpt>
   <trkpt lat="48.1271980" lon="17.1239500">
    <ele>138.1</ele>
    <time>2025-09-30T18:00:29Z</time>
   </trkpt>
   <trkpt lat="48.1271840" lon="17.1239350">
    <ele>138.2</ele>
    <time>2025-09-30T18:00:30Z</time>
   </trkpt>
   <trkpt lat="48.1271700" lon="17.1239250">
    <ele>138.2</ele>
    <time>2025-09-30T18:00:31Z</time>
   </trkpt>
   <trkpt lat="48.1271490" lon="17.1239210">
    <ele>138.3</ele>
    <time>2025-09-30T18:00:32Z</time>
   </trkpt>
   <trkpt lat="48.1271410" lon="17.1239230">
    <ele>138.3</ele>
    <time>2025-09-30T18:00:33Z</time>
   </trkpt>
   <trkpt lat="48.1271330" lon="17.1239240">
    <ele>138.3</ele>
    <time>2025-09-30T18:00:34Z</time>
   </trkpt>
   <trkpt lat="48.1271130" lon="17.1239380">
    <ele>138.3</ele>
    <time>2025-09-30T18:00:35Z</time>
   </trkpt>
   <trkpt lat="48.1271050" lon="17.1239440">
    <ele>138.3</ele>
    <time>2025-09-30T18:00:36Z</time>
   </trkpt>
   <trkpt lat="48.1270980" lon="17.1239510">
    <ele>138.3</ele>
    <time>2025-09-30T18:00:37Z</time>
   </trkpt>
   <trkpt lat="48.1270900" lon="17.1239610">
    <ele>138.3</ele>
    <time>2025-09-30T18:00:38Z</time>
   </trkpt>
   <trkpt lat="48.1270800" lon="17.1239710">
    <ele>138.3</ele>
    <time>2025-09-30T18:00:39Z</time>
   </trkpt>
   <trkpt lat="48.1270720" lon="17.1239780">
    <ele>138.3</ele>
    <time>2025-09-30T18:00:40Z</time>
   </trkpt>
   <trkpt lat="48.1270620" lon="17.1239880">
    <ele>138.2</ele>
    <time>2025-09-30T18:00:41Z</time>
   </trkpt>
   <trkpt lat="48.1270580" lon="17.1239840">
    <ele>138.2</ele>
    <time>2025-09-30T18:00:42Z</time>
   </trkpt>
   <trkpt lat="48.1270570" lon="17.1239800">
    <ele>138.2</ele>
    <time>2025-09-30T18:00:43Z</time>
   </trkpt>
   <trkpt lat="48.1270570" lon="17.1239830">
    <ele>138.2</ele>
    <time>2025-09-30T18:00:44Z</time>
   </trkpt>
   <trkpt lat="48.1270590" lon="17.1239830">
    <ele>138.2</ele>
    <time>2025-09-30T18:00:45Z</time>
   </trkpt>
   <trkpt lat="48.1270610" lon="17.1239790">
    <ele>138.2</ele>
    <time>2025-09-30T18:00:46Z</time>
   </trkpt>
   <trkpt lat="48.1270630" lon="17.1239770">
    <ele>138.2</ele>
    <time>2025-09-30T18:00:47Z</time>
   </trkpt>
   <trkpt lat="48.1270630" lon="17.1239830">
    <ele>138.2</ele>
    <time>2025-09-30T18:00:48Z</time>
   </trkpt>
   <trkpt lat="48.1270640" lon="17.1239850">
    <ele>138.2</ele>
    <time>2025-09-30T18:00:49Z</time>
   </trkpt>
   <trkpt lat="48.1270640" lon="17.1239860">
    <ele>138.2</ele>
    <time>2025-09-30T18:00:50Z</time>
   </trkpt>
   <trkpt lat="48.1270600" lon="17.1239890">
    <ele>138.2</ele>
    <time>2025-09-30T18:00:51Z</time>
   </trkpt>
   <trkpt lat="48.1270470" lon="17.1240040">
    <ele>138.2</ele>
    <time>2025-09-30T18:00:52Z</time>
   </trkpt>
   <trkpt lat="48.1270250" lon="17.1240380">
    <ele>138.1</ele>
    <time>2025-09-30T18:00:53Z</time>
   </trkpt>
   <trkpt lat="48.1270070" lon="17.1240700">
    <ele>138.0</ele>
    <time>2025-09-30T18:00:54Z</time>
   </trkpt>
   <trkpt lat="48.1269890" lon="17.1241030">
    <ele>138.0</ele>
    <time>2025-09-30T18:00:55Z</time>
   </trkpt>
   <trkpt lat="48.1269820" lon="17.1241140">
    <ele>138.0</ele>
    <time>2025-09-30T18:00:56Z</time>
   </trkpt>
   <trkpt lat="48.1269690" lon="17.1241310">
    <ele>137.9</ele>
    <time>2025-09-30T18:00:57Z</time>
   </trkpt>
   <trkpt lat="48.1269530" lon="17.1241450">
    <ele>137.9</ele>
    <time>2025-09-30T18:00:58Z</time>
   </trkpt>
   <trkpt lat="48.1269190" lon="17.1241440">
    <ele>137.8</ele>
    <time>2025-09-30T18:00:59Z</time>
   </trkpt>
   <trkpt lat="48.1269080" lon="17.1241420">
    <ele>137.8</ele>
    <time>2025-09-30T18:01:00Z</time>
   </trkpt>
   <trkpt lat="48.1268850" lon="17.1241460">
    <ele>137.8</ele>
    <time>2025-09-30T18:01:01Z</time>
   </trkpt>
   <trkpt lat="48.1268770" lon="17.1241490">
    <ele>137.7</ele>
    <time>2025-09-30T18:01:02Z</time>
   </trkpt>
   <trkpt lat="48.1268700" lon="17.1241510">
    <ele>137.7</ele>
    <time>2025-09-30T18:01:03Z</time>
   </trkpt>
   <trkpt lat="48.1268570" lon="17.1241580">
    <ele>137.7</ele>
    <time>2025-09-30T18:01:04Z</time>
   </trkpt>
   <trkpt lat="48.1268490" lon="17.1241640">
    <ele>137.7</ele>
    <time>2025-09-30T18:01:05Z</time>
   </trkpt>
   <trkpt lat="48.1268390" lon="17.1241760">
    <ele>137.7</ele>
    <time>2025-09-30T18:01:06Z</time>
   </trkpt>
   <trkpt lat="48.1268380" lon="17.1241990">
    <ele>137.4</ele>
    <time>2025-09-30T18:01:07Z</time>
   </trkpt>
   <trkpt lat="48.1268420" lon="17.1242110">
    <ele>137.3</ele>
    <time>2025-09-30T18:01:08Z</time>
   </trkpt>
   <trkpt lat="48.1268450" lon="17.1242240">
    <ele>137.3</ele>
    <time>2025-09-30T18:01:09Z</time>
   </trkpt>
   <trkpt lat="48.1268490" lon="17.1242370">
    <ele>137.3</ele>
    <time>2025-09-30T18:01:10Z</time>
   </trkpt>
   <trkpt lat="48.1268640" lon="17.1242420">
    <ele>137.2</ele>
    <time>2025-09-30T18:01:11Z</time>
   </trkpt>
   <trkpt lat="48.1268790" lon="17.1242530">
    <ele>137.2</ele>
    <time>2025-09-30T18:01:12Z</time>
   </trkpt>
   <trkpt lat="48.1268920" lon="17.1242610">
    <ele>137.2</ele>
    <time>2025-09-30T18:01:13Z</time>
   </trkpt>
   <trkpt lat="48.1269030" lon="17.1242660">
    <ele>137.2</ele>
    <time>2025-09-30T18:01:14Z</time>
   </trkpt>
   <trkpt lat="48.1269120" lon="17.1242710">
    <ele>137.2</ele>
    <time>2025-09-30T18:01:15Z</time>
   </trkpt>
   <trkpt lat="48.1269190" lon="17.1242770">
    <ele>137.2</ele>
    <time>2025-09-30T18:01:16Z</time>
   </trkpt>
   <trkpt lat="48.1269260" lon="17.1242860">
    <ele>137.2</ele>
    <time>2025-09-30T18:01:17Z</time>
   </trkpt>
   <trkpt lat="48.1269350" lon="17.1242880">
    <ele>137.2</ele>
    <time>2025-09-30T18:01:18Z</time>
   </trkpt>
   <trkpt lat="48.1269440" lon="17.1242940">
    <ele>137.2</ele>
    <time>2025-09-30T18:01:19Z</time>
   </trkpt>
   <trkpt lat="48.1269470" lon="17.1242990">
    <ele>137.2</ele>
    <time>2025-09-30T18:01:20Z</time>
   </trkpt>
   <trkpt lat="48.1269490" lon="17.1243030">
    <ele>137.2</ele>
    <time>2025-09-30T18:01:21Z</time>
   </trkpt>
   <trkpt lat="48.1269570" lon="17.1243010">
    <ele>137.2</ele>
    <time>2025-09-30T18:01:22Z</time>
   </trkpt>
   <trkpt lat="48.1269610" lon="17.1242990">
    <ele>137.2</ele>
    <time>2025-09-30T18:01:23Z</time>
   </trkpt>
   <trkpt lat="48.1269630" lon="17.1242950">
    <ele>137.2</ele>
    <time>2025-09-30T18:01:24Z</time>
   </trkpt>
   <trkpt lat="48.1269650" lon="17.1242890">
    <ele>137.2</ele>
    <time>2025-09-30T18:01:25Z</time>
   </trkpt>
   <trkpt lat="48.1269680" lon="17.1242830">
    <ele>137.2</ele>
    <time>2025-09-30T18:01:26Z</time>
   </trkpt>
   <trkpt lat="48.1269700" lon="17.1242790">
    <ele>137.2</ele>
    <time>2025-09-30T18:01:27Z</time>
   </trkpt>
   <trkpt lat="48.1269730" lon="17.1242760">
    <ele>137.2</ele>
    <time>2025-09-30T18:01:28Z</time>
   </trkpt>
   <trkpt lat="48.1269740" lon="17.1242730">
    <ele>137.2</ele>
    <time>2025-09-30T18:01:29Z</time>
   </trkpt>
   <trkpt lat="48.1269750" lon="17.1242700">
    <ele>137.2</ele>
    <time>2025-09-30T18:01:30Z</time>
   </trkpt>
   <trkpt lat="48.1269750" lon="17.1242730">
    <ele>137.2</ele>
    <time>2025-09-30T18:01:31Z</time>
   </trkpt>
   <trkpt lat="48.1269740" lon="17.1242770">
    <ele>137.2</ele>
    <time>2025-09-30T18:01:32Z</time>
   </trkpt>
   <trkpt lat="48.1269690" lon="17.1242820">
    <ele>137.2</ele>
    <time>2025-09-30T18:01:33Z</time>
   </trkpt>
   <trkpt lat="48.1269590" lon="17.1242850">
    <ele>137.2</ele>
    <time>2025-09-30T18:01:34Z</time>
   </trkpt>
   <trkpt lat="48.1269420" lon="17.1242770">
    <ele>137.2</ele>
    <time>2025-09-30T18:01:35Z</time>
   </trkpt>
   <trkpt lat="48.1269300" lon="17.1242650">
    <ele>137.2</ele>
    <time>2025-09-30T18:01:36Z</time>
   </trkpt>
   <trkpt lat="48.1269210" lon="17.1242700">
    <ele>137.2</ele>
    <time>2025-09-30T18:01:37Z</time>
   </trkpt>
   <trkpt lat="48.1269170" lon="17.1242780">
    <ele>137.2</ele>
    <time>2025-09-30T18:01:38Z</time>
   </trkpt>
   <trkpt lat="48.1269160" lon="17.1242800">
    <ele>137.2</ele>
    <time>2025-09-30T18:01:39Z</time>
   </trkpt>
   <trkpt lat="48.1269150" lon="17.1242820">
    <ele>137.2</ele>
    <time>2025-09-30T18:01:40Z</time>
   </trkpt>
   <trkpt lat="48.1269110" lon="17.1242900">
    <ele>137.2</ele>
    <time>2025-09-30T18:01:41Z</time>
   </trkpt>
   <trkpt lat="48.1269090" lon="17.1243000">
    <ele>137.2</ele>
    <time>2025-09-30T18:01:42Z</time>
   </trkpt>
   <trkpt lat="48.1269090" lon="17.1243120">
    <ele>137.2</ele>
    <time>2025-09-30T18:01:43Z</time>
   </trkpt>
   <trkpt lat="48.1269050" lon="17.1243270">
    <ele>137.2</ele>
    <time>2025-09-30T18:01:44Z</time>
   </trkpt>
   <trkpt lat="48.1269060" lon="17.1243400">
    <ele>137.2</ele>
    <time>2025-09-30T18:01:45Z</time>
   </trkpt>
   <trkpt lat="48.1269180" lon="17.1243450">
    <ele>137.2</ele>
    <time>2025-09-30T18:01:46Z</time>
   </trkpt>
   <trkpt lat="48.1269300" lon="17.1243420">
    <ele>137.2</ele>
    <time>2025-09-30T18:01:47Z</time>
   </trkpt>
   <trkpt lat="48.1269400" lon="17.1243440">
    <ele>137.2</ele>
    <time>2025-09-30T18:01:48Z</time>
   </trkpt>
   <trkpt lat="48.1269450" lon="17.1243450">
    <ele>137.2</ele>
    <time>2025-09-30T18:01:49Z</time>
   </trkpt>
   <trkpt lat="48.1269480" lon="17.1243500">
    <ele>137.2</ele>
    <time>2025-09-30T18:01:50Z</time>
   </trkpt>
   <trkpt lat="48.1269460" lon="17.1243600">
    <ele>137.2</ele>
    <time>2025-09-30T18:01:51Z</time>
   </trkpt>
   <trkpt lat="48.1269430" lon="17.1243660">
    <ele>137.2</ele>
    <time>2025-09-30T18:01:52Z</time>
   </trkpt>
   <trkpt lat="48.1269430" lon="17.1243690">
    <ele>137.2</ele>
    <time>2025-09-30T18:01:53Z</time>
   </trkpt>
   <trkpt lat="48.1269410" lon="17.1243690">
    <ele>137.2</ele>
    <time>2025-09-30T18:01:54Z</time>
   </trkpt>
   <trkpt lat="48.1269390" lon="17.1243750">
    <ele>137.2</ele>
    <time>2025-09-30T18:01:55Z</time>
   </trkpt>
   <trkpt lat="48.1269450" lon="17.1243840">
    <ele>137.2</ele>
    <time>2025-09-30T18:01:56Z</time>
   </trkpt>
   <trkpt lat="48.1269320" lon="17.1244190">
    <ele>137.2</ele>
    <time>2025-09-30T18:01:58Z</time>
   </trkpt>
   <trkpt lat="48.1269240" lon="17.1244290">
    <ele>137.2</ele>
    <time>2025-09-30T18:01:59Z</time>
   </trkpt>
   <trkpt lat="48.1268940" lon="17.1244390">
    <ele>137.2</ele>
    <time>2025-09-30T18:02:00Z</time>
   </trkpt>
   <trkpt lat="48.1268840" lon="17.1244390">
    <ele>137.2</ele>
    <time>2025-09-30T18:02:01Z</time>
   </trkpt>
   <trkpt lat="48.1268630" lon="17.1244370">
    <ele>137.2</ele>
    <time>2025-09-30T18:02:02Z</time>
   </trkpt>
   <trkpt lat="48.1268500" lon="17.1244420">
    <ele>137.2</ele>
    <time>2025-09-30T18:02:03Z</time>
   </trkpt>
   <trkpt lat="48.1268390" lon="17.1244430">
    <ele>137.2</ele>
    <time>2025-09-30T18:02:04Z</time>
   </trkpt>
   <trkpt lat="48.1268280" lon="17.1244430">
    <ele>137.2</ele>
    <time>2025-09-30T18:02:05Z</time>
   </trkpt>
   <trkpt lat="48.1268180" lon="17.1244410">
    <ele>137.2</ele>
    <time>2025-09-30T18:02:06Z</time>
   </trkpt>
   <trkpt lat="48.1268110" lon="17.1244400">
    <ele>137.2</ele>
    <time>2025-09-30T18:02:07Z</time>
   </trkpt>
   <trkpt lat="48.1268130" lon="17.1244400">
    <ele>137.2</ele>
    <time>2025-09-30T18:02:08Z</time>
   </trkpt>
   <trkpt lat="48.1268160" lon="17.1244390">
    <ele>137.2</ele>
    <time>2025-09-30T18:02:09Z</time>
   </trkpt>
   <trkpt lat="48.1268180" lon="17.1244390">
    <ele>137.2</ele>
    <time>2025-09-30T18:02:10Z</time>
   </trkpt>
   <trkpt lat="48.1268200" lon="17.1244390">
    <ele>137.2</ele>
    <time>2025-09-30T18:02:11Z</time>
   </trkpt>
   <trkpt lat="48.1268220" lon="17.1244390">
    <ele>137.2</ele>
    <time>2025-09-30T18:02:12Z</time>
   </trkpt>
   <trkpt lat="48.1268240" lon="17.1244380">
    <ele>137.2</ele>
    <time>2025-09-30T18:02:13Z</time>
   </trkpt>
   <trkpt lat="48.1268260" lon="17.1244380">
    <ele>137.2</ele>
    <time>2025-09-30T18:02:14Z</time>
   </trkpt>
   <trkpt lat="48.1268290" lon="17.1244380">
    <ele>137.2</ele>
    <time>2025-09-30T18:02:15Z</time>
   </trkpt>
   <trkpt lat="48.1268310" lon="17.1244380">
    <ele>137.2</ele>
    <time>2025-09-30T18:02:16Z</time>
   </trkpt>
   <trkpt lat="48.1268330" lon="17.1244380">
    <ele>137.2</ele>
    <time>2025-09-30T18:02:17Z</time>
   </trkpt>
   <trkpt lat="48.1268350" lon="17.1244370">
    <ele>137.2</ele>
    <time>2025-09-30T18:02:18Z</time>
   </trkpt>
   <trkpt lat="48.1268370" lon="17.1244370">
    <ele>137.2</ele>
    <time>2025-09-30T18:02:19Z</time>
   </trkpt>
   <trkpt lat="48.1268400" lon="17.1244370">
    <ele>137.2</ele>
    <time>2025-09-30T18:02:20Z</time>
   </trkpt>
   <trkpt lat="48.1268420" lon="17.1244370">
    <ele>137.2</ele>
    <time>2025-09-30T18:02:21Z</time>
   </trkpt>
   <trkpt lat="48.1268440" lon="17.1244360">
    <ele>137.2</ele>
    <time>2025-09-30T18:02:22Z</time>
   </trkpt>
   <trkpt lat="48.1268460" lon="17.1244360">
    <ele>137.2</ele>
    <time>2025-09-30T18:02:23Z</time>
   </trkpt>
   <trkpt lat="48.1268480" lon="17.1244360">
    <ele>137.2</ele>
    <time>2025-09-30T18:02:24Z</time>
   </trkpt>
   <trkpt lat="48.1268500" lon="17.1244360">
    <ele>137.2</ele>
    <time>2025-09-30T18:02:25Z</time>
   </trkpt>
   <trkpt lat="48.1268530" lon="17.1244350">
    <ele>137.2</ele>
    <time>2025-09-30T18:02:26Z</time>
   </trkpt>
   <trkpt lat="48.1268550" lon="17.1244350">
    <ele>137.2</ele>
    <time>2025-09-30T18:02:27Z</time>
   </trkpt>
   <trkpt lat="48.1268570" lon="17.1244350">
    <ele>137.2</ele>
    <time>2025-09-30T18:02:28Z</time>
   </trkpt>
   <trkpt lat="48.1268660" lon="17.1244370">
    <ele>137.2</ele>
    <time>2025-09-30T18:02:29Z</time>
   </trkpt>
   <trkpt lat="48.1268790" lon="17.1244350">
    <ele>137.2</ele>
    <time>2025-09-30T18:02:30Z</time>
   </trkpt>
   <trkpt lat="48.1268930" lon="17.1244340">
    <ele>137.2</ele>
    <time>2025-09-30T18:02:31Z</time>
   </trkpt>
   <trkpt lat="48.1269070" lon="17.1244310">
    <ele>137.2</ele>
    <time>2025-09-30T18:02:32Z</time>
   </trkpt>
   <trkpt lat="48.1269170" lon="17.1244240">
    <ele>137.2</ele>
    <time>2025-09-30T18:02:33Z</time>
   </trkpt>
   <trkpt lat="48.1269210" lon="17.1244200">
    <ele>137.2</ele>
    <time>2025-09-30T18:02:34Z</time>
   </trkpt>
   <trkpt lat="48.1269200" lon="17.1244210">
    <ele>137.2</ele>
    <time>2025-09-30T18:02:35Z</time>
   </trkpt>
   <trkpt lat="48.1269190" lon="17.1244200">
    <ele>137.2</ele>
    <time>2025-09-30T18:02:36Z</time>
   </trkpt>
   <trkpt lat="48.1269180" lon="17.1244200">
    <ele>137.2</ele>
    <time>2025-09-30T18:02:37Z</time>
   </trkpt>
   <trkpt lat="48.1269170" lon="17.1244210">
    <ele>137.2</ele>
    <time>2025-09-30T18:02:38Z</time>
   </trkpt>
   <trkpt lat="48.1269160" lon="17.1244210">
    <ele>137.2</ele>
    <time>2025-09-30T18:02:39Z</time>
   </trkpt>
   <trkpt lat="48.1269150" lon="17.1244220">
    <ele>137.2</ele>
    <time>2025-09-30T18:02:40Z</time>
   </trkpt>
   <trkpt lat="48.1269140" lon="17.1244230">
    <ele>137.2</ele>
    <time>2025-09-30T18:02:41Z</time>
   </trkpt>
   <trkpt lat="48.1269130" lon="17.1244240">
    <ele>137.2</ele>
    <time>2025-09-30T18:02:42Z</time>
   </trkpt>
   <trkpt lat="48.1269130" lon="17.1244240">
    <ele>137.2</ele>
    <time>2025-09-30T18:02:43Z</time>
   </trkpt>
   <trkpt lat="48.1269140" lon="17.1244230">
    <ele>137.2</ele>
    <time>2025-09-30T18:02:44Z</time>
   </trkpt>
   <trkpt lat="48.1269140" lon="17.1244240">
    <ele>137.2</ele>
    <time>2025-09-30T18:02:45Z</time>
   </trkpt>
   <trkpt lat="48.1269140" lon="17.1244240">
    <ele>137.2</ele>
    <time>2025-09-30T18:02:46Z</time>
   </trkpt>
   <trkpt lat="48.1269130" lon="17.1244250">
    <ele>137.2</ele>
    <time>2025-09-30T18:02:47Z</time>
   </trkpt>
   <trkpt lat="48.1269130" lon="17.1244260">
    <ele>137.2</ele>
    <time>2025-09-30T18:02:48Z</time>
   </trkpt>
   <trkpt lat="48.1269110" lon="17.1244290">
    <ele>137.3</ele>
    <time>2025-09-30T18:02:49Z</time>
   </trkpt>
   <trkpt lat="48.1269050" lon="17.1244340">
    <ele>137.3</ele>
    <time>2025-09-30T18:02:50Z</time>
   </trkpt>
   <trkpt lat="48.1268950" lon="17.1244370">
    <ele>137.3</ele>
    <time>2025-09-30T18:02:51Z</time>
   </trkpt>
   <trkpt lat="48.1268830" lon="17.1244270">
    <ele>137.3</ele>
    <time>2025-09-30T18:02:52Z</time>
   </trkpt>
   <trkpt lat="48.1268680" lon="17.1244160">
    <ele>137.3</ele>
    <time>2025-09-30T18:02:53Z</time>
   </trkpt>
   <trkpt lat="48.1268520" lon="17.1244040">
    <ele>137.3</ele>
    <time>2025-09-30T18:02:54Z</time>
   </trkpt>
   <trkpt lat="48.1268400" lon="17.1243960">
    <ele>137.3</ele>
    <time>2025-09-30T18:02:55Z</time>
   </trkpt>
   <trkpt lat="48.1268260" lon="17.1243810">
    <ele>137.3</ele>
    <time>2025-09-30T18:02:56Z</time>
   </trkpt>
   <trkpt lat="48.1268100" lon="17.1243750">
    <ele>137.3</ele>
    <time>2025-09-30T18:02:57Z</time>
   </trkpt>
   <trkpt lat="48.1267890" lon="17.1243690">
    <ele>137.2</ele>
    <time>2025-09-30T18:02:58Z</time>
   </trkpt>
   <trkpt lat="48.1267810" lon="17.1243680">
    <ele>137.2</ele>
    <time>2025-09-30T18:02:59Z</time>
   </trkpt>
   <trkpt lat="48.1267740" lon="17.1243670">
    <ele>137.2</ele>
    <time>2025-09-30T18:03:00Z</time>
   </trkpt>
   <trkpt lat="48.1267650" lon="17.1243580">
    <ele>137.2</ele>
    <time>2025-09-30T18:03:01Z</time>
   </trkpt>
   <trkpt lat="48.1267550" lon="17.1243550">
    <ele>137.2</ele>
    <time>2025-09-30T18:03:02Z</time>
   </trkpt>
   <trkpt lat="48.1267450" lon="17.1243490">
    <ele>137.2</ele>
    <time>2025-09-30T18:03:03Z</time>
   </trkpt>
   <trkpt lat="48.1267340" lon="17.1243440">
    <ele>137.2</ele>
    <time>2025-09-30T18:03:04Z</time>
   </trkpt>
   <trkpt lat="48.1267240" lon="17.1243430">
    <ele>137.2</ele>
    <time>2025-09-30T18:03:05Z</time>
   </trkpt>
   <trkpt lat="48.1267140" lon="17.1243490">
    <ele>137.2</ele>
    <time>2025-09-30T18:03:06Z</time>
   </trkpt>
   <trkpt lat="48.1266980" lon="17.1243080">
    <ele>137.2</ele>
    <time>2025-09-30T18:03:07Z</time>
   </trkpt>
   <trkpt lat="48.1266940" lon="17.1242950">
    <ele>137.2</ele>
    <time>2025-09-30T18:03:08Z</time>
   </trkpt>
   <trkpt lat="48.1266870" lon="17.1242820">
    <ele>137.1</ele>
    <time>2025-09-30T18:03:09Z</time>
   </trkpt>
   <trkpt lat="48.1266810" lon="17.1242730">
    <ele>137.1</ele>
    <time>2025-09-30T18:03:10Z</time>
   </trkpt>
   <trkpt lat="48.1266820" lon="17.1242650">
    <ele>137.1</ele>
    <time>2025-09-30T18:03:11Z</time>
   </trkpt>
   <trkpt lat="48.1266830" lon="17.1242620">
    <ele>137.1</ele>
    <time>2025-09-30T18:03:12Z</time>
   </trkpt>
   <trkpt lat="48.1266830" lon="17.1242630">
    <ele>137.1</ele>
    <time>2025-09-30T18:03:13Z</time>
   </trkpt>
   <trkpt lat="48.1266810" lon="17.1242660">
    <ele>137.1</ele>
    <time>2025-09-30T18:03:14Z</time>
   </trkpt>
   <trkpt lat="48.1266800" lon="17.1242680">
    <ele>137.1</ele>
    <time>2025-09-30T18:03:15Z</time>
   </trkpt>
   <trkpt lat="48.1266800" lon="17.1242680">
    <ele>137.1</ele>
    <time>2025-09-30T18:03:16Z</time>
   </trkpt>
   <trkpt lat="48.1266790" lon="17.1242690">
    <ele>137.1</ele>
    <time>2025-09-30T18:03:17Z</time>
   </trkpt>
   <trkpt lat="48.1266790" lon="17.1242700">
    <ele>137.1</ele>
    <time>2025-09-30T18:03:18Z</time>
   </trkpt>
   <trkpt lat="48.1266820" lon="17.1242720">
    <ele>137.1</ele>
    <time>2025-09-30T18:03:19Z</time>
   </trkpt>
   <trkpt lat="48.1266820" lon="17.1242730">
    <ele>137.1</ele>
    <time>2025-09-30T18:03:20Z</time>
   </trkpt>
   <trkpt lat="48.1266820" lon="17.1242740">
    <ele>137.1</ele>
    <time>2025-09-30T18:03:21Z</time>
   </trkpt>
   <trkpt lat="48.1266810" lon="17.1242740">
    <ele>137.1</ele>
    <time>2025-09-30T18:03:22Z</time>
   </trkpt>
   <trkpt lat="48.1266800" lon="17.1242740">
    <ele>137.1</ele>
    <time>2025-09-30T18:03:23Z</time>
   </trkpt>
   <trkpt lat="48.1266790" lon="17.1242730">
    <ele>137.1</ele>
    <time>2025-09-30T18:03:24Z</time>
   </trkpt>
   <trkpt lat="48.1266780" lon="17.1242730">
    <ele>137.1</ele>
    <time>2025-09-30T18:03:25Z</time>
   </trkpt>
   <trkpt lat="48.1266770" lon="17.1242740">
    <ele>137.1</ele>
    <time>2025-09-30T18:03:26Z</time>
   </trkpt>
   <trkpt lat="48.1266770" lon="17.1242740">
    <ele>137.1</ele>
    <time>2025-09-30T18:03:27Z</time>
   </trkpt>
   <trkpt lat="48.1266760" lon="17.1242740">
    <ele>137.1</ele>
    <time>2025-09-30T18:03:28Z</time>
   </trkpt>
   <trkpt lat="48.1266820" lon="17.1242740">
    <ele>137.1</ele>
    <time>2025-09-30T18:03:29Z</time>
   </trkpt>
   <trkpt lat="48.1266810" lon="17.1242740">
    <ele>137.1</ele>
    <time>2025-09-30T18:03:30Z</time>
   </trkpt>
   <trkpt lat="48.1266790" lon="17.1242730">
    <ele>137.1</ele>
    <time>2025-09-30T18:03:31Z</time>
   </trkpt>
   <trkpt lat="48.1266790" lon="17.1242730">
    <ele>137.1</ele>
    <time>2025-09-30T18:03:32Z</time>
   </trkpt>
   <trkpt lat="48.1266760" lon="17.1242690">
    <ele>137.1</ele>
    <time>2025-09-30T18:03:33Z</time>
   </trkpt>
   <trkpt lat="48.1266710" lon="17.1242670">
    <ele>137.1</ele>
    <time>2025-09-30T18:03:34Z</time>
   </trkpt>
   <trkpt lat="48.1266690" lon="17.1242700">
    <ele>137.1</ele>
    <time>2025-09-30T18:03:35Z</time>
   </trkpt>
   <trkpt lat="48.1266680" lon="17.1242770">
    <ele>137.1</ele>
    <time>2025-09-30T18:03:36Z</time>
   </trkpt>
   <trkpt lat="48.1266680" lon="17.1242800">
    <ele>137.1</ele>
    <time>2025-09-30T18:03:37Z</time>
   </trkpt>
   <trkpt lat="48.1266650" lon="17.1242810">
    <ele>137.1</ele>
    <time>2025-09-30T18:03:38Z</time>
   </trkpt>
   <trkpt lat="48.1266630" lon="17.1242830">
    <ele>137.1</ele>
    <time>2025-09-30T18:03:39Z</time>
   </trkpt>
   <trkpt lat="48.1266610" lon="17.1242870">
    <ele>137.1</ele>
    <time>2025-09-30T18:03:40Z</time>
   </trkpt>
   <trkpt lat="48.1266580" lon="17.1242890">
    <ele>137.1</ele>
    <time>2025-09-30T18:03:41Z</time>
   </trkpt>
   <trkpt lat="48.1266560" lon="17.1242890">
    <ele>137.1</ele>
    <time>2025-09-30T18:03:42Z</time>
   </trkpt>
   <trkpt lat="48.1266420" lon="17.1242900">
    <ele>137.1</ele>
    <time>2025-09-30T18:03:43Z</time>
   </trkpt>
   <trkpt lat="48.1266290" lon="17.1242830">
    <ele>137.1</ele>
    <time>2025-09-30T18:03:44Z</time>
   </trkpt>
   <trkpt lat="48.1266110" lon="17.1242820">
    <ele>137.1</ele>
    <time>2025-09-30T18:03:45Z</time>
   </trkpt>
   <trkpt lat="48.1265880" lon="17.1242910">
    <ele>137.0</ele>
    <time>2025-09-30T18:03:47Z</time>
   </trkpt>
   <trkpt lat="48.1265760" lon="17.1242990">
    <ele>137.0</ele>
    <time>2025-09-30T18:03:48Z</time>
   </trkpt>
   <trkpt lat="48.1265670" lon="17.1242940">
    <ele>137.0</ele>
    <time>2025-09-30T18:03:49Z</time>
   </trkpt>
   <trkpt lat="48.1265620" lon="17.1242900">
    <ele>137.0</ele>
    <time>2025-09-30T18:03:50Z</time>
   </trkpt>
   <trkpt lat="48.1265580" lon="17.1242860">
    <ele>137.0</ele>
    <time>2025-09-30T18:03:51Z</time>
   </trkpt>
   <trkpt lat="48.1265570" lon="17.1242800">
    <ele>137.0</ele>
    <time>2025-09-30T18:03:52Z</time>
   </trkpt>
   <trkpt lat="48.1265560" lon="17.1242730">
    <ele>137.0</ele>
    <time>2025-09-30T18:03:53Z</time>
   </trkpt>
   <trkpt lat="48.1265540" lon="17.1242700">
    <ele>137.0</ele>
    <time>2025-09-30T18:03:54Z</time>
   </trkpt>
   <trkpt lat="48.1265540" lon="17.1242680">
    <ele>137.0</ele>
    <time>2025-09-30T18:03:55Z</time>
   </trkpt>
   <trkpt lat="48.1265530" lon="17.1242670">
    <ele>137.0</ele>
    <time>2025-09-30T18:03:56Z</time>
   </trkpt>
   <trkpt lat="48.1265530" lon="17.1242660">
    <ele>137.0</ele>
    <time>2025-09-30T18:03:57Z</time>
   </trkpt>
   <trkpt lat="48.1265530" lon="17.1242640">
    <ele>137.0</ele>
    <time>2025-09-30T18:03:58Z</time>
   </trkpt>
   <trkpt lat="48.1265530" lon="17.1242640">
    <ele>137.0</ele>
    <time>2025-09-30T18:03:59Z</time>
   </trkpt>
   <trkpt lat="48.1265530" lon="17.1242620">
    <ele>137.0</ele>
    <time>2025-09-30T18:04:00Z</time>
   </trkpt>
   <trkpt lat="48.1265530" lon="17.1242610">
    <ele>137.0</ele>
    <time>2025-09-30T18:04:01Z</time>
   </trkpt>
   <trkpt lat="48.1265530" lon="17.1242540">
    <ele>137.0</ele>
    <time>2025-09-30T18:04:02Z</time>
   </trkpt>
   <trkpt lat="48.1265530" lon="17.1242540">
    <ele>137.0</ele>
    <time>2025-09-30T18:04:03Z</time>
   </trkpt>
   <trkpt lat="48.1265530" lon="17.1242540">
    <ele>137.0</ele>
    <time>2025-09-30T18:04:04Z</time>
   </trkpt>
   <trkpt lat="48.1265530" lon="17.1242540">
    <ele>137.0</ele>
    <time>2025-09-30T18:04:05Z</time>
   </trkpt>
   <trkpt lat="48.1265530" lon="17.1242540">
    <ele>137.0</ele>
    <time>2025-09-30T18:04:06Z</time>
   </trkpt>
   <trkpt lat="48.1265530" lon="17.1242540">
    <ele>137.0</ele>
    <time>2025-09-30T18:04:07Z</time>
   </trkpt>
   <trkpt lat="48.1265530" lon="17.1242540">
    <ele>137.0</ele>
    <time>2025-09-30T18:04:08Z</time>
   </trkpt>
   <trkpt lat="48.1265530" lon="17.1242540">
    <ele>137.0</ele>
    <time>2025-09-30T18:04:09Z</time>
   </trkpt>
   <trkpt lat="48.1265530" lon="17.1242310">
    <ele>137.0</ele>
    <time>2025-09-30T18:04:10Z</time>
   </trkpt>
   <trkpt lat="48.1265540" lon="17.1242270">
    <ele>137.0</ele>
    <time>2025-09-30T18:04:11Z</time>
   </trkpt>
   <trkpt lat="48.1265540" lon="17.1242270">
    <ele>137.0</ele>
    <time>2025-09-30T18:04:12Z</time>
   </trkpt>
   <trkpt lat="48.1265540" lon="17.1242270">
    <ele>137.0</ele>
    <time>2025-09-30T18:04:13Z</time>
   </trkpt>
   <trkpt lat="48.1265540" lon="17.1242270">
    <ele>137.0</ele>
    <time>2025-09-30T18:04:14Z</time>
   </trkpt>
   <trkpt lat="48.1265540" lon="17.1242270">
    <ele>137.0</ele>
    <time>2025-09-30T18:04:15Z</time>
   </trkpt>
   <trkpt lat="48.1265540" lon="17.1242270">
    <ele>137.0</ele>
    <time>2025-09-30T18:04:16Z</time>
   </trkpt>
   <trkpt lat="48.1265540" lon="17.1242270">
    <ele>137.0</ele>
    <time>2025-09-30T18:04:17Z</time>
   </trkpt>
   <trkpt lat="48.1265540" lon="17.1242270">
    <ele>137.0</ele>
    <time>2025-09-30T18:04:18Z</time>
   </trkpt>
   <trkpt lat="48.1265540" lon="17.1242270">
    <ele>137.0</ele>
    <time>2025-09-30T18:04:19Z</time>
   </trkpt>
   <trkpt lat="48.1265460" lon="17.1242200">
    <ele>137.0</ele>
    <time>2025-09-30T18:04:20Z</time>
   </trkpt>
   <trkpt lat="48.1265470" lon="17.1242200">
    <ele>137.0</ele>
    <time>2025-09-30T18:04:21Z</time>
   </trkpt>
   <trkpt lat="48.1265470" lon="17.1242200">
    <ele>137.0</ele>
    <time>2025-09-30T18:04:22Z</time>
   </trkpt>
   <trkpt lat="48.1265470" lon="17.1242170">
    <ele>137.0</ele>
    <time>2025-09-30T18:04:23Z</time>
   </trkpt>
   <trkpt lat="48.1265470" lon="17.1242170">
    <ele>137.0</ele>
    <time>2025-09-30T18:04:24Z</time>
   </trkpt>
   <trkpt lat="48.1265470" lon="17.1242170">
    <ele>137.0</ele>
    <time>2025-09-30T18:04:25Z</time>
   </trkpt>
   <trkpt lat="48.1265470" lon="17.1242170">
    <ele>137.0</ele>
    <time>2025-09-30T18:04:26Z</time>
   </trkpt>
   <trkpt lat="48.1265470" lon="17.1242170">
    <ele>137.0</ele>
    <time>2025-09-30T18:04:27Z</time>
   </trkpt>
   <trkpt lat="48.1265470" lon="17.1242170">
    <ele>137.0</ele>
    <time>2025-09-30T18:04:28Z</time>
   </trkpt>
   <trkpt lat="48.1265470" lon="17.1242170">
    <ele>137.0</ele>
    <time>2025-09-30T18:04:29Z</time>
   </trkpt>
   <trkpt lat="48.1265470" lon="17.1242170">
    <ele>137.0</ele>
    <time>2025-09-30T18:04:30Z</time>
   </trkpt>
   <trkpt lat="48.1265470" lon="17.1242170">
    <ele>137.0</ele>
    <time>2025-09-30T18:04:31Z</time>
   </trkpt>
   <trkpt lat="48.1265470" lon="17.1242170">
    <ele>137.0</ele>
    <time>2025-09-30T18:04:32Z</time>
   </trkpt>
   <trkpt lat="48.1265470" lon="17.1242170">
    <ele>137.0</ele>
    <time>2025-09-30T18:04:33Z</time>
   </trkpt>
   <trkpt lat="48.1265520" lon="17.1242130">
    <ele>137.0</ele>
    <time>2025-09-30T18:04:34Z</time>
   </trkpt>
   <trkpt lat="48.1265550" lon="17.1242110">
    <ele>137.0</ele>
    <time>2025-09-30T18:04:35Z</time>
   </trkpt>
   <trkpt lat="48.1265580" lon="17.1242060">
    <ele>137.0</ele>
    <time>2025-09-30T18:04:36Z</time>
   </trkpt>
   <trkpt lat="48.1265600" lon="17.1242020">
    <ele>137.0</ele>
    <time>2025-09-30T18:04:37Z</time>
   </trkpt>
   <trkpt lat="48.1265600" lon="17.1242040">
    <ele>137.0</ele>
    <time>2025-09-30T18:04:38Z</time>
   </trkpt>
   <trkpt lat="48.1265580" lon="17.1242010">
    <ele>137.0</ele>
    <time>2025-09-30T18:04:39Z</time>
   </trkpt>
   <trkpt lat="48.1265560" lon="17.1241960">
    <ele>137.0</ele>
    <time>2025-09-30T18:04:40Z</time>
   </trkpt>
   <trkpt lat="48.1265560" lon="17.1241890">
    <ele>137.0</ele>
    <time>2025-09-30T18:04:41Z</time>
   </trkpt>
   <trkpt lat="48.1265520" lon="17.1241900">
    <ele>137.0</ele>
    <time>2025-09-30T18:04:42Z</time>
   </trkpt>
   <trkpt lat="48.1265520" lon="17.1241900">
    <ele>137.0</ele>
    <time>2025-09-30T18:04:43Z</time>
   </trkpt>
   <trkpt lat="48.1265520" lon="17.1241900">
    <ele>137.0</ele>
    <time>2025-09-30T18:04:44Z</time>
   </trkpt>
   <trkpt lat="48.1265520" lon="17.1241900">
    <ele>137.0</ele>
    <time>2025-09-30T18:04:45Z</time>
   </trkpt>
   <trkpt lat="48.1265520" lon="17.1241900">
    <ele>137.0</ele>
    <time>2025-09-30T18:04:46Z</time>
   </trkpt>
   <trkpt lat="48.1265520" lon="17.1241900">
    <ele>137.0</ele>
    <time>2025-09-30T18:04:47Z</time>
   </trkpt>
   <trkpt lat="48.1265520" lon="17.1241900">
    <ele>137.0</ele>
    <time>2025-09-30T18:04:48Z</time>
   </trkpt>
   <trkpt lat="48.1265520" lon="17.1241900">
    <ele>137.0</ele>
    <time>2025-09-30T18:04:49Z</time>
   </trkpt>
   <trkpt lat="48.1265520" lon="17.1241900">
    <ele>137.0</ele>
    <time>2025-09-30T18:04:50Z</time>
   </trkpt>
   <trkpt lat="48.1265520" lon="17.1241900">
    <ele>137.0</ele>
    <time>2025-09-30T18:04:51Z</time>
   </trkpt>
   <trkpt lat="48.1265520" lon="17.1241900">
    <ele>137.0</ele>
    <time>2025-09-30T18:04:52Z</time>
   </trkpt>
   <trkpt lat="48.1265520" lon="17.1241900">
    <ele>137.0</ele>
    <time>2025-09-30T18:04:53Z</time>
   </trkpt>
   <trkpt lat="48.1265520" lon="17.1241900">
    <ele>137.0</ele>
    <time>2025-09-30T18:04:54Z</time>
   </trkpt>
   <trkpt lat="48.1265520" lon="17.1241900">
    <ele>137.0</ele>
    <time>2025-09-30T18:04:55Z</time>
   </trkpt>
   <trkpt lat="48.1265510" lon="17.1241870">
    <ele>137.0</ele>
    <time>2025-09-30T18:04:56Z</time>
   </trkpt>
   <trkpt lat="48.1265390" lon="17.1241870">
    <ele>137.0</ele>
    <time>2025-09-30T18:04:57Z</time>
   </trkpt>
   <trkpt lat="48.1265260" lon="17.1241870">
    <ele>137.0</ele>
    <time>2025-09-30T18:04:58Z</time>
   </trkpt>
   <trkpt lat="48.1265160" lon="17.1241850">
    <ele>137.0</ele>
    <time>2025-09-30T18:04:59Z</time>
   </trkpt>
   <trkpt lat="48.1265070" lon="17.1241770">
    <ele>137.0</ele>
    <time>2025-09-30T18:05:00Z</time>
   </trkpt>
   <trkpt lat="48.1265010" lon="17.1241680">
    <ele>137.0</ele>
    <time>2025-09-30T18:05:01Z</time>
   </trkpt>
   <trkpt lat="48.1264920" lon="17.1241620">
    <ele>136.9</ele>
    <time>2025-09-30T18:05:02Z</time>
   </trkpt>
   <trkpt lat="48.1264870" lon="17.1241600">
    <ele>136.9</ele>
    <time>2025-09-30T18:05:03Z</time>
   </trkpt>
   <trkpt lat="48.1264770" lon="17.1241590">
    <ele>136.9</ele>
    <time>2025-09-30T18:05:04Z</time>
   </trkpt>
   <trkpt lat="48.1264710" lon="17.1241590">
    <ele>136.9</ele>
    <time>2025-09-30T18:05:05Z</time>
   </trkpt>
   <trkpt lat="48.1264560" lon="17.1241620">
    <ele>136.9</ele>
    <time>2025-09-30T18:05:06Z</time>
   </trkpt>
   <trkpt lat="48.1264470" lon="17.1241650">
    <ele>136.9</ele>
    <time>2025-09-30T18:05:07Z</time>
   </trkpt>
   <trkpt lat="48.1264390" lon="17.1241690">
    <ele>136.9</ele>
    <time>2025-09-30T18:05:08Z</time>
   </trkpt>
   <trkpt lat="48.1264300" lon="17.1241720">
    <ele>136.9</ele>
    <time>2025-09-30T18:05:09Z</time>
   </trkpt>
   <trkpt lat="48.1264220" lon="17.1241740">
    <ele>136.9</ele>
    <time>2025-09-30T18:05:10Z</time>
   </trkpt>
   <trkpt lat="48.1264130" lon="17.1241760">
    <ele>136.9</ele>
    <time>2025-09-30T18:05:11Z</time>
   </trkpt>
   <trkpt lat="48.1264020" lon="17.1241800">
    <ele>136.9</ele>
    <time>2025-09-30T18:05:12Z</time>
   </trkpt>
   <trkpt lat="48.1263920" lon="17.1241850">
    <ele>136.9</ele>
    <time>2025-09-30T18:05:13Z</time>
   </trkpt>
   <trkpt lat="48.1263810" lon="17.1241890">
    <ele>136.9</ele>
    <time>2025-09-30T18:05:14Z</time>
   </trkpt>
   <trkpt lat="48.1263710" lon="17.1241930">
    <ele>136.9</ele>
    <time>2025-09-30T18:05:15Z</time>
   </trkpt>
   <trkpt lat="48.1263610" lon="17.1241940">
    <ele>136.9</ele>
    <time>2025-09-30T18:05:16Z</time>
   </trkpt>
   <trkpt lat="48.1263530" lon="17.1241880">
    <ele>136.9</ele>
    <time>2025-09-30T18:05:17Z</time>
   </trkpt>
   <trkpt lat="48.1263450" lon="17.1241890">
    <ele>136.9</ele>
    <time>2025-09-30T18:05:18Z</time>
   </trkpt>
   <trkpt lat="48.1263350" lon="17.1241890">
    <ele>136.9</ele>
    <time>2025-09-30T18:05:19Z</time>
   </trkpt>
   <trkpt lat="48.1263260" lon="17.1241890">
    <ele>136.9</ele>
    <time>2025-09-30T18:05:20Z</time>
   </trkpt>
   <trkpt lat="48.1263170" lon="17.1241900">
    <ele>136.9</ele>
    <time>2025-09-30T18:05:21Z</time>
   </trkpt>
   <trkpt lat="48.1263070" lon="17.1241890">
    <ele>136.9</ele>
    <time>2025-09-30T18:05:22Z</time>
   </trkpt>
   <trkpt lat="48.1263040" lon="17.1241860">
    <ele>136.9</ele>
    <time>2025-09-30T18:05:23Z</time>
   </trkpt>
   <trkpt lat="48.1263020" lon="17.1241820">
    <ele>136.9</ele>
    <time>2025-09-30T18:05:24Z</time>
   </trkpt>
   <trkpt lat="48.1263040" lon="17.1241810">
    <ele>136.9</ele>
    <time>2025-09-30T18:05:25Z</time>
   </trkpt>
   <trkpt lat="48.1263040" lon="17.1241780">
    <ele>136.9</ele>
    <time>2025-09-30T18:05:26Z</time>
   </trkpt>
   <trkpt lat="48.1263060" lon="17.1241760">
    <ele>136.9</ele>
    <time>2025-09-30T18:05:27Z</time>
   </trkpt>
   <trkpt lat="48.1263060" lon="17.1241740">
    <ele>136.9</ele>
    <time>2025-09-30T18:05:28Z</time>
   </trkpt>
   <trkpt lat="48.1263060" lon="17.1241720">
    <ele>136.9</ele>
    <time>2025-09-30T18:05:29Z</time>
   </trkpt>
   <trkpt lat="48.1263060" lon="17.1241710">
    <ele>136.9</ele>
    <time>2025-09-30T18:05:30Z</time>
   </trkpt>
   <trkpt lat="48.1263050" lon="17.1241710">
    <ele>136.9</ele>
    <time>2025-09-30T18:05:31Z</time>
   </trkpt>
   <trkpt lat="48.1263050" lon="17.1241690">
    <ele>136.9</ele>
    <time>2025-09-30T18:05:32Z</time>
   </trkpt>
   <trkpt lat="48.1263050" lon="17.1241690">
    <ele>136.9</ele>
    <time>2025-09-30T18:05:33Z</time>
   </trkpt>
   <trkpt lat="48.1263050" lon="17.1241680">
    <ele>136.9</ele>
    <time>2025-09-30T18:05:34Z</time>
   </trkpt>
   <trkpt lat="48.1263050" lon="17.1241690">
    <ele>136.9</ele>
    <time>2025-09-30T18:05:35Z</time>
   </trkpt>
   <trkpt lat="48.1263060" lon="17.1241710">
    <ele>136.9</ele>
    <time>2025-09-30T18:05:36Z</time>
   </trkpt>
   <trkpt lat="48.1263070" lon="17.1241730">
    <ele>136.9</ele>
    <time>2025-09-30T18:05:37Z</time>
   </trkpt>
   <trkpt lat="48.1263080" lon="17.1241740">
    <ele>136.9</ele>
    <time>2025-09-30T18:05:38Z</time>
   </trkpt>
   <trkpt lat="48.1263080" lon="17.1241750">
    <ele>136.9</ele>
    <time>2025-09-30T18:05:39Z</time>
   </trkpt>
   <trkpt lat="48.1263080" lon="17.1241750">
    <ele>136.9</ele>
    <time>2025-09-30T18:05:40Z</time>
   </trkpt>
   <trkpt lat="48.1263070" lon="17.1241760">
    <ele>136.9</ele>
    <time>2025-09-30T18:05:41Z</time>
   </trkpt>
   <trkpt lat="48.1263070" lon="17.1241770">
    <ele>136.9</ele>
    <time>2025-09-30T18:05:42Z</time>
   </trkpt>
   <trkpt lat="48.1263070" lon="17.1241770">
    <ele>136.9</ele>
    <time>2025-09-30T18:05:43Z</time>
   </trkpt>
   <trkpt lat="48.1263080" lon="17.1241790">
    <ele>136.9</ele>
    <time>2025-09-30T18:05:44Z</time>
   </trkpt>
   <trkpt lat="48.1263080" lon="17.1241800">
    <ele>136.9</ele>
    <time>2025-09-30T18:05:45Z</time>
   </trkpt>
   <trkpt lat="48.1263080" lon="17.1241800">
    <ele>136.9</ele>
    <time>2025-09-30T18:05:46Z</time>
   </trkpt>
   <trkpt lat="48.1263080" lon="17.1241800">
    <ele>136.9</ele>
    <time>2025-09-30T18:05:47Z</time>
   </trkpt>
   <trkpt lat="48.1263080" lon="17.1241800">
    <ele>136.9</ele>
    <time>2025-09-30T18:05:48Z</time>
   </trkpt>
   <trkpt lat="48.1263090" lon="17.1241800">
    <ele>136.9</ele>
    <time>2025-09-30T18:05:49Z</time>
   </trkpt>
   <trkpt lat="48.1263090" lon="17.1241800">
    <ele>136.9</ele>
    <time>2025-09-30T18:05:50Z</time>
   </trkpt>
   <trkpt lat="48.1263090" lon="17.1241800">
    <ele>136.9</ele>
    <time>2025-09-30T18:05:51Z</time>
   </trkpt>
   <trkpt lat="48.1263090" lon="17.1241800">
    <ele>136.9</ele>
    <time>2025-09-30T18:05:52Z</time>
   </trkpt>
   <trkpt lat="48.1263090" lon="17.1241800">
    <ele>136.9</ele>
    <time>2025-09-30T18:05:53Z</time>
   </trkpt>
   <trkpt lat="48.1263090" lon="17.1241800">
    <ele>136.9</ele>
    <time>2025-09-30T18:05:54Z</time>
   </trkpt>
   <trkpt lat="48.1263090" lon="17.1241800">
    <ele>136.9</ele>
    <time>2025-09-30T18:05:55Z</time>
   </trkpt>
   <trkpt lat="48.1263090" lon="17.1241800">
    <ele>136.9</ele>
    <time>2025-09-30T18:05:56Z</time>
   </trkpt>
   <trkpt lat="48.1263090" lon="17.1241800">
    <ele>136.9</ele>
    <time>2025-09-30T18:05:57Z</time>
   </trkpt>
   <trkpt lat="48.1263090" lon="17.1241800">
    <ele>136.9</ele>
    <time>2025-09-30T18:05:58Z</time>
   </trkpt>
   <trkpt lat="48.1263090" lon="17.1241800">
    <ele>136.9</ele>
    <time>2025-09-30T18:05:59Z</time>
   </trkpt>
   <trkpt lat="48.1263090" lon="17.1241800">
    <ele>136.9</ele>
    <time>2025-09-30T18:06:00Z</time>
   </trkpt>
   <trkpt lat="48.1263090" lon="17.1241800">
    <ele>136.9</ele>
    <time>2025-09-30T18:06:01Z</time>
   </trkpt>
   <trkpt lat="48.1263120" lon="17.1241680">
    <ele>136.9</ele>
    <time>2025-09-30T18:06:02Z</time>
   </trkpt>
   <trkpt lat="48.1263120" lon="17.1241620">
    <ele>136.9</ele>
    <time>2025-09-30T18:06:03Z</time>
   </trkpt>
   <trkpt lat="48.1263090" lon="17.1241630">
    <ele>136.9</ele>
    <time>2025-09-30T18:06:04Z</time>
   </trkpt>
   <trkpt lat="48.1263060" lon="17.1241630">
    <ele>136.9</ele>
    <time>2025-09-30T18:06:05Z</time>
   </trkpt>
   <trkpt lat="48.1263040" lon="17.1241640">
    <ele>136.9</ele>
    <time>2025-09-30T18:06:06Z</time>
   </trkpt>
   <trkpt lat="48.1263050" lon="17.1241600">
    <ele>136.9</ele>
    <time>2025-09-30T18:06:07Z</time>
   </trkpt>
   <trkpt lat="48.1263060" lon="17.1241500">
    <ele>136.9</ele>
    <time>2025-09-30T18:06:08Z</time>
   </trkpt>
   <trkpt lat="48.1263110" lon="17.1241430">
    <ele>136.9</ele>
    <time>2025-09-30T18:06:09Z</time>
   </trkpt>
   <trkpt lat="48.1263190" lon="17.1241350">
    <ele>136.9</ele>
    <time>2025-09-30T18:06:10Z</time>
   </trkpt>
   <trkpt lat="48.1263320" lon="17.1241230">
    <ele>136.9</ele>
    <time>2025-09-30T18:06:11Z</time>
   </trkpt>
   <trkpt lat="48.1263340" lon="17.1241130">
    <ele>136.9</ele>
    <time>2025-09-30T18:06:12Z</time>
   </trkpt>
   <trkpt lat="48.1263340" lon="17.1241040">
    <ele>136.9</ele>
    <time>2025-09-30T18:06:13Z</time>
   </trkpt>
   <trkpt lat="48.1263310" lon="17.1241020">
    <ele>136.9</ele>
    <time>2025-09-30T18:06:14Z</time>
   </trkpt>
   <trkpt lat="48.1263260" lon="17.1241120">
    <ele>136.9</ele>
    <time>2025-09-30T18:06:15Z</time>
   </trkpt>
   <trkpt lat="48.1263260" lon="17.1241220">
    <ele>136.9</ele>
    <time>2025-09-30T18:06:16Z</time>
   </trkpt>
   <trkpt lat="48.1263280" lon="17.1241300">
    <ele>136.9</ele>
    <time>2025-09-30T18:06:17Z</time>
   </trkpt>
   <trkpt lat="48.1263320" lon="17.1241370">
    <ele>136.9</ele>
    <time>2025-09-30T18:06:18Z</time>
   </trkpt>
   <trkpt lat="48.1263320" lon="17.1241390">
    <ele>136.9</ele>
    <time>2025-09-30T18:06:19Z</time>
   </trkpt>
   <trkpt lat="48.1263330" lon="17.1241400">
    <ele>136.9</ele>
    <time>2025-09-30T18:06:20Z</time>
   </trkpt>
   <trkpt lat="48.1263380" lon="17.1241410">
    <ele>136.9</ele>
    <time>2025-09-30T18:06:21Z</time>
   </trkpt>
   <trkpt lat="48.1263390" lon="17.1241410">
    <ele>136.9</ele>
    <time>2025-09-30T18:06:22Z</time>
   </trkpt>
   <trkpt lat="48.1263390" lon="17.1241410">
    <ele>136.9</ele>
    <time>2025-09-30T18:06:23Z</time>
   </trkpt>
   <trkpt lat="48.1263380" lon="17.1241410">
    <ele>136.9</ele>
    <time>2025-09-30T18:06:24Z</time>
   </trkpt>
   <trkpt lat="48.1263380" lon="17.1241410">
    <ele>136.9</ele>
    <time>2025-09-30T18:06:25Z</time>
   </trkpt>
   <trkpt lat="48.1263380" lon="17.1241410">
    <ele>136.9</ele>
    <time>2025-09-30T18:06:26Z</time>
   </trkpt>
   <trkpt lat="48.1263380" lon="17.1241410">
    <ele>136.9</ele>
    <time>2025-09-30T18:06:27Z</time>
   </trkpt>
   <trkpt lat="48.1263380" lon="17.1241410">
    <ele>136.9</ele>
    <time>2025-09-30T18:06:28Z</time>
   </trkpt>
   <trkpt lat="48.1263340" lon="17.1241360">
    <ele>136.9</ele>
    <time>2025-09-30T18:06:29Z</time>
   </trkpt>
   <trkpt lat="48.1263360" lon="17.1241370">
    <ele>136.9</ele>
    <time>2025-09-30T18:06:30Z</time>
   </trkpt>
   <trkpt lat="48.1263370" lon="17.1241380">
    <ele>136.9</ele>
    <time>2025-09-30T18:06:31Z</time>
   </trkpt>
   <trkpt lat="48.1263370" lon="17.1241390">
    <ele>136.9</ele>
    <time>2025-09-30T18:06:32Z</time>
   </trkpt>
   <trkpt lat="48.1263370" lon="17.1241400">
    <ele>136.9</ele>
    <time>2025-09-30T18:06:33Z</time>
   </trkpt>
   <trkpt lat="48.1263320" lon="17.1241420">
    <ele>136.9</ele>
    <time>2025-09-30T18:06:34Z</time>
   </trkpt>
   <trkpt lat="48.1263340" lon="17.1241370">
    <ele>136.9</ele>
    <time>2025-09-30T18:06:35Z</time>
   </trkpt>
   <trkpt lat="48.1263340" lon="17.1241350">
    <ele>136.9</ele>
    <time>2025-09-30T18:06:36Z</time>
   </trkpt>
   <trkpt lat="48.1263340" lon="17.1241350">
    <ele>136.9</ele>
    <time>2025-09-30T18:06:37Z</time>
   </trkpt>
   <trkpt lat="48.1263340" lon="17.1241350">
    <ele>136.9</ele>
    <time>2025-09-30T18:06:38Z</time>
   </trkpt>
   <trkpt lat="48.1263340" lon="17.1241350">
    <ele>136.9</ele>
    <time>2025-09-30T18:06:39Z</time>
   </trkpt>
   <trkpt lat="48.1263340" lon="17.1241350">
    <ele>136.9</ele>
    <time>2025-09-30T18:06:40Z</time>
   </trkpt>
   <trkpt lat="48.1263340" lon="17.1241350">
    <ele>136.9</ele>
    <time>2025-09-30T18:06:41Z</time>
   </trkpt>
   <trkpt lat="48.1263340" lon="17.1241350">
    <ele>136.9</ele>
    <time>2025-09-30T18:06:42Z</time>
   </trkpt>
   <trkpt lat="48.1263340" lon="17.1241350">
    <ele>136.9</ele>
    <time>2025-09-30T18:06:43Z</time>
   </trkpt>
   <trkpt lat="48.1263340" lon="17.1241350">
    <ele>136.9</ele>
    <time>2025-09-30T18:06:44Z</time>
   </trkpt>
   <trkpt lat="48.1263340" lon="17.1241350">
    <ele>136.9</ele>
    <time>2025-09-30T18:06:45Z</time>
   </trkpt>
   <trkpt lat="48.1263340" lon="17.1241350">
    <ele>136.9</ele>
    <time>2025-09-30T18:06:46Z</time>
   </trkpt>
   <trkpt lat="48.1263340" lon="17.1241350">
    <ele>136.9</ele>
    <time>2025-09-30T18:06:47Z</time>
   </trkpt>
   <trkpt lat="48.1263340" lon="17.1241350">
    <ele>136.9</ele>
    <time>2025-09-30T18:06:48Z</time>
   </trkpt>
   <trkpt lat="48.1263340" lon="17.1241350">
    <ele>136.9</ele>
    <time>2025-09-30T18:06:49Z</time>
   </trkpt>
   <trkpt lat="48.1263340" lon="17.1241350">
    <ele>136.9</ele>
    <time>2025-09-30T18:06:50Z</time>
   </trkpt>
   <trkpt lat="48.1263340" lon="17.1241350">
    <ele>136.9</ele>
    <time>2025-09-30T18:06:51Z</time>
   </trkpt>
   <trkpt lat="48.1263340" lon="17.1241350">
    <ele>136.9</ele>
    <time>2025-09-30T18:06:52Z</time>
   </trkpt>
   <trkpt lat="48.1263340" lon="17.1241360">
    <ele>136.9</ele>
    <time>2025-09-30T18:06:53Z</time>
   </trkpt>
   <trkpt lat="48.1263340" lon="17.1241360">
    <ele>136.9</ele>
    <time>2025-09-30T18:06:54Z</time>
   </trkpt>
   <trkpt lat="48.1263340" lon="17.1241360">
    <ele>136.9</ele>
    <time>2025-09-30T18:06:55Z</time>
   </trkpt>
   <trkpt lat="48.1263340" lon="17.1241360">
    <ele>136.9</ele>
    <time>2025-09-30T18:06:56Z</time>
   </trkpt>
   <trkpt lat="48.1263340" lon="17.1241360">
    <ele>136.9</ele>
    <time>2025-09-30T18:06:57Z</time>
   </trkpt>
   <trkpt lat="48.1263340" lon="17.1241360">
    <ele>136.9</ele>
    <time>2025-09-30T18:06:58Z</time>
   </trkpt>
   <trkpt lat="48.1263260" lon="17.1241480">
    <ele>136.9</ele>
    <time>2025-09-30T18:06:59Z</time>
   </trkpt>
   <trkpt lat="48.1263300" lon="17.1241540">
    <ele>136.9</ele>
    <time>2025-09-30T18:07:00Z</time>
   </trkpt>
   <trkpt lat="48.1263300" lon="17.1241540">
    <ele>136.9</ele>
    <time>2025-09-30T18:07:01Z</time>
   </trkpt>
   <trkpt lat="48.1263300" lon="17.1241540">
    <ele>136.9</ele>
    <time>2025-09-30T18:07:02Z</time>
   </trkpt>
   <trkpt lat="48.1263300" lon="17.1241540">
    <ele>136.9</ele>
    <time>2025-09-30T18:07:03Z</time>
   </trkpt>
   <trkpt lat="48.1263300" lon="17.1241540">
    <ele>136.9</ele>
    <time>2025-09-30T18:07:04Z</time>
   </trkpt>
   <trkpt lat="48.1263300" lon="17.1241540">
    <ele>136.9</ele>
    <time>2025-09-30T18:07:05Z</time>
   </trkpt>
   <trkpt lat="48.1263300" lon="17.1241540">
    <ele>136.9</ele>
    <time>2025-09-30T18:07:06Z</time>
   </trkpt>
   <trkpt lat="48.1263300" lon="17.1241540">
    <ele>136.9</ele>
    <time>2025-09-30T18:07:07Z</time>
   </trkpt>
   <trkpt lat="48.1263300" lon="17.1241540">
    <ele>136.9</ele>
    <time>2025-09-30T18:07:08Z</time>
   </trkpt>
   <trkpt lat="48.1263300" lon="17.1241540">
    <ele>136.9</ele>
    <time>2025-09-30T18:07:09Z</time>
   </trkpt>
   <trkpt lat="48.1263300" lon="17.1241540">
    <ele>136.9</ele>
    <time>2025-09-30T18:07:10Z</time>
   </trkpt>
   <trkpt lat="48.1263300" lon="17.1241540">
    <ele>136.9</ele>
    <time>2025-09-30T18:07:11Z</time>
   </trkpt>
   <trkpt lat="48.1263300" lon="17.1241540">
    <ele>136.9</ele>
    <time>2025-09-30T18:07:12Z</time>
   </trkpt>
   <trkpt lat="48.1263300" lon="17.1241540">
    <ele>136.9</ele>
    <time>2025-09-30T18:07:13Z</time>
   </trkpt>
   <trkpt lat="48.1263300" lon="17.1241540">
    <ele>136.9</ele>
    <time>2025-09-30T18:07:14Z</time>
   </trkpt>
   <trkpt lat="48.1263300" lon="17.1241540">
    <ele>136.9</ele>
    <time>2025-09-30T18:07:15Z</time>
   </trkpt>
   <trkpt lat="48.1263300" lon="17.1241540">
    <ele>136.9</ele>
    <time>2025-09-30T18:07:16Z</time>
   </trkpt>
   <trkpt lat="48.1263300" lon="17.1241540">
    <ele>136.9</ele>
    <time>2025-09-30T18:07:17Z</time>
   </trkpt>
   <trkpt lat="48.1263300" lon="17.1241540">
    <ele>136.9</ele>
    <time>2025-09-30T18:07:18Z</time>
   </trkpt>
   <trkpt lat="48.1263300" lon="17.1241540">
    <ele>136.9</ele>
    <time>2025-09-30T18:07:19Z</time>
   </trkpt>
   <trkpt lat="48.1263300" lon="17.1241540">
    <ele>136.9</ele>
    <time>2025-09-30T18:07:20Z</time>
   </trkpt>
   <trkpt lat="48.1263300" lon="17.1241540">
    <ele>136.9</ele>
    <time>2025-09-30T18:07:21Z</time>
   </trkpt>
   <trkpt lat="48.1263300" lon="17.1241540">
    <ele>136.9</ele>
    <time>2025-09-30T18:07:22Z</time>
   </trkpt>
   <trkpt lat="48.1263300" lon="17.1241540">
    <ele>136.9</ele>
    <time>2025-09-30T18:07:23Z</time>
   </trkpt>
   <trkpt lat="48.1263300" lon="17.1241540">
    <ele>136.9</ele>
    <time>2025-09-30T18:07:24Z</time>
   </trkpt>
   <trkpt lat="48.1263300" lon="17.1241540">
    <ele>136.9</ele>
    <time>2025-09-30T18:07:25Z</time>
   </trkpt>
   <trkpt lat="48.1263300" lon="17.1241540">
    <ele>136.9</ele>
    <time>2025-09-30T18:07:26Z</time>
   </trkpt>
   <trkpt lat="48.1263300" lon="17.1241540">
    <ele>136.9</ele>
    <time>2025-09-30T18:07:27Z</time>
   </trkpt>
   <trkpt lat="48.1263300" lon="17.1241540">
    <ele>136.9</ele>
    <time>2025-09-30T18:07:28Z</time>
   </trkpt>
   <trkpt lat="48.1263300" lon="17.1241540">
    <ele>136.9</ele>
    <time>2025-09-30T18:07:29Z</time>
   </trkpt>
   <trkpt lat="48.1263300" lon="17.1241540">
    <ele>136.9</ele>
    <time>2025-09-30T18:07:30Z</time>
   </trkpt>
   <trkpt lat="48.1263300" lon="17.1241540">
    <ele>136.9</ele>
    <time>2025-09-30T18:07:31Z</time>
   </trkpt>
   <trkpt lat="48.1263300" lon="17.1241540">
    <ele>136.9</ele>
    <time>2025-09-30T18:07:32Z</time>
   </trkpt>
   <trkpt lat="48.1263300" lon="17.1241540">
    <ele>136.9</ele>
    <time>2025-09-30T18:07:33Z</time>
   </trkpt>
   <trkpt lat="48.1263300" lon="17.1241540">
    <ele>136.9</ele>
    <time>2025-09-30T18:07:34Z</time>
   </trkpt>
   <trkpt lat="48.1263300" lon="17.1241540">
    <ele>136.9</ele>
    <time>2025-09-30T18:07:35Z</time>
   </trkpt>
   <trkpt lat="48.1263300" lon="17.1241540">
    <ele>136.9</ele>
    <time>2025-09-30T18:07:36Z</time>
   </trkpt>
   <trkpt lat="48.1263300" lon="17.1241540">
    <ele>136.9</ele>
    <time>2025-09-30T18:07:37Z</time>
   </trkpt>
   <trkpt lat="48.1263300" lon="17.1241540">
    <ele>136.9</ele>
    <time>2025-09-30T18:07:38Z</time>
   </trkpt>
   <trkpt lat="48.1263300" lon="17.1241540">
    <ele>136.9</ele>
    <time>2025-09-30T18:07:39Z</time>
   </trkpt>
   <trkpt lat="48.1263300" lon="17.1241540">
    <ele>136.9</ele>
    <time>2025-09-30T18:07:40Z</time>
   </trkpt>
   <trkpt lat="48.1263300" lon="17.1241540">
    <ele>136.9</ele>
    <time>2025-09-30T18:07:41Z</time>
   </trkpt>
   <trkpt lat="48.1263290" lon="17.1241550">
    <ele>136.9</ele>
    <time>2025-09-30T18:07:42Z</time>
   </trkpt>
   <trkpt lat="48.1263290" lon="17.1241550">
    <ele>136.9</ele>
    <time>2025-09-30T18:07:43Z</time>
   </trkpt>
   <trkpt lat="48.1263290" lon="17.1241550">
    <ele>136.9</ele>
    <time>2025-09-30T18:07:44Z</time>
   </trkpt>
   <trkpt lat="48.1263290" lon="17.1241550">
    <ele>136.9</ele>
    <time>2025-09-30T18:07:45Z</time>
   </trkpt>
   <trkpt lat="48.1263290" lon="17.1241550">
    <ele>136.9</ele>
    <time>2025-09-30T18:07:46Z</time>
   </trkpt>
   <trkpt lat="48.1263290" lon="17.1241550">
    <ele>136.9</ele>
    <time>2025-09-30T18:07:47Z</time>
   </trkpt>
   <trkpt lat="48.1263290" lon="17.1241550">
    <ele>136.9</ele>
    <time>2025-09-30T18:07:48Z</time>
   </trkpt>
   <trkpt lat="48.1263290" lon="17.1241550">
    <ele>136.9</ele>
    <time>2025-09-30T18:07:49Z</time>
   </trkpt>
   <trkpt lat="48.1263290" lon="17.1241550">
    <ele>136.9</ele>
    <time>2025-09-30T18:07:50Z</time>
   </trkpt>
   <trkpt lat="48.1263290" lon="17.1241550">
    <ele>136.9</ele>
    <time>2025-09-30T18:07:51Z</time>
   </trkpt>
   <trkpt lat="48.1263290" lon="17.1241550">
    <ele>136.9</ele>
    <time>2025-09-30T18:07:52Z</time>
   </trkpt>
   <trkpt lat="48.1263310" lon="17.1241660">
    <ele>136.9</ele>
    <time>2025-09-30T18:07:53Z</time>
   </trkpt>
   <trkpt lat="48.1263330" lon="17.1241800">
    <ele>136.9</ele>
    <time>2025-09-30T18:07:54Z</time>
   </trkpt>
   <trkpt lat="48.1263290" lon="17.1241950">
    <ele>136.9</ele>
    <time>2025-09-30T18:07:55Z</time>
   </trkpt>
   <trkpt lat="48.1263200" lon="17.1242010">
    <ele>136.9</ele>
    <time>2025-09-30T18:07:56Z</time>
   </trkpt>
   <trkpt lat="48.1263110" lon="17.1242020">
    <ele>136.9</ele>
    <time>2025-09-30T18:07:57Z</time>
   </trkpt>
   <trkpt lat="48.1262980" lon="17.1241990">
    <ele>136.9</ele>
    <time>2025-09-30T18:07:58Z</time>
   </trkpt>
   <trkpt lat="48.1262840" lon="17.1241970">
    <ele>136.9</ele>
    <time>2025-09-30T18:07:59Z</time>
   </trkpt>
   <trkpt lat="48.1262710" lon="17.1242040">
    <ele>136.9</ele>
    <time>2025-09-30T18:08:00Z</time>
   </trkpt>
   <trkpt lat="48.1262650" lon="17.1242100">
    <ele>136.9</ele>
    <time>2025-09-30T18:08:01Z</time>
   </trkpt>
   <trkpt lat="48.1262590" lon="17.1242190">
    <ele>136.9</ele>
    <time>2025-09-30T18:08:02Z</time>
   </trkpt>
   <trkpt lat="48.1262600" lon="17.1242230">
    <ele>136.9</ele>
    <time>2025-09-30T18:08:03Z</time>
   </trkpt>
   <trkpt lat="48.1262610" lon="17.1242270">
    <ele>136.9</ele>
    <time>2025-09-30T18:08:04Z</time>
   </trkpt>
   <trkpt lat="48.1262620" lon="17.1242280">
    <ele>136.9</ele>
    <time>2025-09-30T18:08:05Z</time>
   </trkpt>
   <trkpt lat="48.1262630" lon="17.1242290">
    <ele>136.9</ele>
    <time>2025-09-30T18:08:06Z</time>
   </trkpt>
   <trkpt lat="48.1262630" lon="17.1242290">
    <ele>136.9</ele>
    <time>2025-09-30T18:08:07Z</time>
   </trkpt>
   <trkpt lat="48.1262640" lon="17.1242290">
    <ele>136.9</ele>
    <time>2025-09-30T18:08:08Z</time>
   </trkpt>
   <trkpt lat="48.1262640" lon="17.1242300">
    <ele>136.9</ele>
    <time>2025-09-30T18:08:09Z</time>
   </trkpt>
   <trkpt lat="48.1262640" lon="17.1242300">
    <ele>136.9</ele>
    <time>2025-09-30T18:08:10Z</time>
   </trkpt>
   <trkpt lat="48.1262650" lon="17.1242300">
    <ele>136.9</ele>
    <time>2025-09-30T18:08:11Z</time>
   </trkpt>
   <trkpt lat="48.1262640" lon="17.1242310">
    <ele>136.9</ele>
    <time>2025-09-30T18:08:12Z</time>
   </trkpt>
   <trkpt lat="48.1262640" lon="17.1242310">
    <ele>136.9</ele>
    <time>2025-09-30T18:08:13Z</time>
   </trkpt>
   <trkpt lat="48.1262640" lon="17.1242310">
    <ele>136.9</ele>
    <time>2025-09-30T18:08:14Z</time>
   </trkpt>
   <trkpt lat="48.1262650" lon="17.1242310">
    <ele>136.9</ele>
    <time>2025-09-30T18:08:15Z</time>
   </trkpt>
   <trkpt lat="48.1262650" lon="17.1242310">
    <ele>136.9</ele>
    <time>2025-09-30T18:08:16Z</time>
   </trkpt>
   <trkpt lat="48.1262640" lon="17.1242300">
    <ele>136.9</ele>
    <time>2025-09-30T18:08:17Z</time>
   </trkpt>
   <trkpt lat="48.1262650" lon="17.1242300">
    <ele>136.9</ele>
    <time>2025-09-30T18:08:18Z</time>
   </trkpt>
   <trkpt lat="48.1262690" lon="17.1242330">
    <ele>136.9</ele>
    <time>2025-09-30T18:08:19Z</time>
   </trkpt>
   <trkpt lat="48.1262730" lon="17.1242340">
    <ele>136.9</ele>
    <time>2025-09-30T18:08:20Z</time>
   </trkpt>
   <trkpt lat="48.1262750" lon="17.1242360">
    <ele>136.9</ele>
    <time>2025-09-30T18:08:21Z</time>
   </trkpt>
   <trkpt lat="48.1262760" lon="17.1242370">
    <ele>136.9</ele>
    <time>2025-09-30T18:08:22Z</time>
   </trkpt>
   <trkpt lat="48.1262760" lon="17.1242380">
    <ele>136.9</ele>
    <time>2025-09-30T18:08:23Z</time>
   </trkpt>
   <trkpt lat="48.1262790" lon="17.1242380">
    <ele>136.9</ele>
    <time>2025-09-30T18:08:24Z</time>
   </trkpt>
   <trkpt lat="48.1262790" lon="17.1242380">
    <ele>136.9</ele>
    <time>2025-09-30T18:08:25Z</time>
   </trkpt>
   <trkpt lat="48.1262790" lon="17.1242380">
    <ele>136.9</ele>
    <time>2025-09-30T18:08:26Z</time>
   </trkpt>
   <trkpt lat="48.1262800" lon="17.1242380">
    <ele>136.9</ele>
    <time>2025-09-30T18:08:27Z</time>
   </trkpt>
   <trkpt lat="48.1262800" lon="17.1242390">
    <ele>136.9</ele>
    <time>2025-09-30T18:08:28Z</time>
   </trkpt>
   <trkpt lat="48.1262800" lon="17.1242390">
    <ele>136.9</ele>
    <time>2025-09-30T18:08:29Z</time>
   </trkpt>
   <trkpt lat="48.1262800" lon="17.1242390">
    <ele>136.9</ele>
    <time>2025-09-30T18:08:30Z</time>
   </trkpt>
   <trkpt lat="48.1262800" lon="17.1242390">
    <ele>136.9</ele>
    <time>2025-09-30T18:08:31Z</time>
   </trkpt>
   <trkpt lat="48.1262800" lon="17.1242390">
    <ele>136.9</ele>
    <time>2025-09-30T18:08:32Z</time>
   </trkpt>
   <trkpt lat="48.1262800" lon="17.1242390">
    <ele>136.9</ele>
    <time>2025-09-30T18:08:33Z</time>
   </trkpt>
   <trkpt lat="48.1262800" lon="17.1242390">
    <ele>136.9</ele>
    <time>2025-09-30T18:08:34Z</time>
   </trkpt>
   <trkpt lat="48.1262800" lon="17.1242390">
    <ele>136.9</ele>
    <time>2025-09-30T18:08:35Z</time>
   </trkpt>
   <trkpt lat="48.1262800" lon="17.1242390">
    <ele>136.9</ele>
    <time>2025-09-30T18:08:36Z</time>
   </trkpt>
   <trkpt lat="48.1262800" lon="17.1242390">
    <ele>136.9</ele>
    <time>2025-09-30T18:08:37Z</time>
   </trkpt>
   <trkpt lat="48.1262800" lon="17.1242390">
    <ele>136.9</ele>
    <time>2025-09-30T18:08:38Z</time>
   </trkpt>
   <trkpt lat="48.1262800" lon="17.1242390">
    <ele>136.9</ele>
    <time>2025-09-30T18:08:39Z</time>
   </trkpt>
   <trkpt lat="48.1262800" lon="17.1242390">
    <ele>136.9</ele>
    <time>2025-09-30T18:08:40Z</time>
   </trkpt>
   <trkpt lat="48.1262800" lon="17.1242390">
    <ele>136.9</ele>
    <time>2025-09-30T18:08:41Z</time>
   </trkpt>
   <trkpt lat="48.1262800" lon="17.1242390">
    <ele>136.9</ele>
    <time>2025-09-30T18:08:42Z</time>
   </trkpt>
   <trkpt lat="48.1262800" lon="17.1242390">
    <ele>136.9</ele>
    <time>2025-09-30T18:08:43Z</time>
   </trkpt>
   <trkpt lat="48.1262800" lon="17.1242390">
    <ele>136.9</ele>
    <time>2025-09-30T18:08:44Z</time>
   </trkpt>
   <trkpt lat="48.1262800" lon="17.1242390">
    <ele>136.9</ele>
    <time>2025-09-30T18:08:45Z</time>
   </trkpt>
   <trkpt lat="48.1262800" lon="17.1242390">
    <ele>136.9</ele>
    <time>2025-09-30T18:08:46Z</time>
   </trkpt>
   <trkpt lat="48.1262800" lon="17.1242390">
    <ele>136.9</ele>
    <time>2025-09-30T18:08:47Z</time>
   </trkpt>
   <trkpt lat="48.1262800" lon="17.1242390">
    <ele>136.9</ele>
    <time>2025-09-30T18:08:48Z</time>
   </trkpt>
   <trkpt lat="48.1262780" lon="17.1242440">
    <ele>136.9</ele>
    <time>2025-09-30T18:08:49Z</time>
   </trkpt>
   <trkpt lat="48.1262760" lon="17.1242480">
    <ele>136.9</ele>
    <time>2025-09-30T18:08:50Z</time>
   </trkpt>
   <trkpt lat="48.1262740" lon="17.1242470">
    <ele>136.9</ele>
    <time>2025-09-30T18:08:51Z</time>
   </trkpt>
   <trkpt lat="48.1262720" lon="17.1242450">
    <ele>136.9</ele>
    <time>2025-09-30T18:08:52Z</time>
   </trkpt>
   <trkpt lat="48.1262700" lon="17.1242440">
    <ele>136.9</ele>
    <time>2025-09-30T18:08:53Z</time>
   </trkpt>
   <trkpt lat="48.1262680" lon="17.1242430">
    <ele>136.9</ele>
    <time>2025-09-30T18:08:54Z</time>
   </trkpt>
   <trkpt lat="48.1262660" lon="17.1242420">
    <ele>136.9</ele>
    <time>2025-09-30T18:08:55Z</time>
   </trkpt>
   <trkpt lat="48.1262640" lon="17.1242400">
    <ele>136.9</ele>
    <time>2025-09-30T18:08:56Z</time>
   </trkpt>
   <trkpt lat="48.1262620" lon="17.1242390">
    <ele>136.9</ele>
    <time>2025-09-30T18:08:57Z</time>
   </trkpt>
   <trkpt lat="48.1262600" lon="17.1242380">
    <ele>136.9</ele>
    <time>2025-09-30T18:08:58Z</time>
   </trkpt>
   <trkpt lat="48.1262580" lon="17.1242370">
    <ele>136.9</ele>
    <time>2025-09-30T18:08:59Z</time>
   </trkpt>
   <trkpt lat="48.1262560" lon="17.1242360">
    <ele>136.9</ele>
    <time>2025-09-30T18:09:00Z</time>
   </trkpt>
   <trkpt lat="48.1262540" lon="17.1242340">
    <ele>136.9</ele>
    <time>2025-09-30T18:09:01Z</time>
   </trkpt>
   <trkpt lat="48.1262520" lon="17.1242330">
    <ele>136.9</ele>
    <time>2025-09-30T18:09:02Z</time>
   </trkpt>
   <trkpt lat="48.1262500" lon="17.1242320">
    <ele>136.9</ele>
    <time>2025-09-30T18:09:03Z</time>
   </trkpt>
   <trkpt lat="48.1262480" lon="17.1242310">
    <ele>136.9</ele>
    <time>2025-09-30T18:09:04Z</time>
   </trkpt>
   <trkpt lat="48.1262460" lon="17.1242290">
    <ele>136.9</ele>
    <time>2025-09-30T18:09:05Z</time>
   </trkpt>
   <trkpt lat="48.1262440" lon="17.1242280">
    <ele>136.9</ele>
    <time>2025-09-30T18:09:06Z</time>
   </trkpt>
   <trkpt lat="48.1262420" lon="17.1242270">
    <ele>136.9</ele>
    <time>2025-09-30T18:09:07Z</time>
   </trkpt>
   <trkpt lat="48.1262280" lon="17.1242330">
    <ele>136.9</ele>
    <time>2025-09-30T18:09:08Z</time>
   </trkpt>
   <trkpt lat="48.1262150" lon="17.1242440">
    <ele>136.9</ele>
    <time>2025-09-30T18:09:09Z</time>
   </trkpt>
   <trkpt lat="48.1262080" lon="17.1242540">
    <ele>136.9</ele>
    <time>2025-09-30T18:09:10Z</time>
   </trkpt>
   <trkpt lat="48.1261990" lon="17.1242660">
    <ele>136.9</ele>
    <time>2025-09-30T18:09:11Z</time>
   </trkpt>
   <trkpt lat="48.1261920" lon="17.1242740">
    <ele>136.9</ele>
    <time>2025-09-30T18:09:12Z</time>
   </trkpt>
   <trkpt lat="48.1261860" lon="17.1242790">
    <ele>136.9</ele>
    <time>2025-09-30T18:09:13Z</time>
   </trkpt>
   <trkpt lat="48.1261770" lon="17.1242830">
    <ele>136.9</ele>
    <time>2025-09-30T18:09:14Z</time>
   </trkpt>
   <trkpt lat="48.1261670" lon="17.1242830">
    <ele>136.9</ele>
    <time>2025-09-30T18:09:15Z</time>
   </trkpt>
   <trkpt lat="48.1261560" lon="17.1242830">
    <ele>136.9</ele>
    <time>2025-09-30T18:09:16Z</time>
   </trkpt>
   <trkpt lat="48.1261440" lon="17.1242790">
    <ele>136.9</ele>
    <time>2025-09-30T18:09:17Z</time>
   </trkpt>
   <trkpt lat="48.1261350" lon="17.1242740">
    <ele>136.9</ele>
    <time>2025-09-30T18:09:18Z</time>
   </trkpt>
   <trkpt lat="48.1261270" lon="17.1242700">
    <ele>136.9</ele>
    <time>2025-09-30T18:09:19Z</time>
   </trkpt>
   <trkpt lat="48.1261200" lon="17.1242680">
    <ele>136.9</ele>
    <time>2025-09-30T18:09:20Z</time>
   </trkpt>
   <trkpt lat="48.1261190" lon="17.1242700">
    <ele>136.9</ele>
    <time>2025-09-30T18:09:21Z</time>
   </trkpt>
   <trkpt lat="48.1261180" lon="17.1242720">
    <ele>136.9</ele>
    <time>2025-09-30T18:09:22Z</time>
   </trkpt>
   <trkpt lat="48.1261190" lon="17.1242750">
    <ele>136.9</ele>
    <time>2025-09-30T18:09:23Z</time>
   </trkpt>
   <trkpt lat="48.1261200" lon="17.1242780">
    <ele>136.9</ele>
    <time>2025-09-30T18:09:24Z</time>
   </trkpt>
   <trkpt lat="48.1261220" lon="17.1242810">
    <ele>136.9</ele>
    <time>2025-09-30T18:09:25Z</time>
   </trkpt>
   <trkpt lat="48.1261230" lon="17.1242830">
    <ele>136.9</ele>
    <time>2025-09-30T18:09:26Z</time>
   </trkpt>
   <trkpt lat="48.1261230" lon="17.1242850">
    <ele>136.9</ele>
    <time>2025-09-30T18:09:27Z</time>
   </trkpt>
   <trkpt lat="48.1261230" lon="17.1242860">
    <ele>136.9</ele>
    <time>2025-09-30T18:09:28Z</time>
   </trkpt>
   <trkpt lat="48.1261230" lon="17.1242860">
    <ele>136.9</ele>
    <time>2025-09-30T18:09:29Z</time>
   </trkpt>
   <trkpt lat="48.1261250" lon="17.1242860">
    <ele>136.9</ele>
    <time>2025-09-30T18:09:30Z</time>
   </trkpt>
   <trkpt lat="48.1261260" lon="17.1242860">
    <ele>136.9</ele>
    <time>2025-09-30T18:09:31Z</time>
   </trkpt>
   <trkpt lat="48.1261260" lon="17.1242860">
    <ele>136.9</ele>
    <time>2025-09-30T18:09:32Z</time>
   </trkpt>
   <trkpt lat="48.1261250" lon="17.1242870">
    <ele>136.9</ele>
    <time>2025-09-30T18:09:33Z</time>
   </trkpt>
   <trkpt lat="48.1261260" lon="17.1242870">
    <ele>136.9</ele>
    <time>2025-09-30T18:09:34Z</time>
   </trkpt>
   <trkpt lat="48.1261250" lon="17.1242870">
    <ele>136.9</ele>
    <time>2025-09-30T18:09:35Z</time>
   </trkpt>
   <trkpt lat="48.1261260" lon="17.1242880">
    <ele>136.9</ele>
    <time>2025-09-30T18:09:36Z</time>
   </trkpt>
   <trkpt lat="48.1261260" lon="17.1242890">
    <ele>136.9</ele>
    <time>2025-09-30T18:09:37Z</time>
   </trkpt>
   <trkpt lat="48.1261260" lon="17.1242900">
    <ele>136.9</ele>
    <time>2025-09-30T18:09:38Z</time>
   </trkpt>
   <trkpt lat="48.1261260" lon="17.1242890">
    <ele>136.9</ele>
    <time>2025-09-30T18:09:39Z</time>
   </trkpt>
   <trkpt lat="48.1261260" lon="17.1242890">
    <ele>136.9</ele>
    <time>2025-09-30T18:09:40Z</time>
   </trkpt>
   <trkpt lat="48.1261260" lon="17.1242880">
    <ele>136.9</ele>
    <time>2025-09-30T18:09:41Z</time>
   </trkpt>
   <trkpt lat="48.1261280" lon="17.1242880">
    <ele>136.9</ele>
    <time>2025-09-30T18:09:42Z</time>
   </trkpt>
   <trkpt lat="48.1261280" lon="17.1242880">
    <ele>136.9</ele>
    <time>2025-09-30T18:09:43Z</time>
   </trkpt>
   <trkpt lat="48.1261280" lon="17.1242880">
    <ele>136.9</ele>
    <time>2025-09-30T18:09:44Z</time>
   </trkpt>
   <trkpt lat="48.1261280" lon="17.1242890">
    <ele>136.9</ele>
    <time>2025-09-30T18:09:45Z</time>
   </trkpt>
   <trkpt lat="48.1261280" lon="17.1242890">
    <ele>136.9</ele>
    <time>2025-09-30T18:09:46Z</time>
   </trkpt>
   <trkpt lat="48.1261290" lon="17.1242860">
    <ele>136.9</ele>
    <time>2025-09-30T18:09:47Z</time>
   </trkpt>
   <trkpt lat="48.1261280" lon="17.1242840">
    <ele>136.9</ele>
    <time>2025-09-30T18:09:48Z</time>
   </trkpt>
   <trkpt lat="48.1261270" lon="17.1242840">
    <ele>136.9</ele>
    <time>2025-09-30T18:09:49Z</time>
   </trkpt>
   <trkpt lat="48.1261250" lon="17.1242840">
    <ele>136.9</ele>
    <time>2025-09-30T18:09:50Z</time>
   </trkpt>
   <trkpt lat="48.1261250" lon="17.1242840">
    <ele>136.9</ele>
    <time>2025-09-30T18:09:51Z</time>
   </trkpt>
   <trkpt lat="48.1261250" lon="17.1242830">
    <ele>136.9</ele>
    <time>2025-09-30T18:09:52Z</time>
   </trkpt>
   <trkpt lat="48.1261250" lon="17.1242830">
    <ele>136.9</ele>
    <time>2025-09-30T18:09:53Z</time>
   </trkpt>
   <trkpt lat="48.1261240" lon="17.1242820">
    <ele>136.9</ele>
    <time>2025-09-30T18:09:54Z</time>
   </trkpt>
   <trkpt lat="48.1261230" lon="17.1242760">
    <ele>136.9</ele>
    <time>2025-09-30T18:09:55Z</time>
   </trkpt>
   <trkpt lat="48.1261220" lon="17.1242590">
    <ele>136.9</ele>
    <time>2025-09-30T18:09:56Z</time>
   </trkpt>
   <trkpt lat="48.1261090" lon="17.1242380">
    <ele>136.9</ele>
    <time>2025-09-30T18:09:57Z</time>
   </trkpt>
   <trkpt lat="48.1260990" lon="17.1242250">
    <ele>136.9</ele>
    <time>2025-09-30T18:09:58Z</time>
   </trkpt>
   <trkpt lat="48.1260820" lon="17.1242200">
    <ele>136.9</ele>
    <time>2025-09-30T18:09:59Z</time>
   </trkpt>
   <trkpt lat="48.1260650" lon="17.1242180">
    <ele>136.9</ele>
    <time>2025-09-30T18:10:00Z</time>
   </trkpt>
   <trkpt lat="48.1260520" lon="17.1242170">
    <ele>136.9</ele>
    <time>2025-09-30T18:10:01Z</time>
   </trkpt>
   <trkpt lat="48.1260400" lon="17.1242150">
    <ele>136.9</ele>
    <time>2025-09-30T18:10:02Z</time>
   </trkpt>
   <trkpt lat="48.1260280" lon="17.1242170">
    <ele>136.9</ele>
    <time>2025-09-30T18:10:03Z</time>
   </trkpt>
   <trkpt lat="48.1260170" lon="17.1242170">
    <ele>136.9</ele>
    <time>2025-09-30T18:10:04Z</time>
   </trkpt>
   <trkpt lat="48.1260060" lon="17.1242170">
    <ele>136.9</ele>
    <time>2025-09-30T18:10:05Z</time>
   </trkpt>
   <trkpt lat="48.1259950" lon="17.1242180">
    <ele>136.9</ele>
    <time>2025-09-30T18:10:06Z</time>
   </trkpt>
   <trkpt lat="48.1259870" lon="17.1242200">
    <ele>136.9</ele>
    <time>2025-09-30T18:10:07Z</time>
   </trkpt>
   <trkpt lat="48.1259810" lon="17.1242200">
    <ele>136.9</ele>
    <time>2025-09-30T18:10:08Z</time>
   </trkpt>
   <trkpt lat="48.1259760" lon="17.1242200">
    <ele>136.9</ele>
    <time>2025-09-30T18:10:09Z</time>
   </trkpt>
   <trkpt lat="48.1259750" lon="17.1242190">
    <ele>136.9</ele>
    <time>2025-09-30T18:10:10Z</time>
   </trkpt>
   <trkpt lat="48.1259760" lon="17.1242170">
    <ele>136.9</ele>
    <time>2025-09-30T18:10:11Z</time>
   </trkpt>
   <trkpt lat="48.1259770" lon="17.1242140">
    <ele>136.9</ele>
    <time>2025-09-30T18:10:12Z</time>
   </trkpt>
   <trkpt lat="48.1259770" lon="17.1242110">
    <ele>136.9</ele>
    <time>2025-09-30T18:10:13Z</time>
   </trkpt>
   <trkpt lat="48.1259770" lon="17.1242100">
    <ele>136.9</ele>
    <time>2025-09-30T18:10:14Z</time>
   </trkpt>
   <trkpt lat="48.1259760" lon="17.1242100">
    <ele>136.9</ele>
    <time>2025-09-30T18:10:15Z</time>
   </trkpt>
   <trkpt lat="48.1259760" lon="17.1242080">
    <ele>136.9</ele>
    <time>2025-09-30T18:10:16Z</time>
   </trkpt>
   <trkpt lat="48.1259750" lon="17.1242070">
    <ele>136.9</ele>
    <time>2025-09-30T18:10:17Z</time>
   </trkpt>
   <trkpt lat="48.1259750" lon="17.1242050">
    <ele>136.9</ele>
    <time>2025-09-30T18:10:18Z</time>
   </trkpt>
   <trkpt lat="48.1259740" lon="17.1242050">
    <ele>136.9</ele>
    <time>2025-09-30T18:10:19Z</time>
   </trkpt>
   <trkpt lat="48.1259700" lon="17.1242010">
    <ele>136.9</ele>
    <time>2025-09-30T18:10:20Z</time>
   </trkpt>
   <trkpt lat="48.1259690" lon="17.1242000">
    <ele>136.9</ele>
    <time>2025-09-30T18:10:21Z</time>
   </trkpt>
   <trkpt lat="48.1259690" lon="17.1242050">
    <ele>136.9</ele>
    <time>2025-09-30T18:10:22Z</time>
   </trkpt>
   <trkpt lat="48.1259680" lon="17.1242080">
    <ele>136.9</ele>
    <time>2025-09-30T18:10:23Z</time>
   </trkpt>
   <trkpt lat="48.1259670" lon="17.1242100">
    <ele>136.9</ele>
    <time>2025-09-30T18:10:24Z</time>
   </trkpt>
   <trkpt lat="48.1259650" lon="17.1242110">
    <ele>136.9</ele>
    <time>2025-09-30T18:10:25Z</time>
   </trkpt>
   <trkpt lat="48.1259630" lon="17.1242110">
    <ele>136.9</ele>
    <time>2025-09-30T18:10:26Z</time>
   </trkpt>
   <trkpt lat="48.1259620" lon="17.1242120">
    <ele>136.9</ele>
    <time>2025-09-30T18:10:27Z</time>
   </trkpt>
   <trkpt lat="48.1259590" lon="17.1242110">
    <ele>136.9</ele>
    <time>2025-09-30T18:10:28Z</time>
   </trkpt>
   <trkpt lat="48.1259580" lon="17.1242110">
    <ele>136.9</ele>
    <time>2025-09-30T18:10:29Z</time>
   </trkpt>
   <trkpt lat="48.1259580" lon="17.1242110">
    <ele>136.9</ele>
    <time>2025-09-30T18:10:30Z</time>
   </trkpt>
   <trkpt lat="48.1259580" lon="17.1242110">
    <ele>136.9</ele>
    <time>2025-09-30T18:10:31Z</time>
   </trkpt>
   <trkpt lat="48.1259570" lon="17.1242120">
    <ele>136.9</ele>
    <time>2025-09-30T18:10:32Z</time>
   </trkpt>
   <trkpt lat="48.1259530" lon="17.1242160">
    <ele>136.9</ele>
    <time>2025-09-30T18:10:33Z</time>
   </trkpt>
   <trkpt lat="48.1259530" lon="17.1242170">
    <ele>136.9</ele>
    <time>2025-09-30T18:10:34Z</time>
   </trkpt>
   <trkpt lat="48.1259530" lon="17.1242110">
    <ele>136.9</ele>
    <time>2025-09-30T18:10:35Z</time>
   </trkpt>
   <trkpt lat="48.1259510" lon="17.1242030">
    <ele>136.9</ele>
    <time>2025-09-30T18:10:36Z</time>
   </trkpt>
   <trkpt lat="48.1259480" lon="17.1241980">
    <ele>136.9</ele>
    <time>2025-09-30T18:10:37Z</time>
   </trkpt>
   <trkpt lat="48.1259450" lon="17.1242060">
    <ele>136.9</ele>
    <time>2025-09-30T18:10:38Z</time>
   </trkpt>
   <trkpt lat="48.1259450" lon="17.1242190">
    <ele>136.9</ele>
    <time>2025-09-30T18:10:39Z</time>
   </trkpt>
   <trkpt lat="48.1259470" lon="17.1242470">
    <ele>136.9</ele>
    <time>2025-09-30T18:10:40Z</time>
   </trkpt>
   <trkpt lat="48.1259490" lon="17.1242610">
    <ele>136.9</ele>
    <time>2025-09-30T18:10:41Z</time>
   </trkpt>
   <trkpt lat="48.1259520" lon="17.1242790">
    <ele>136.9</ele>
    <time>2025-09-30T18:10:42Z</time>
   </trkpt>
   <trkpt lat="48.1259560" lon="17.1242950">
    <ele>136.9</ele>
    <time>2025-09-30T18:10:43Z</time>
   </trkpt>
   <trkpt lat="48.1259550" lon="17.1243100">
    <ele>136.9</ele>
    <time>2025-09-30T18:10:44Z</time>
   </trkpt>
   <trkpt lat="48.1259520" lon="17.1243250">
    <ele>136.9</ele>
    <time>2025-09-30T18:10:45Z</time>
   </trkpt>
   <trkpt lat="48.1259480" lon="17.1243390">
    <ele>137.0</ele>
    <time>2025-09-30T18:10:46Z</time>
   </trkpt>
   <trkpt lat="48.1259450" lon="17.1243560">
    <ele>137.0</ele>
    <time>2025-09-30T18:10:47Z</time>
   </trkpt>
   <trkpt lat="48.1259420" lon="17.1243750">
    <ele>137.0</ele>
    <time>2025-09-30T18:10:48Z</time>
   </trkpt>
   <trkpt lat="48.1259490" lon="17.1243960">
    <ele>137.0</ele>
    <time>2025-09-30T18:10:49Z</time>
   </trkpt>
   <trkpt lat="48.1259570" lon="17.1244110">
    <ele>137.0</ele>
    <time>2025-09-30T18:10:50Z</time>
   </trkpt>
   <trkpt lat="48.1259670" lon="17.1244330">
    <ele>137.0</ele>
    <time>2025-09-30T18:10:51Z</time>
   </trkpt>
   <trkpt lat="48.1259720" lon="17.1244410">
    <ele>137.0</ele>
    <time>2025-09-30T18:10:52Z</time>
   </trkpt>
   <trkpt lat="48.1259790" lon="17.1244520">
    <ele>137.0</ele>
    <time>2025-09-30T18:10:53Z</time>
   </trkpt>
   <trkpt lat="48.1259870" lon="17.1244600">
    <ele>137.1</ele>
    <time>2025-09-30T18:10:54Z</time>
   </trkpt>
   <trkpt lat="48.1259940" lon="17.1244630">
    <ele>137.1</ele>
    <time>2025-09-30T18:10:55Z</time>
   </trkpt>
   <trkpt lat="48.1259990" lon="17.1244670">
    <ele>137.1</ele>
    <time>2025-09-30T18:10:56Z</time>
   </trkpt>
   <trkpt lat="48.1260030" lon="17.1244710">
    <ele>137.1</ele>
    <time>2025-09-30T18:10:57Z</time>
   </trkpt>
   <trkpt lat="48.1260070" lon="17.1244750">
    <ele>137.1</ele>
    <time>2025-09-30T18:10:58Z</time>
   </trkpt>
   <trkpt lat="48.1260100" lon="17.1244780">
    <ele>137.1</ele>
    <time>2025-09-30T18:10:59Z</time>
   </trkpt>
   <trkpt lat="48.1260120" lon="17.1244780">
    <ele>137.1</ele>
    <time>2025-09-30T18:11:00Z</time>
   </trkpt>
   <trkpt lat="48.1260130" lon="17.1244760">
    <ele>137.1</ele>
    <time>2025-09-30T18:11:01Z</time>
   </trkpt>
   <trkpt lat="48.1260120" lon="17.1244740">
    <ele>137.1</ele>
    <time>2025-09-30T18:11:02Z</time>
   </trkpt>
   <trkpt lat="48.1260100" lon="17.1244740">
    <ele>137.1</ele>
    <time>2025-09-30T18:11:03Z</time>
   </trkpt>
   <trkpt lat="48.1260100" lon="17.1244740">
    <ele>137.1</ele>
    <time>2025-09-30T18:11:04Z</time>
   </trkpt>
   <trkpt lat="48.1260090" lon="17.1244750">
    <ele>137.1</ele>
    <time>2025-09-30T18:11:05Z</time>
   </trkpt>
   <trkpt lat="48.1260090" lon="17.1244750">
    <ele>137.1</ele>
    <time>2025-09-30T18:11:06Z</time>
   </trkpt>
   <trkpt lat="48.1260100" lon="17.1244760">
    <ele>137.1</ele>
    <time>2025-09-30T18:11:07Z</time>
   </trkpt>
   <trkpt lat="48.1260100" lon="17.1244760">
    <ele>137.1</ele>
    <time>2025-09-30T18:11:08Z</time>
   </trkpt>
   <trkpt lat="48.1260100" lon="17.1244760">
    <ele>137.1</ele>
    <time>2025-09-30T18:11:09Z</time>
   </trkpt>
   <trkpt lat="48.1260100" lon="17.1244770">
    <ele>137.1</ele>
    <time>2025-09-30T18:11:10Z</time>
   </trkpt>
   <trkpt lat="48.1260100" lon="17.1244770">
    <ele>137.1</ele>
    <time>2025-09-30T18:11:11Z</time>
   </trkpt>
   <trkpt lat="48.1260100" lon="17.1244770">
    <ele>137.1</ele>
    <time>2025-09-30T18:11:12Z</time>
   </trkpt>
   <trkpt lat="48.1260100" lon="17.1244770">
    <ele>137.1</ele>
    <time>2025-09-30T18:11:13Z</time>
   </trkpt>
   <trkpt lat="48.1260100" lon="17.1244770">
    <ele>137.1</ele>
    <time>2025-09-30T18:11:14Z</time>
   </trkpt>
   <trkpt lat="48.1260110" lon="17.1244780">
    <ele>137.1</ele>
    <time>2025-09-30T18:11:15Z</time>
   </trkpt>
   <trkpt lat="48.1260100" lon="17.1244780">
    <ele>137.1</ele>
    <time>2025-09-30T18:11:16Z</time>
   </trkpt>
   <trkpt lat="48.1260110" lon="17.1244750">
    <ele>137.1</ele>
    <time>2025-09-30T18:11:17Z</time>
   </trkpt>
   <trkpt lat="48.1260100" lon="17.1244730">
    <ele>137.1</ele>
    <time>2025-09-30T18:11:18Z</time>
   </trkpt>
   <trkpt lat="48.1260100" lon="17.1244740">
    <ele>137.1</ele>
    <time>2025-09-30T18:11:19Z</time>
   </trkpt>
   <trkpt lat="48.1260080" lon="17.1244760">
    <ele>137.1</ele>
    <time>2025-09-30T18:11:20Z</time>
   </trkpt>
   <trkpt lat="48.1260070" lon="17.1244780">
    <ele>137.1</ele>
    <time>2025-09-30T18:11:21Z</time>
   </trkpt>
   <trkpt lat="48.1260050" lon="17.1244780">
    <ele>137.1</ele>
    <time>2025-09-30T18:11:22Z</time>
   </trkpt>
   <trkpt lat="48.1260040" lon="17.1244800">
    <ele>137.1</ele>
    <time>2025-09-30T18:11:23Z</time>
   </trkpt>
   <trkpt lat="48.1260040" lon="17.1244800">
    <ele>137.1</ele>
    <time>2025-09-30T18:11:24Z</time>
   </trkpt>
   <trkpt lat="48.1260040" lon="17.1244830">
    <ele>137.1</ele>
    <time>2025-09-30T18:11:25Z</time>
   </trkpt>
   <trkpt lat="48.1260010" lon="17.1244970">
    <ele>137.1</ele>
    <time>2025-09-30T18:11:26Z</time>
   </trkpt>
   <trkpt lat="48.1259970" lon="17.1245180">
    <ele>137.1</ele>
    <time>2025-09-30T18:11:27Z</time>
   </trkpt>
   <trkpt lat="48.1259960" lon="17.1245440">
    <ele>137.1</ele>
    <time>2025-09-30T18:11:28Z</time>
   </trkpt>
   <trkpt lat="48.1259960" lon="17.1245660">
    <ele>137.1</ele>
    <time>2025-09-30T18:11:29Z</time>
   </trkpt>
   <trkpt lat="48.1259970" lon="17.1245850">
    <ele>137.1</ele>
    <time>2025-09-30T18:11:30Z</time>
   </trkpt>
   <trkpt lat="48.1259950" lon="17.1246050">
    <ele>137.1</ele>
    <time>2025-09-30T18:11:31Z</time>
   </trkpt>
   <trkpt lat="48.1259950" lon="17.1246170">
    <ele>137.1</ele>
    <time>2025-09-30T18:11:32Z</time>
   </trkpt>
   <trkpt lat="48.1259950" lon="17.1246300">
    <ele>137.1</ele>
    <time>2025-09-30T18:11:33Z</time>
   </trkpt>
   <trkpt lat="48.1259930" lon="17.1246380">
    <ele>137.1</ele>
    <time>2025-09-30T18:11:34Z</time>
   </trkpt>
   <trkpt lat="48.1259920" lon="17.1246480">
    <ele>137.1</ele>
    <time>2025-09-30T18:11:35Z</time>
   </trkpt>
   <trkpt lat="48.1259910" lon="17.1246600">
    <ele>137.1</ele>
    <time>2025-09-30T18:11:36Z</time>
   </trkpt>
   <trkpt lat="48.1259890" lon="17.1246720">
    <ele>137.1</ele>
    <time>2025-09-30T18:11:37Z</time>
   </trkpt>
   <trkpt lat="48.1259870" lon="17.1246810">
    <ele>137.1</ele>
    <time>2025-09-30T18:11:38Z</time>
   </trkpt>
   <trkpt lat="48.1259860" lon="17.1246900">
    <ele>137.1</ele>
    <time>2025-09-30T18:11:39Z</time>
   </trkpt>
   <trkpt lat="48.1259860" lon="17.1246940">
    <ele>137.1</ele>
    <time>2025-09-30T18:11:40Z</time>
   </trkpt>
   <trkpt lat="48.1259850" lon="17.1246960">
    <ele>137.1</ele>
    <time>2025-09-30T18:11:41Z</time>
   </trkpt>
   <trkpt lat="48.1259870" lon="17.1247010">
    <ele>137.1</ele>
    <time>2025-09-30T18:11:42Z</time>
   </trkpt>
   <trkpt lat="48.1259870" lon="17.1247010">
    <ele>137.1</ele>
    <time>2025-09-30T18:11:43Z</time>
   </trkpt>
   <trkpt lat="48.1259870" lon="17.1247010">
    <ele>137.1</ele>
    <time>2025-09-30T18:11:44Z</time>
   </trkpt>
   <trkpt lat="48.1259870" lon="17.1247020">
    <ele>137.1</ele>
    <time>2025-09-30T18:11:45Z</time>
   </trkpt>
   <trkpt lat="48.1259870" lon="17.1247020">
    <ele>137.1</ele>
    <time>2025-09-30T18:11:46Z</time>
   </trkpt>
   <trkpt lat="48.1259860" lon="17.1247020">
    <ele>137.1</ele>
    <time>2025-09-30T18:11:47Z</time>
   </trkpt>
   <trkpt lat="48.1259860" lon="17.1247030">
    <ele>137.1</ele>
    <time>2025-09-30T18:11:48Z</time>
   </trkpt>
   <trkpt lat="48.1259860" lon="17.1247030">
    <ele>137.1</ele>
    <time>2025-09-30T18:11:49Z</time>
   </trkpt>
   <trkpt lat="48.1259860" lon="17.1247030">
    <ele>137.1</ele>
    <time>2025-09-30T18:11:50Z</time>
   </trkpt>
   <trkpt lat="48.1259870" lon="17.1247030">
    <ele>137.1</ele>
    <time>2025-09-30T18:11:51Z</time>
   </trkpt>
   <trkpt lat="48.1259870" lon="17.1247040">
    <ele>137.1</ele>
    <time>2025-09-30T18:11:52Z</time>
   </trkpt>
   <trkpt lat="48.1259870" lon="17.1247040">
    <ele>137.1</ele>
    <time>2025-09-30T18:11:53Z</time>
   </trkpt>
   <trkpt lat="48.1259870" lon="17.1247050">
    <ele>137.2</ele>
    <time>2025-09-30T18:11:54Z</time>
   </trkpt>
   <trkpt lat="48.1259870" lon="17.1247060">
    <ele>137.2</ele>
    <time>2025-09-30T18:11:55Z</time>
   </trkpt>
   <trkpt lat="48.1259870" lon="17.1247070">
    <ele>137.2</ele>
    <time>2025-09-30T18:11:56Z</time>
   </trkpt>
   <trkpt lat="48.1259860" lon="17.1247080">
    <ele>137.2</ele>
    <time>2025-09-30T18:11:57Z</time>
   </trkpt>
   <trkpt lat="48.1259860" lon="17.1247060">
    <ele>137.2</ele>
    <time>2025-09-30T18:11:58Z</time>
   </trkpt>
   <trkpt lat="48.1259860" lon="17.1247050">
    <ele>137.2</ele>
    <time>2025-09-30T18:11:59Z</time>
   </trkpt>
   <trkpt lat="48.1259860" lon="17.1247040">
    <ele>137.2</ele>
    <time>2025-09-30T18:12:00Z</time>
   </trkpt>
   <trkpt lat="48.1259850" lon="17.1247030">
    <ele>137.2</ele>
    <time>2025-09-30T18:12:01Z</time>
   </trkpt>
   <trkpt lat="48.1259850" lon="17.1247030">
    <ele>137.2</ele>
    <time>2025-09-30T18:12:02Z</time>
   </trkpt>
   <trkpt lat="48.1259850" lon="17.1247030">
    <ele>137.2</ele>
    <time>2025-09-30T18:12:03Z</time>
   </trkpt>
   <trkpt lat="48.1259850" lon="17.1247030">
    <ele>137.2</ele>
    <time>2025-09-30T18:12:04Z</time>
   </trkpt>
   <trkpt lat="48.1259850" lon="17.1247030">
    <ele>137.2</ele>
    <time>2025-09-30T18:12:05Z</time>
   </trkpt>
   <trkpt lat="48.1259850" lon="17.1247030">
    <ele>137.2</ele>
    <time>2025-09-30T18:12:06Z</time>
   </trkpt>
   <trkpt lat="48.1259850" lon="17.1247030">
    <ele>137.2</ele>
    <time>2025-09-30T18:12:07Z</time>
   </trkpt>
   <trkpt lat="48.1259850" lon="17.1247030">
    <ele>137.2</ele>
    <time>2025-09-30T18:12:08Z</time>
   </trkpt>
   <trkpt lat="48.1259850" lon="17.1247030">
    <ele>137.2</ele>
    <time>2025-09-30T18:12:09Z</time>
   </trkpt>
   <trkpt lat="48.1259850" lon="17.1247030">
    <ele>137.2</ele>
    <time>2025-09-30T18:12:10Z</time>
   </trkpt>
   <trkpt lat="48.1259850" lon="17.1247030">
    <ele>137.2</ele>
    <time>2025-09-30T18:12:11Z</time>
   </trkpt>
   <trkpt lat="48.1259850" lon="17.1247030">
    <ele>137.2</ele>
    <time>2025-09-30T18:12:12Z</time>
   </trkpt>
   <trkpt lat="48.1259850" lon="17.1247030">
    <ele>137.2</ele>
    <time>2025-09-30T18:12:13Z</time>
   </trkpt>
   <trkpt lat="48.1259850" lon="17.1247030">
    <ele>137.2</ele>
    <time>2025-09-30T18:12:14Z</time>
   </trkpt>
   <trkpt lat="48.1259850" lon="17.1247030">
    <ele>137.2</ele>
    <time>2025-09-30T18:12:15Z</time>
   </trkpt>
   <trkpt lat="48.1259850" lon="17.1247030">
    <ele>137.2</ele>
    <time>2025-09-30T18:12:16Z</time>
   </trkpt>
   <trkpt lat="48.1259850" lon="17.1247030">
    <ele>137.2</ele>
    <time>2025-09-30T18:12:17Z</time>
   </trkpt>
   <trkpt lat="48.1259860" lon="17.1247090">
    <ele>137.2</ele>
    <time>2025-09-30T18:12:18Z</time>
   </trkpt>
   <trkpt lat="48.1259880" lon="17.1247190">
    <ele>137.2</ele>
    <time>2025-09-30T18:12:19Z</time>
   </trkpt>
   <trkpt lat="48.1259910" lon="17.1247210">
    <ele>137.2</ele>
    <time>2025-09-30T18:12:20Z</time>
   </trkpt>
   <trkpt lat="48.1259930" lon="17.1247250">
    <ele>137.2</ele>
    <time>2025-09-30T18:12:21Z</time>
   </trkpt>
   <trkpt lat="48.1259940" lon="17.1247350">
    <ele>137.2</ele>
    <time>2025-09-30T18:12:22Z</time>
   </trkpt>
   <trkpt lat="48.1259950" lon="17.1247380">
    <ele>137.2</ele>
    <time>2025-09-30T18:12:23Z</time>
   </trkpt>
   <trkpt lat="48.1259950" lon="17.1247390">
    <ele>137.2</ele>
    <time>2025-09-30T18:12:24Z</time>
   </trkpt>
   <trkpt lat="48.1259950" lon="17.1247390">
    <ele>137.2</ele>
    <time>2025-09-30T18:12:25Z</time>
   </trkpt>
   <trkpt lat="48.1259950" lon="17.1247390">
    <ele>137.2</ele>
    <time>2025-09-30T18:12:26Z</time>
   </trkpt>
   <trkpt lat="48.1259950" lon="17.1247390">
    <ele>137.2</ele>
    <time>2025-09-30T18:12:27Z</time>
   </trkpt>
   <trkpt lat="48.1259950" lon="17.1247390">
    <ele>137.2</ele>
    <time>2025-09-30T18:12:28Z</time>
   </trkpt>
   <trkpt lat="48.1259950" lon="17.1247380">
    <ele>137.2</ele>
    <time>2025-09-30T18:12:29Z</time>
   </trkpt>
   <trkpt lat="48.1259940" lon="17.1247380">
    <ele>137.2</ele>
    <time>2025-09-30T18:12:30Z</time>
   </trkpt>
   <trkpt lat="48.1259940" lon="17.1247380">
    <ele>137.2</ele>
    <time>2025-09-30T18:12:31Z</time>
   </trkpt>
   <trkpt lat="48.1259940" lon="17.1247380">
    <ele>137.2</ele>
    <time>2025-09-30T18:12:32Z</time>
   </trkpt>
   <trkpt lat="48.1259940" lon="17.1247380">
    <ele>137.2</ele>
    <time>2025-09-30T18:12:33Z</time>
   </trkpt>
   <trkpt lat="48.1259940" lon="17.1247380">
    <ele>137.2</ele>
    <time>2025-09-30T18:12:34Z</time>
   </trkpt>
   <trkpt lat="48.1259940" lon="17.1247380">
    <ele>137.2</ele>
    <time>2025-09-30T18:12:35Z</time>
   </trkpt>
   <trkpt lat="48.1259940" lon="17.1247400">
    <ele>137.2</ele>
    <time>2025-09-30T18:12:36Z</time>
   </trkpt>
   <trkpt lat="48.1259940" lon="17.1247410">
    <ele>137.2</ele>
    <time>2025-09-30T18:12:37Z</time>
   </trkpt>
   <trkpt lat="48.1259940" lon="17.1247420">
    <ele>137.2</ele>
    <time>2025-09-30T18:12:38Z</time>
   </trkpt>
   <trkpt lat="48.1259940" lon="17.1247420">
    <ele>137.2</ele>
    <time>2025-09-30T18:12:39Z</time>
   </trkpt>
   <trkpt lat="48.1259940" lon="17.1247410">
    <ele>137.2</ele>
    <time>2025-09-30T18:12:40Z</time>
   </trkpt>
   <trkpt lat="48.1259940" lon="17.1247390">
    <ele>137.2</ele>
    <time>2025-09-30T18:12:41Z</time>
   </trkpt>
   <trkpt lat="48.1259940" lon="17.1247380">
    <ele>137.2</ele>
    <time>2025-09-30T18:12:42Z</time>
   </trkpt>
   <trkpt lat="48.1259940" lon="17.1247380">
    <ele>137.2</ele>
    <time>2025-09-30T18:12:43Z</time>
   </trkpt>
   <trkpt lat="48.1259940" lon="17.1247380">
    <ele>137.2</ele>
    <time>2025-09-30T18:12:44Z</time>
   </trkpt>
   <trkpt lat="48.1259940" lon="17.1247380">
    <ele>137.2</ele>
    <time>2025-09-30T18:12:45Z</time>
   </trkpt>
   <trkpt lat="48.1259940" lon="17.1247380">
    <ele>137.2</ele>
    <time>2025-09-30T18:12:46Z</time>
   </trkpt>
   <trkpt lat="48.1259950" lon="17.1247390">
    <ele>137.2</ele>
    <time>2025-09-30T18:12:47Z</time>
   </trkpt>
   <trkpt lat="48.1259950" lon="17.1247400">
    <ele>137.2</ele>
    <time>2025-09-30T18:12:48Z</time>
   </trkpt>
   <trkpt lat="48.1259960" lon="17.1247420">
    <ele>137.2</ele>
    <time>2025-09-30T18:12:49Z</time>
   </trkpt>
   <trkpt lat="48.1259960" lon="17.1247420">
    <ele>137.2</ele>
    <time>2025-09-30T18:12:50Z</time>
   </trkpt>
   <trkpt lat="48.1259950" lon="17.1247420">
    <ele>137.2</ele>
    <time>2025-09-30T18:12:51Z</time>
   </trkpt>
   <trkpt lat="48.1259940" lon="17.1247420">
    <ele>137.2</ele>
    <time>2025-09-30T18:12:52Z</time>
   </trkpt>
   <trkpt lat="48.1259950" lon="17.1247490">
    <ele>137.2</ele>
    <time>2025-09-30T18:12:53Z</time>
   </trkpt>
   <trkpt lat="48.1259910" lon="17.1247530">
    <ele>137.2</ele>
    <time>2025-09-30T18:12:54Z</time>
   </trkpt>
   <trkpt lat="48.1259850" lon="17.1247620">
    <ele>137.2</ele>
    <time>2025-09-30T18:12:55Z</time>
   </trkpt>
   <trkpt lat="48.1259780" lon="17.1247740">
    <ele>137.2</ele>
    <time>2025-09-30T18:12:56Z</time>
   </trkpt>
   <trkpt lat="48.1259730" lon="17.1248030">
    <ele>137.2</ele>
    <time>2025-09-30T18:12:57Z</time>
   </trkpt>
   <trkpt lat="48.1259710" lon="17.1248180">
    <ele>137.2</ele>
    <time>2025-09-30T18:12:58Z</time>
   </trkpt>
   <trkpt lat="48.1259700" lon="17.1248340">
    <ele>137.2</ele>
    <time>2025-09-30T18:12:59Z</time>
   </trkpt>
   <trkpt lat="48.1259680" lon="17.1248690">
    <ele>137.2</ele>
    <time>2025-09-30T18:13:00Z</time>
   </trkpt>
   <trkpt lat="48.1259690" lon="17.1248820">
    <ele>137.2</ele>
    <time>2025-09-30T18:13:01Z</time>
   </trkpt>
   <trkpt lat="48.1259690" lon="17.1248960">
    <ele>137.2</ele>
    <time>2025-09-30T18:13:02Z</time>
   </trkpt>
   <trkpt lat="48.1259680" lon="17.1249110">
    <ele>137.2</ele>
    <time>2025-09-30T18:13:03Z</time>
   </trkpt>
   <trkpt lat="48.1259660" lon="17.1249270">
    <ele>137.2</ele>
    <time>2025-09-30T18:13:04Z</time>
   </trkpt>
   <trkpt lat="48.1259660" lon="17.1249420">
    <ele>137.2</ele>
    <time>2025-09-30T18:13:05Z</time>
   </trkpt>
   <trkpt lat="48.1259650" lon="17.1249520">
    <ele>137.2</ele>
    <time>2025-09-30T18:13:06Z</time>
   </trkpt>
   <trkpt lat="48.1259640" lon="17.1249640">
    <ele>137.3</ele>
    <time>2025-09-30T18:13:07Z</time>
   </trkpt>
   <trkpt lat="48.1259630" lon="17.1249790">
    <ele>137.3</ele>
    <time>2025-09-30T18:13:08Z</time>
   </trkpt>
   <trkpt lat="48.1259640" lon="17.1249920">
    <ele>137.3</ele>
    <time>2025-09-30T18:13:09Z</time>
   </trkpt>
   <trkpt lat="48.1259630" lon="17.1250050">
    <ele>137.3</ele>
    <time>2025-09-30T18:13:10Z</time>
   </trkpt>
   <trkpt lat="48.1259610" lon="17.1250190">
    <ele>137.3</ele>
    <time>2025-09-30T18:13:11Z</time>
   </trkpt>
   <trkpt lat="48.1259600" lon="17.1250280">
    <ele>137.3</ele>
    <time>2025-09-30T18:13:12Z</time>
   </trkpt>
   <trkpt lat="48.1259600" lon="17.1250400">
    <ele>137.3</ele>
    <time>2025-09-30T18:13:13Z</time>
   </trkpt>
   <trkpt lat="48.1259600" lon="17.1250520">
    <ele>137.3</ele>
    <time>2025-09-30T18:13:14Z</time>
   </trkpt>
   <trkpt lat="48.1259600" lon="17.1250660">
    <ele>137.3</ele>
    <time>2025-09-30T18:13:15Z</time>
   </trkpt>
   <trkpt lat="48.1259590" lon="17.1250700">
    <ele>137.3</ele>
    <time>2025-09-30T18:13:16Z</time>
   </trkpt>
   <trkpt lat="48.1259580" lon="17.1250770">
    <ele>137.3</ele>
    <time>2025-09-30T18:13:17Z</time>
   </trkpt>
   <trkpt lat="48.1259580" lon="17.1250800">
    <ele>137.3</ele>
    <time>2025-09-30T18:13:18Z</time>
   </trkpt>
   <trkpt lat="48.1259580" lon="17.1250760">
    <ele>137.3</ele>
    <time>2025-09-30T18:13:19Z</time>
   </trkpt>
   <trkpt lat="48.1259570" lon="17.1250780">
    <ele>137.3</ele>
    <time>2025-09-30T18:13:20Z</time>
   </trkpt>
   <trkpt lat="48.1259580" lon="17.1250820">
    <ele>137.3</ele>
    <time>2025-09-30T18:13:21Z</time>
   </trkpt>
   <trkpt lat="48.1259610" lon="17.1251160">
    <ele>137.3</ele>
    <time>2025-09-30T18:13:22Z</time>
   </trkpt>
   <trkpt lat="48.1259630" lon="17.1251290">
    <ele>137.3</ele>
    <time>2025-09-30T18:13:23Z</time>
   </trkpt>
   <trkpt lat="48.1259660" lon="17.1251480">
    <ele>137.3</ele>
    <time>2025-09-30T18:13:24Z</time>
   </trkpt>
   <trkpt lat="48.1259660" lon="17.1251650">
    <ele>137.3</ele>
    <time>2025-09-30T18:13:25Z</time>
   </trkpt>
   <trkpt lat="48.1259660" lon="17.1251790">
    <ele>137.3</ele>
    <time>2025-09-30T18:13:26Z</time>
   </trkpt>
   <trkpt lat="48.1259660" lon="17.1251840">
    <ele>137.3</ele>
    <time>2025-09-30T18:13:27Z</time>
   </trkpt>
   <trkpt lat="48.1259680" lon="17.1251800">
    <ele>137.3</ele>
    <time>2025-09-30T18:13:28Z</time>
   </trkpt>
   <trkpt lat="48.1259680" lon="17.1251800">
    <ele>137.3</ele>
    <time>2025-09-30T18:13:29Z</time>
   </trkpt>
   <trkpt lat="48.1259670" lon="17.1251980">
    <ele>137.3</ele>
    <time>2025-09-30T18:13:30Z</time>
   </trkpt>
   <trkpt lat="48.1259660" lon="17.1252110">
    <ele>137.3</ele>
    <time>2025-09-30T18:13:31Z</time>
   </trkpt>
   <trkpt lat="48.1259680" lon="17.1252300">
    <ele>137.3</ele>
    <time>2025-09-30T18:13:32Z</time>
   </trkpt>
   <trkpt lat="48.1259690" lon="17.1252280">
    <ele>137.3</ele>
    <time>2025-09-30T18:13:33Z</time>
   </trkpt>
   <trkpt lat="48.1259750" lon="17.1252360">
    <ele>137.3</ele>
    <time>2025-09-30T18:13:34Z</time>
   </trkpt>
   <trkpt lat="48.1259820" lon="17.1252490">
    <ele>137.3</ele>
    <time>2025-09-30T18:13:35Z</time>
   </trkpt>
   <trkpt lat="48.1259820" lon="17.1252610">
    <ele>137.3</ele>
    <time>2025-09-30T18:13:36Z</time>
   </trkpt>
   <trkpt lat="48.1259830" lon="17.1252660">
    <ele>137.3</ele>
    <time>2025-09-30T18:13:37Z</time>
   </trkpt>
   <trkpt lat="48.1259830" lon="17.1252720">
    <ele>137.3</ele>
    <time>2025-09-30T18:13:38Z</time>
   </trkpt>
   <trkpt lat="48.1259830" lon="17.1252760">
    <ele>137.3</ele>
    <time>2025-09-30T18:13:39Z</time>
   </trkpt>
   <trkpt lat="48.1259830" lon="17.1252800">
    <ele>137.3</ele>
    <time>2025-09-30T18:13:40Z</time>
   </trkpt>
   <trkpt lat="48.1259840" lon="17.1252830">
    <ele>137.3</ele>
    <time>2025-09-30T18:13:41Z</time>
   </trkpt>
   <trkpt lat="48.1259840" lon="17.1252860">
    <ele>137.3</ele>
    <time>2025-09-30T18:13:42Z</time>
   </trkpt>
   <trkpt lat="48.1259850" lon="17.1252890">
    <ele>137.3</ele>
    <time>2025-09-30T18:13:43Z</time>
   </trkpt>
   <trkpt lat="48.1259850" lon="17.1252920">
    <ele>137.3</ele>
    <time>2025-09-30T18:13:44Z</time>
   </trkpt>
   <trkpt lat="48.1259850" lon="17.1252950">
    <ele>137.3</ele>
    <time>2025-09-30T18:13:45Z</time>
   </trkpt>
   <trkpt lat="48.1259850" lon="17.1252970">
    <ele>137.3</ele>
    <time>2025-09-30T18:13:46Z</time>
   </trkpt>
   <trkpt lat="48.1259840" lon="17.1253020">
    <ele>137.3</ele>
    <time>2025-09-30T18:13:47Z</time>
   </trkpt>
   <trkpt lat="48.1259840" lon="17.1253090">
    <ele>137.3</ele>
    <time>2025-09-30T18:13:48Z</time>
   </trkpt>
   <trkpt lat="48.1259830" lon="17.1253190">
    <ele>137.3</ele>
    <time>2025-09-30T18:13:49Z</time>
   </trkpt>
   <trkpt lat="48.1259860" lon="17.1253260">
    <ele>137.3</ele>
    <time>2025-09-30T18:13:50Z</time>
   </trkpt>
   <trkpt lat="48.1259850" lon="17.1253300">
    <ele>137.3</ele>
    <time>2025-09-30T18:13:51Z</time>
   </trkpt>
   <trkpt lat="48.1259840" lon="17.1253330">
    <ele>137.3</ele>
    <time>2025-09-30T18:13:52Z</time>
   </trkpt>
   <trkpt lat="48.1259830" lon="17.1253380">
    <ele>137.3</ele>
    <time>2025-09-30T18:13:53Z</time>
   </trkpt>
   <trkpt lat="48.1259830" lon="17.1253400">
    <ele>137.3</ele>
    <time>2025-09-30T18:13:54Z</time>
   </trkpt>
   <trkpt lat="48.1259830" lon="17.1253460">
    <ele>137.3</ele>
    <time>2025-09-30T18:13:55Z</time>
   </trkpt>
   <trkpt lat="48.1259870" lon="17.1253600">
    <ele>137.3</ele>
    <time>2025-09-30T18:13:56Z</time>
   </trkpt>
   <trkpt lat="48.1259890" lon="17.1253810">
    <ele>137.3</ele>
    <time>2025-09-30T18:13:57Z</time>
   </trkpt>
   <trkpt lat="48.1259880" lon="17.1253990">
    <ele>137.3</ele>
    <time>2025-09-30T18:13:58Z</time>
   </trkpt>
   <trkpt lat="48.1259850" lon="17.1254070">
    <ele>137.3</ele>
    <time>2025-09-30T18:13:59Z</time>
   </trkpt>
   <trkpt lat="48.1259820" lon="17.1254050">
    <ele>137.3</ele>
    <time>2025-09-30T18:14:00Z</time>
   </trkpt>
   <trkpt lat="48.1259800" lon="17.1254060">
    <ele>137.3</ele>
    <time>2025-09-30T18:14:01Z</time>
   </trkpt>
   <trkpt lat="48.1259780" lon="17.1254080">
    <ele>137.3</ele>
    <time>2025-09-30T18:14:02Z</time>
   </trkpt>
   <trkpt lat="48.1259750" lon="17.1254060">
    <ele>137.3</ele>
    <time>2025-09-30T18:14:03Z</time>
   </trkpt>
   <trkpt lat="48.1259720" lon="17.1254080">
    <ele>137.3</ele>
    <time>2025-09-30T18:14:04Z</time>
   </trkpt>
   <trkpt lat="48.1259680" lon="17.1254090">
    <ele>137.3</ele>
    <time>2025-09-30T18:14:05Z</time>
   </trkpt>
   <trkpt lat="48.1259650" lon="17.1254120">
    <ele>137.3</ele>
    <time>2025-09-30T18:14:06Z</time>
   </trkpt>
   <trkpt lat="48.1259590" lon="17.1254200">
    <ele>137.3</ele>
    <time>2025-09-30T18:14:07Z</time>
   </trkpt>
   <trkpt lat="48.1259450" lon="17.1254370">
    <ele>137.3</ele>
    <time>2025-09-30T18:14:08Z</time>
   </trkpt>
   <trkpt lat="48.1259320" lon="17.1254540">
    <ele>137.3</ele>
    <time>2025-09-30T18:14:09Z</time>
   </trkpt>
   <trkpt lat="48.1259060" lon="17.1254830">
    <ele>137.3</ele>
    <time>2025-09-30T18:14:10Z</time>
   </trkpt>
   <trkpt lat="48.1258980" lon="17.1254890">
    <ele>137.3</ele>
    <time>2025-09-30T18:14:11Z</time>
   </trkpt>
   <trkpt lat="48.1258820" lon="17.1254950">
    <ele>137.3</ele>
    <time>2025-09-30T18:14:12Z</time>
   </trkpt>
   <trkpt lat="48.1258640" lon="17.1255040">
    <ele>137.3</ele>
    <time>2025-09-30T18:14:13Z</time>
   </trkpt>
   <trkpt lat="48.1258440" lon="17.1255140">
    <ele>137.3</ele>
    <time>2025-09-30T18:14:14Z</time>
   </trkpt>
   <trkpt lat="48.1258350" lon="17.1255190">
    <ele>137.3</ele>
    <time>2025-09-30T18:14:15Z</time>
   </trkpt>
   <trkpt lat="48.1258260" lon="17.1255240">
    <ele>137.3</ele>
    <time>2025-09-30T18:14:16Z</time>
   </trkpt>
   <trkpt lat="48.1258100" lon="17.1255280">
    <ele>137.3</ele>
    <time>2025-09-30T18:14:17Z</time>
   </trkpt>
   <trkpt lat="48.1257940" lon="17.1255310">
    <ele>137.3</ele>
    <time>2025-09-30T18:14:18Z</time>
   </trkpt>
   <trkpt lat="48.1257780" lon="17.1255310">
    <ele>137.3</ele>
    <time>2025-09-30T18:14:19Z</time>
   </trkpt>
   <trkpt lat="48.1257610" lon="17.1255250">
    <ele>137.3</ele>
    <time>2025-09-30T18:14:20Z</time>
   </trkpt>
   <trkpt lat="48.1257430" lon="17.1255210">
    <ele>137.3</ele>
    <time>2025-09-30T18:14:21Z</time>
   </trkpt>
   <trkpt lat="48.1257290" lon="17.1255220">
    <ele>137.3</ele>
    <time>2025-09-30T18:14:22Z</time>
   </trkpt>
   <trkpt lat="48.1257150" lon="17.1255250">
    <ele>137.3</ele>
    <time>2025-09-30T18:14:23Z</time>
   </trkpt>
   <trkpt lat="48.1256980" lon="17.1255220">
    <ele>137.3</ele>
    <time>2025-09-30T18:14:24Z</time>
   </trkpt>
   <trkpt lat="48.1256820" lon="17.1255220">
    <ele>137.3</ele>
    <time>2025-09-30T18:14:25Z</time>
   </trkpt>
   <trkpt lat="48.1256700" lon="17.1255200">
    <ele>137.3</ele>
    <time>2025-09-30T18:14:26Z</time>
   </trkpt>
   <trkpt lat="48.1256570" lon="17.1255180">
    <ele>137.3</ele>
    <time>2025-09-30T18:14:27Z</time>
   </trkpt>
   <trkpt lat="48.1256410" lon="17.1255160">
    <ele>137.3</ele>
    <time>2025-09-30T18:14:28Z</time>
   </trkpt>
   <trkpt lat="48.1256190" lon="17.1255110">
    <ele>137.3</ele>
    <time>2025-09-30T18:14:29Z</time>
   </trkpt>
   <trkpt lat="48.1256100" lon="17.1255100">
    <ele>137.3</ele>
    <time>2025-09-30T18:14:30Z</time>
   </trkpt>
   <trkpt lat="48.1256020" lon="17.1255080">
    <ele>137.3</ele>
    <time>2025-09-30T18:14:31Z</time>
   </trkpt>
   <trkpt lat="48.1255920" lon="17.1255010">
    <ele>137.3</ele>
    <time>2025-09-30T18:14:32Z</time>
   </trkpt>
   <trkpt lat="48.1255840" lon="17.1254930">
    <ele>137.3</ele>
    <time>2025-09-30T18:14:33Z</time>
   </trkpt>
   <trkpt lat="48.1255740" lon="17.1254890">
    <ele>137.3</ele>
    <time>2025-09-30T18:14:34Z</time>
   </trkpt>
   <trkpt lat="48.1255660" lon="17.1254920">
    <ele>137.3</ele>
    <time>2025-09-30T18:14:35Z</time>
   </trkpt>
   <trkpt lat="48.1255570" lon="17.1254930">
    <ele>137.3</ele>
    <time>2025-09-30T18:14:36Z</time>
   </trkpt>
   <trkpt lat="48.1255470" lon="17.1254960">
    <ele>137.3</ele>
    <time>2025-09-30T18:14:37Z</time>
   </trkpt>
   <trkpt lat="48.1255370" lon="17.1254980">
    <ele>137.3</ele>
    <time>2025-09-30T18:14:38Z</time>
   </trkpt>
   <trkpt lat="48.1255250" lon="17.1254980">
    <ele>137.3</ele>
    <time>2025-09-30T18:14:39Z</time>
   </trkpt>
   <trkpt lat="48.1255120" lon="17.1254950">
    <ele>137.3</ele>
    <time>2025-09-30T18:14:40Z</time>
   </trkpt>
   <trkpt lat="48.1254910" lon="17.1254910">
    <ele>137.3</ele>
    <time>2025-09-30T18:14:41Z</time>
   </trkpt>
   <trkpt lat="48.1254830" lon="17.1254880">
    <ele>137.3</ele>
    <time>2025-09-30T18:14:42Z</time>
   </trkpt>
   <trkpt lat="48.1254740" lon="17.1254860">
    <ele>137.3</ele>
    <time>2025-09-30T18:14:43Z</time>
   </trkpt>
   <trkpt lat="48.1254610" lon="17.1254830">
    <ele>137.3</ele>
    <time>2025-09-30T18:14:44Z</time>
   </trkpt>
   <trkpt lat="48.1254470" lon="17.1254780">
    <ele>137.3</ele>
    <time>2025-09-30T18:14:45Z</time>
   </trkpt>
   <trkpt lat="48.1254290" lon="17.1254750">
    <ele>137.3</ele>
    <time>2025-09-30T18:14:46Z</time>
   </trkpt>
   <trkpt lat="48.1254160" lon="17.1254750">
    <ele>137.3</ele>
    <time>2025-09-30T18:14:47Z</time>
   </trkpt>
   <trkpt lat="48.1254030" lon="17.1254760">
    <ele>137.3</ele>
    <time>2025-09-30T18:14:48Z</time>
   </trkpt>
   <trkpt lat="48.1253890" lon="17.1254720">
    <ele>137.3</ele>
    <time>2025-09-30T18:14:49Z</time>
   </trkpt>
   <trkpt lat="48.1253680" lon="17.1254690">
    <ele>137.3</ele>
    <time>2025-09-30T18:14:50Z</time>
   </trkpt>
   <trkpt lat="48.1253600" lon="17.1254680">
    <ele>137.3</ele>
    <time>2025-09-30T18:14:51Z</time>
   </trkpt>
   <trkpt lat="48.1253520" lon="17.1254680">
    <ele>137.3</ele>
    <time>2025-09-30T18:14:52Z</time>
   </trkpt>
   <trkpt lat="48.1253310" lon="17.1254710">
    <ele>137.3</ele>
    <time>2025-09-30T18:14:53Z</time>
   </trkpt>
   <trkpt lat="48.1253220" lon="17.1254720">
    <ele>137.3</ele>
    <time>2025-09-30T18:14:54Z</time>
   </trkpt>
   <trkpt lat="48.1253140" lon="17.1254740">
    <ele>137.3</ele>
    <time>2025-09-30T18:14:55Z</time>
   </trkpt>
   <trkpt lat="48.1252930" lon="17.1254780">
    <ele>137.3</ele>
    <time>2025-09-30T18:14:56Z</time>
   </trkpt>
   <trkpt lat="48.1252830" lon="17.1254790">
    <ele>137.3</ele>
    <time>2025-09-30T18:14:57Z</time>
   </trkpt>
   <trkpt lat="48.1252740" lon="17.1254810">
    <ele>137.3</ele>
    <time>2025-09-30T18:14:58Z</time>
   </trkpt>
   <trkpt lat="48.1252640" lon="17.1254810">
    <ele>137.3</ele>
    <time>2025-09-30T18:14:59Z</time>
   </trkpt>
   <trkpt lat="48.1252550" lon="17.1254830">
    <ele>137.3</ele>
    <time>2025-09-30T18:15:00Z</time>
   </trkpt>
   <trkpt lat="48.1252470" lon="17.1254870">
    <ele>137.3</ele>
    <time>2025-09-30T18:15:01Z</time>
   </trkpt>
   <trkpt lat="48.1252390" lon="17.1254950">
    <ele>137.3</ele>
    <time>2025-09-30T18:15:02Z</time>
   </trkpt>
   <trkpt lat="48.1252320" lon="17.1255010">
    <ele>137.3</ele>
    <time>2025-09-30T18:15:03Z</time>
   </trkpt>
   <trkpt lat="48.1252240" lon="17.1255050">
    <ele>137.3</ele>
    <time>2025-09-30T18:15:04Z</time>
   </trkpt>
   <trkpt lat="48.1252150" lon="17.1255090">
    <ele>137.3</ele>
    <time>2025-09-30T18:15:05Z</time>
   </trkpt>
   <trkpt lat="48.1252040" lon="17.1255090">
    <ele>137.3</ele>
    <time>2025-09-30T18:15:06Z</time>
   </trkpt>
   <trkpt lat="48.1251910" lon="17.1255120">
    <ele>137.3</ele>
    <time>2025-09-30T18:15:07Z</time>
   </trkpt>
   <trkpt lat="48.1251860" lon="17.1255140">
    <ele>137.3</ele>
    <time>2025-09-30T18:15:08Z</time>
   </trkpt>
   <trkpt lat="48.1251810" lon="17.1255190">
    <ele>137.3</ele>
    <time>2025-09-30T18:15:09Z</time>
   </trkpt>
   <trkpt lat="48.1251720" lon="17.1255190">
    <ele>137.3</ele>
    <time>2025-09-30T18:15:10Z</time>
   </trkpt>
   <trkpt lat="48.1251610" lon="17.1255220">
    <ele>137.3</ele>
    <time>2025-09-30T18:15:11Z</time>
   </trkpt>
   <trkpt lat="48.1251520" lon="17.1255290">
    <ele>137.3</ele>
    <time>2025-09-30T18:15:12Z</time>
   </trkpt>
   <trkpt lat="48.1251410" lon="17.1255370">
    <ele>137.3</ele>
    <time>2025-09-30T18:15:13Z</time>
   </trkpt>
   <trkpt lat="48.1251300" lon="17.1255450">
    <ele>137.3</ele>
    <time>2025-09-30T18:15:14Z</time>
   </trkpt>
   <trkpt lat="48.1251220" lon="17.1255530">
    <ele>137.3</ele>
    <time>2025-09-30T18:15:15Z</time>
   </trkpt>
   <trkpt lat="48.1251190" lon="17.1255590">
    <ele>137.3</ele>
    <time>2025-09-30T18:15:16Z</time>
   </trkpt>
   <trkpt lat="48.1251240" lon="17.1255590">
    <ele>137.3</ele>
    <time>2025-09-30T18:15:17Z</time>
   </trkpt>
   <trkpt lat="48.1251270" lon="17.1255630">
    <ele>137.3</ele>
    <time>2025-09-30T18:15:18Z</time>
   </trkpt>
   <trkpt lat="48.1251230" lon="17.1255720">
    <ele>137.3</ele>
    <time>2025-09-30T18:15:19Z</time>
   </trkpt>
   <trkpt lat="48.1251150" lon="17.1255810">
    <ele>137.3</ele>
    <time>2025-09-30T18:15:20Z</time>
   </trkpt>
   <trkpt lat="48.1251040" lon="17.1255870">
    <ele>137.3</ele>
    <time>2025-09-30T18:15:21Z</time>
   </trkpt>
   <trkpt lat="48.1250960" lon="17.1255940">
    <ele>137.3</ele>
    <time>2025-09-30T18:15:22Z</time>
   </trkpt>
   <trkpt lat="48.1250930" lon="17.1256000">
    <ele>137.3</ele>
    <time>2025-09-30T18:15:23Z</time>
   </trkpt>
   <trkpt lat="48.1250880" lon="17.1256050">
    <ele>137.3</ele>
    <time>2025-09-30T18:15:24Z</time>
   </trkpt>
   <trkpt lat="48.1250750" lon="17.1256100">
    <ele>137.3</ele>
    <time>2025-09-30T18:15:25Z</time>
   </trkpt>
   <trkpt lat="48.1250640" lon="17.1256180">
    <ele>137.3</ele>
    <time>2025-09-30T18:15:26Z</time>
   </trkpt>
   <trkpt lat="48.1250530" lon="17.1256250">
    <ele>137.3</ele>
    <time>2025-09-30T18:15:27Z</time>
   </trkpt>
   <trkpt lat="48.1250480" lon="17.1256290">
    <ele>137.3</ele>
    <time>2025-09-30T18:15:28Z</time>
   </trkpt>
   <trkpt lat="48.1250450" lon="17.1256270">
    <ele>137.3</ele>
    <time>2025-09-30T18:15:29Z</time>
   </trkpt>
   <trkpt lat="48.1250430" lon="17.1256260">
    <ele>137.3</ele>
    <time>2025-09-30T18:15:30Z</time>
   </trkpt>
   <trkpt lat="48.1250340" lon="17.1256160">
    <ele>137.3</ele>
    <time>2025-09-30T18:15:31Z</time>
   </trkpt>
   <trkpt lat="48.1250290" lon="17.1256080">
    <ele>137.3</ele>
    <time>2025-09-30T18:15:32Z</time>
   </trkpt>
   <trkpt lat="48.1250280" lon="17.1256030">
    <ele>137.3</ele>
    <time>2025-09-30T18:15:33Z</time>
   </trkpt>
   <trkpt lat="48.1250260" lon="17.1255970">
    <ele>137.3</ele>
    <time>2025-09-30T18:15:34Z</time>
   </trkpt>
   <trkpt lat="48.1250250" lon="17.1255940">
    <ele>137.4</ele>
    <time>2025-09-30T18:15:35Z</time>
   </trkpt>
   <trkpt lat="48.1250240" lon="17.1255960">
    <ele>137.4</ele>
    <time>2025-09-30T18:15:36Z</time>
   </trkpt>
   <trkpt lat="48.1250230" lon="17.1255970">
    <ele>137.4</ele>
    <time>2025-09-30T18:15:37Z</time>
   </trkpt>
   <trkpt lat="48.1250220" lon="17.1255980">
    <ele>137.4</ele>
    <time>2025-09-30T18:15:38Z</time>
   </trkpt>
   <trkpt lat="48.1250200" lon="17.1256000">
    <ele>137.4</ele>
    <time>2025-09-30T18:15:39Z</time>
   </trkpt>
   <trkpt lat="48.1250190" lon="17.1256010">
    <ele>137.4</ele>
    <time>2025-09-30T18:15:40Z</time>
   </trkpt>
   <trkpt lat="48.1250180" lon="17.1256020">
    <ele>137.4</ele>
    <time>2025-09-30T18:15:41Z</time>
   </trkpt>
   <trkpt lat="48.1250170" lon="17.1256030">
    <ele>137.4</ele>
    <time>2025-09-30T18:15:42Z</time>
   </trkpt>
   <trkpt lat="48.1250160" lon="17.1256050">
    <ele>137.4</ele>
    <time>2025-09-30T18:15:43Z</time>
   </trkpt>
   <trkpt lat="48.1250150" lon="17.1256060">
    <ele>137.4</ele>
    <time>2025-09-30T18:15:44Z</time>
   </trkpt>
   <trkpt lat="48.1250140" lon="17.1256070">
    <ele>137.4</ele>
    <time>2025-09-30T18:15:45Z</time>
   </trkpt>
   <trkpt lat="48.1250130" lon="17.1256090">
    <ele>137.4</ele>
    <time>2025-09-30T18:15:46Z</time>
   </trkpt>
   <trkpt lat="48.1250120" lon="17.1256100">
    <ele>137.4</ele>
    <time>2025-09-30T18:15:47Z</time>
   </trkpt>
   <trkpt lat="48.1250100" lon="17.1256110">
    <ele>137.4</ele>
    <time>2025-09-30T18:15:48Z</time>
   </trkpt>
   <trkpt lat="48.1250090" lon="17.1256130">
    <ele>137.4</ele>
    <time>2025-09-30T18:15:49Z</time>
   </trkpt>
   <trkpt lat="48.1250080" lon="17.1256140">
    <ele>137.4</ele>
    <time>2025-09-30T18:15:50Z</time>
   </trkpt>
   <trkpt lat="48.1250070" lon="17.1256150">
    <ele>137.4</ele>
    <time>2025-09-30T18:15:51Z</time>
   </trkpt>
   <trkpt lat="48.1250060" lon="17.1256170">
    <ele>137.4</ele>
    <time>2025-09-30T18:15:52Z</time>
   </trkpt>
   <trkpt lat="48.1250050" lon="17.1256180">
    <ele>137.4</ele>
    <time>2025-09-30T18:15:53Z</time>
   </trkpt>
   <trkpt lat="48.1250040" lon="17.1256190">
    <ele>137.4</ele>
    <time>2025-09-30T18:15:54Z</time>
   </trkpt>
   <trkpt lat="48.1250030" lon="17.1256200">
    <ele>137.4</ele>
    <time>2025-09-30T18:15:55Z</time>
   </trkpt>
   <trkpt lat="48.1250020" lon="17.1256220">
    <ele>137.4</ele>
    <time>2025-09-30T18:15:56Z</time>
   </trkpt>
   <trkpt lat="48.1250000" lon="17.1256230">
    <ele>137.4</ele>
    <time>2025-09-30T18:15:57Z</time>
   </trkpt>
   <trkpt lat="48.1249990" lon="17.1256240">
    <ele>137.4</ele>
    <time>2025-09-30T18:15:58Z</time>
   </trkpt>
   <trkpt lat="48.1249980" lon="17.1256260">
    <ele>137.4</ele>
    <time>2025-09-30T18:15:59Z</time>
   </trkpt>
   <trkpt lat="48.1249970" lon="17.1256270">
    <ele>137.4</ele>
    <time>2025-09-30T18:16:00Z</time>
   </trkpt>
   <trkpt lat="48.1249960" lon="17.1256280">
    <ele>137.4</ele>
    <time>2025-09-30T18:16:01Z</time>
   </trkpt>
   <trkpt lat="48.1249950" lon="17.1256300">
    <ele>137.4</ele>
    <time>2025-09-30T18:16:02Z</time>
   </trkpt>
   <trkpt lat="48.1249940" lon="17.1256310">
    <ele>137.4</ele>
    <time>2025-09-30T18:16:03Z</time>
   </trkpt>
   <trkpt lat="48.1249930" lon="17.1256320">
    <ele>137.4</ele>
    <time>2025-09-30T18:16:04Z</time>
   </trkpt>
   <trkpt lat="48.1249920" lon="17.1256330">
    <ele>137.4</ele>
    <time>2025-09-30T18:16:05Z</time>
   </trkpt>
   <trkpt lat="48.1249900" lon="17.1256350">
    <ele>137.4</ele>
    <time>2025-09-30T18:16:06Z</time>
   </trkpt>
   <trkpt lat="48.1249890" lon="17.1256360">
    <ele>137.4</ele>
    <time>2025-09-30T18:16:07Z</time>
   </trkpt>
   <trkpt lat="48.1249880" lon="17.1256370">
    <ele>137.4</ele>
    <time>2025-09-30T18:16:08Z</time>
   </trkpt>
   <trkpt lat="48.1249870" lon="17.1256390">
    <ele>137.4</ele>
    <time>2025-09-30T18:16:09Z</time>
   </trkpt>
   <trkpt lat="48.1249860" lon="17.1256400">
    <ele>137.4</ele>
    <time>2025-09-30T18:16:10Z</time>
   </trkpt>
   <trkpt lat="48.1249660" lon="17.1256530">
    <ele>137.4</ele>
    <time>2025-09-30T18:16:11Z</time>
   </trkpt>
   <trkpt lat="48.1249590" lon="17.1256570">
    <ele>137.4</ele>
    <time>2025-09-30T18:16:12Z</time>
   </trkpt>
   <trkpt lat="48.1249510" lon="17.1256620">
    <ele>137.4</ele>
    <time>2025-09-30T18:16:13Z</time>
   </trkpt>
   <trkpt lat="48.1249430" lon="17.1256660">
    <ele>137.4</ele>
    <time>2025-09-30T18:16:14Z</time>
   </trkpt>
   <trkpt lat="48.1249360" lon="17.1256690">
    <ele>137.4</ele>
    <time>2025-09-30T18:16:15Z</time>
   </trkpt>
   <trkpt lat="48.1249300" lon="17.1256680">
    <ele>137.4</ele>
    <time>2025-09-30T18:16:16Z</time>
   </trkpt>
   <trkpt lat="48.1249220" lon="17.1256700">
    <ele>137.4</ele>
    <time>2025-09-30T18:16:17Z</time>
   </trkpt>
   <trkpt lat="48.1249090" lon="17.1256770">
    <ele>137.4</ele>
    <time>2025-09-30T18:16:18Z</time>
   </trkpt>
   <trkpt lat="48.1249010" lon="17.1256820">
    <ele>137.4</ele>
    <time>2025-09-30T18:16:19Z</time>
   </trkpt>
   <trkpt lat="48.1248920" lon="17.1256860">
    <ele>137.4</ele>
    <time>2025-09-30T18:16:20Z</time>
   </trkpt>
   <trkpt lat="48.1248840" lon="17.1256900">
    <ele>137.4</ele>
    <time>2025-09-30T18:16:21Z</time>
   </trkpt>
   <trkpt lat="48.1248700" lon="17.1256980">
    <ele>137.4</ele>
    <time>2025-09-30T18:16:22Z</time>
   </trkpt>
   <trkpt lat="48.1248580" lon="17.1257050">
    <ele>137.4</ele>
    <time>2025-09-30T18:16:23Z</time>
   </trkpt>
   <trkpt lat="48.1248380" lon="17.1257190">
    <ele>137.4</ele>
    <time>2025-09-30T18:16:24Z</time>
   </trkpt>
   <trkpt lat="48.1248300" lon="17.1257240">
    <ele>137.4</ele>
    <time>2025-09-30T18:16:25Z</time>
   </trkpt>
   <trkpt lat="48.1248230" lon="17.1257280">
    <ele>137.4</ele>
    <time>2025-09-30T18:16:26Z</time>
   </trkpt>
   <trkpt lat="48.1248130" lon="17.1257330">
    <ele>137.4</ele>
    <time>2025-09-30T18:16:27Z</time>
   </trkpt>
   <trkpt lat="48.1248020" lon="17.1257310">
    <ele>137.4</ele>
    <time>2025-09-30T18:16:28Z</time>
   </trkpt>
   <trkpt lat="48.1247960" lon="17.1257180">
    <ele>137.4</ele>
    <time>2025-09-30T18:16:29Z</time>
   </trkpt>
   <trkpt lat="48.1247890" lon="17.1257180">
    <ele>137.4</ele>
    <time>2025-09-30T18:16:30Z</time>
   </trkpt>
   <trkpt lat="48.1247920" lon="17.1257260">
    <ele>137.4</ele>
    <time>2025-09-30T18:16:31Z</time>
   </trkpt>
   <trkpt lat="48.1247940" lon="17.1257280">
    <ele>137.4</ele>
    <time>2025-09-30T18:16:32Z</time>
   </trkpt>
   <trkpt lat="48.1247950" lon="17.1257260">
    <ele>137.4</ele>
    <time>2025-09-30T18:16:33Z</time>
   </trkpt>
   <trkpt lat="48.1247970" lon="17.1257260">
    <ele>137.4</ele>
    <time>2025-09-30T18:16:34Z</time>
   </trkpt>
   <trkpt lat="48.1247990" lon="17.1257250">
    <ele>137.4</ele>
    <time>2025-09-30T18:16:35Z</time>
   </trkpt>
   <trkpt lat="48.1248010" lon="17.1257240">
    <ele>137.4</ele>
    <time>2025-09-30T18:16:36Z</time>
   </trkpt>
   <trkpt lat="48.1248000" lon="17.1257240">
    <ele>137.4</ele>
    <time>2025-09-30T18:16:37Z</time>
   </trkpt>
   <trkpt lat="48.1247970" lon="17.1257270">
    <ele>137.4</ele>
    <time>2025-09-30T18:16:38Z</time>
   </trkpt>
   <trkpt lat="48.1247870" lon="17.1257370">
    <ele>137.4</ele>
    <time>2025-09-30T18:16:39Z</time>
   </trkpt>
   <trkpt lat="48.1247840" lon="17.1257410">
    <ele>137.4</ele>
    <time>2025-09-30T18:16:40Z</time>
   </trkpt>
   <trkpt lat="48.1247780" lon="17.1257490">
    <ele>137.3</ele>
    <time>2025-09-30T18:16:41Z</time>
   </trkpt>
   <trkpt lat="48.1247630" lon="17.1257700">
    <ele>137.3</ele>
    <time>2025-09-30T18:16:42Z</time>
   </trkpt>
   <trkpt lat="48.1247560" lon="17.1257760">
    <ele>137.3</ele>
    <time>2025-09-30T18:16:43Z</time>
   </trkpt>
   <trkpt lat="48.1247490" lon="17.1257820">
    <ele>137.3</ele>
    <time>2025-09-30T18:16:44Z</time>
   </trkpt>
   <trkpt lat="48.1247380" lon="17.1257860">
    <ele>137.3</ele>
    <time>2025-09-30T18:16:45Z</time>
   </trkpt>
   <trkpt lat="48.1247320" lon="17.1257860">
    <ele>137.3</ele>
    <time>2025-09-30T18:16:46Z</time>
   </trkpt>
   <trkpt lat="48.1247320" lon="17.1257840">
    <ele>137.3</ele>
    <time>2025-09-30T18:16:47Z</time>
   </trkpt>
   <trkpt lat="48.1247320" lon="17.1257830">
    <ele>137.3</ele>
    <time>2025-09-30T18:16:48Z</time>
   </trkpt>
   <trkpt lat="48.1247300" lon="17.1257830">
    <ele>137.3</ele>
    <time>2025-09-30T18:16:49Z</time>
   </trkpt>
   <trkpt lat="48.1247270" lon="17.1257850">
    <ele>137.3</ele>
    <time>2025-09-30T18:16:50Z</time>
   </trkpt>
   <trkpt lat="48.1247240" lon="17.1257860">
    <ele>137.3</ele>
    <time>2025-09-30T18:16:51Z</time>
   </trkpt>
   <trkpt lat="48.1247220" lon="17.1257870">
    <ele>137.3</ele>
    <time>2025-09-30T18:16:52Z</time>
   </trkpt>
   <trkpt lat="48.1247210" lon="17.1257860">
    <ele>137.3</ele>
    <time>2025-09-30T18:16:53Z</time>
   </trkpt>
   <trkpt lat="48.1247200" lon="17.1257860">
    <ele>137.3</ele>
    <time>2025-09-30T18:16:54Z</time>
   </trkpt>
   <trkpt lat="48.1247190" lon="17.1257840">
    <ele>137.3</ele>
    <time>2025-09-30T18:16:55Z</time>
   </trkpt>
   <trkpt lat="48.1247180" lon="17.1257840">
    <ele>137.3</ele>
    <time>2025-09-30T18:16:56Z</time>
   </trkpt>
   <trkpt lat="48.1247180" lon="17.1257850">
    <ele>137.3</ele>
    <time>2025-09-30T18:16:57Z</time>
   </trkpt>
   <trkpt lat="48.1247140" lon="17.1257850">
    <ele>137.3</ele>
    <time>2025-09-30T18:16:58Z</time>
   </trkpt>
   <trkpt lat="48.1247090" lon="17.1257820">
    <ele>137.3</ele>
    <time>2025-09-30T18:16:59Z</time>
   </trkpt>
   <trkpt lat="48.1247050" lon="17.1257750">
    <ele>137.3</ele>
    <time>2025-09-30T18:17:00Z</time>
   </trkpt>
   <trkpt lat="48.1247010" lon="17.1257580">
    <ele>137.3</ele>
    <time>2025-09-30T18:17:01Z</time>
   </trkpt>
   <trkpt lat="48.1247010" lon="17.1257410">
    <ele>137.3</ele>
    <time>2025-09-30T18:17:02Z</time>
   </trkpt>
   <trkpt lat="48.1247000" lon="17.1257220">
    <ele>137.3</ele>
    <time>2025-09-30T18:17:03Z</time>
   </trkpt>
   <trkpt lat="48.1246990" lon="17.1257050">
    <ele>137.2</ele>
    <time>2025-09-30T18:17:04Z</time>
   </trkpt>
   <trkpt lat="48.1246960" lon="17.1256880">
    <ele>137.2</ele>
    <time>2025-09-30T18:17:05Z</time>
   </trkpt>
   <trkpt lat="48.1246900" lon="17.1256730">
    <ele>137.2</ele>
    <time>2025-09-30T18:17:06Z</time>
   </trkpt>
   <trkpt lat="48.1246830" lon="17.1256590">
    <ele>137.2</ele>
    <time>2025-09-30T18:17:07Z</time>
   </trkpt>
   <trkpt lat="48.1246850" lon="17.1256450">
    <ele>137.2</ele>
    <time>2025-09-30T18:17:08Z</time>
   </trkpt>
   <trkpt lat="48.1246830" lon="17.1256300">
    <ele>137.2</ele>
    <time>2025-09-30T18:17:09Z</time>
   </trkpt>
   <trkpt lat="48.1246690" lon="17.1256210">
    <ele>137.2</ele>
    <time>2025-09-30T18:17:10Z</time>
   </trkpt>
   <trkpt lat="48.1246580" lon="17.1256150">
    <ele>137.2</ele>
    <time>2025-09-30T18:17:11Z</time>
   </trkpt>
   <trkpt lat="48.1246510" lon="17.1256060">
    <ele>137.2</ele>
    <time>2025-09-30T18:17:12Z</time>
   </trkpt>
   <trkpt lat="48.1246490" lon="17.1255990">
    <ele>137.2</ele>
    <time>2025-09-30T18:17:13Z</time>
   </trkpt>
   <trkpt lat="48.1246500" lon="17.1255940">
    <ele>137.2</ele>
    <time>2025-09-30T18:17:14Z</time>
   </trkpt>
   <trkpt lat="48.1246490" lon="17.1255920">
    <ele>137.2</ele>
    <time>2025-09-30T18:17:15Z</time>
   </trkpt>
   <trkpt lat="48.1246480" lon="17.1255910">
    <ele>137.2</ele>
    <time>2025-09-30T18:17:16Z</time>
   </trkpt>
   <trkpt lat="48.1246450" lon="17.1255850">
    <ele>137.2</ele>
    <time>2025-09-30T18:17:17Z</time>
   </trkpt>
   <trkpt lat="48.1246380" lon="17.1255710">
    <ele>137.2</ele>
    <time>2025-09-30T18:17:18Z</time>
   </trkpt>
   <trkpt lat="48.1246260" lon="17.1255600">
    <ele>137.2</ele>
    <time>2025-09-30T18:17:19Z</time>
   </trkpt>
   <trkpt lat="48.1246210" lon="17.1255300">
    <ele>137.2</ele>
    <time>2025-09-30T18:17:20Z</time>
   </trkpt>
   <trkpt lat="48.1246250" lon="17.1255130">
    <ele>137.2</ele>
    <time>2025-09-30T18:17:21Z</time>
   </trkpt>
   <trkpt lat="48.1246290" lon="17.1254950">
    <ele>137.2</ele>
    <time>2025-09-30T18:17:22Z</time>
   </trkpt>
   <trkpt lat="48.1246280" lon="17.1254770">
    <ele>137.2</ele>
    <time>2025-09-30T18:17:24Z</time>
   </trkpt>
   <trkpt lat="48.1246280" lon="17.1254670">
    <ele>137.2</ele>
    <time>2025-09-30T18:17:25Z</time>
   </trkpt>
   <trkpt lat="48.1246260" lon="17.1254590">
    <ele>137.2</ele>
    <time>2025-09-30T18:17:26Z</time>
   </trkpt>
   <trkpt lat="48.1246250" lon="17.1254520">
    <ele>137.2</ele>
    <time>2025-09-30T18:17:27Z</time>
   </trkpt>
   <trkpt lat="48.1246250" lon="17.1254450">
    <ele>137.2</ele>
    <time>2025-09-30T18:17:28Z</time>
   </trkpt>
   <trkpt lat="48.1246250" lon="17.1254410">
    <ele>137.2</ele>
    <time>2025-09-30T18:17:29Z</time>
   </trkpt>
   <trkpt lat="48.1246250" lon="17.1254380">
    <ele>137.2</ele>
    <time>2025-09-30T18:17:30Z</time>
   </trkpt>
   <trkpt lat="48.1246250" lon="17.1254350">
    <ele>137.2</ele>
    <time>2025-09-30T18:17:31Z</time>
   </trkpt>
   <trkpt lat="48.1246250" lon="17.1254320">
    <ele>137.2</ele>
    <time>2025-09-30T18:17:32Z</time>
   </trkpt>
   <trkpt lat="48.1246250" lon="17.1254280">
    <ele>137.2</ele>
    <time>2025-09-30T18:17:33Z</time>
   </trkpt>
   <trkpt lat="48.1246250" lon="17.1254250">
    <ele>137.2</ele>
    <time>2025-09-30T18:17:34Z</time>
   </trkpt>
   <trkpt lat="48.1246250" lon="17.1254220">
    <ele>137.2</ele>
    <time>2025-09-30T18:17:35Z</time>
   </trkpt>
   <trkpt lat="48.1246240" lon="17.1254190">
    <ele>137.2</ele>
    <time>2025-09-30T18:17:36Z</time>
   </trkpt>
   <trkpt lat="48.1246240" lon="17.1254150">
    <ele>137.2</ele>
    <time>2025-09-30T18:17:37Z</time>
   </trkpt>
   <trkpt lat="48.1246240" lon="17.1254120">
    <ele>137.2</ele>
    <time>2025-09-30T18:17:38Z</time>
   </trkpt>
   <trkpt lat="48.1246240" lon="17.1254090">
    <ele>137.2</ele>
    <time>2025-09-30T18:17:39Z</time>
   </trkpt>
   <trkpt lat="48.1246240" lon="17.1254060">
    <ele>137.2</ele>
    <time>2025-09-30T18:17:40Z</time>
   </trkpt>
   <trkpt lat="48.1246240" lon="17.1254020">
    <ele>137.2</ele>
    <time>2025-09-30T18:17:41Z</time>
   </trkpt>
   <trkpt lat="48.1246240" lon="17.1253990">
    <ele>137.2</ele>
    <time>2025-09-30T18:17:42Z</time>
   </trkpt>
   <trkpt lat="48.1246240" lon="17.1253960">
    <ele>137.2</ele>
    <time>2025-09-30T18:17:43Z</time>
   </trkpt>
   <trkpt lat="48.1246140" lon="17.1253720">
    <ele>137.2</ele>
    <time>2025-09-30T18:17:44Z</time>
   </trkpt>
   <trkpt lat="48.1246110" lon="17.1253530">
    <ele>137.2</ele>
    <time>2025-09-30T18:17:45Z</time>
   </trkpt>
   <trkpt lat="48.1246060" lon="17.1253320">
    <ele>137.2</ele>
    <time>2025-09-30T18:17:46Z</time>
   </trkpt>
   <trkpt lat="48.1246000" lon="17.1253140">
    <ele>137.2</ele>
    <time>2025-09-30T18:17:47Z</time>
   </trkpt>
   <trkpt lat="48.1245940" lon="17.1252980">
    <ele>137.2</ele>
    <time>2025-09-30T18:17:48Z</time>
   </trkpt>
   <trkpt lat="48.1245900" lon="17.1252870">
    <ele>137.2</ele>
    <time>2025-09-30T18:17:49Z</time>
   </trkpt>
   <trkpt lat="48.1245820" lon="17.1252710">
    <ele>137.2</ele>
    <time>2025-09-30T18:17:50Z</time>
   </trkpt>
   <trkpt lat="48.1245760" lon="17.1252600">
    <ele>137.2</ele>
    <time>2025-09-30T18:17:51Z</time>
   </trkpt>
   <trkpt lat="48.1245710" lon="17.1252510">
    <ele>137.2</ele>
    <time>2025-09-30T18:17:52Z</time>
   </trkpt>
   <trkpt lat="48.1245680" lon="17.1252420">
    <ele>137.2</ele>
    <time>2025-09-30T18:17:53Z</time>
   </trkpt>
   <trkpt lat="48.1245630" lon="17.1252280">
    <ele>137.2</ele>
    <time>2025-09-30T18:17:54Z</time>
   </trkpt>
   <trkpt lat="48.1245520" lon="17.1251990">
    <ele>137.2</ele>
    <time>2025-09-30T18:17:55Z</time>
   </trkpt>
   <trkpt lat="48.1245480" lon="17.1251900">
    <ele>137.2</ele>
    <time>2025-09-30T18:17:56Z</time>
   </trkpt>
   <trkpt lat="48.1245450" lon="17.1251800">
    <ele>137.2</ele>
    <time>2025-09-30T18:17:57Z</time>
   </trkpt>
   <trkpt lat="48.1245400" lon="17.1251660">
    <ele>137.2</ele>
    <time>2025-09-30T18:17:58Z</time>
   </trkpt>
   <trkpt lat="48.1245380" lon="17.1251480">
    <ele>137.2</ele>
    <time>2025-09-30T18:17:59Z</time>
   </trkpt>
   <trkpt lat="48.1245330" lon="17.1251330">
    <ele>137.2</ele>
    <time>2025-09-30T18:18:00Z</time>
   </trkpt>
   <trkpt lat="48.1245290" lon="17.1251200">
    <ele>137.2</ele>
    <time>2025-09-30T18:18:01Z</time>
   </trkpt>
   <trkpt lat="48.1245270" lon="17.1251110">
    <ele>137.2</ele>
    <time>2025-09-30T18:18:02Z</time>
   </trkpt>
   <trkpt lat="48.1245270" lon="17.1251100">
    <ele>137.2</ele>
    <time>2025-09-30T18:18:03Z</time>
   </trkpt>
   <trkpt lat="48.1245280" lon="17.1251110">
    <ele>137.2</ele>
    <time>2025-09-30T18:18:04Z</time>
   </trkpt>
   <trkpt lat="48.1245280" lon="17.1251140">
    <ele>137.2</ele>
    <time>2025-09-30T18:18:05Z</time>
   </trkpt>
   <trkpt lat="48.1245290" lon="17.1251160">
    <ele>137.2</ele>
    <time>2025-09-30T18:18:06Z</time>
   </trkpt>
   <trkpt lat="48.1245290" lon="17.1251180">
    <ele>137.2</ele>
    <time>2025-09-30T18:18:07Z</time>
   </trkpt>
   <trkpt lat="48.1245300" lon="17.1251170">
    <ele>137.2</ele>
    <time>2025-09-30T18:18:08Z</time>
   </trkpt>
   <trkpt lat="48.1245310" lon="17.1251190">
    <ele>137.2</ele>
    <time>2025-09-30T18:18:09Z</time>
   </trkpt>
   <trkpt lat="48.1245320" lon="17.1251250">
    <ele>137.2</ele>
    <time>2025-09-30T18:18:10Z</time>
   </trkpt>
   <trkpt lat="48.1245350" lon="17.1251300">
    <ele>137.2</ele>
    <time>2025-09-30T18:18:11Z</time>
   </trkpt>
   <trkpt lat="48.1245360" lon="17.1251300">
    <ele>137.2</ele>
    <time>2025-09-30T18:18:12Z</time>
   </trkpt>
   <trkpt lat="48.1245330" lon="17.1251330">
    <ele>137.2</ele>
    <time>2025-09-30T18:18:13Z</time>
   </trkpt>
   <trkpt lat="48.1245320" lon="17.1251390">
    <ele>137.2</ele>
    <time>2025-09-30T18:18:14Z</time>
   </trkpt>
   <trkpt lat="48.1245330" lon="17.1251430">
    <ele>137.2</ele>
    <time>2025-09-30T18:18:15Z</time>
   </trkpt>
   <trkpt lat="48.1245330" lon="17.1251450">
    <ele>137.2</ele>
    <time>2025-09-30T18:18:16Z</time>
   </trkpt>
   <trkpt lat="48.1245350" lon="17.1251380">
    <ele>137.2</ele>
    <time>2025-09-30T18:18:17Z</time>
   </trkpt>
   <trkpt lat="48.1245380" lon="17.1251290">
    <ele>137.2</ele>
    <time>2025-09-30T18:18:18Z</time>
   </trkpt>
   <trkpt lat="48.1245380" lon="17.1251110">
    <ele>137.2</ele>
    <time>2025-09-30T18:18:19Z</time>
   </trkpt>
   <trkpt lat="48.1245370" lon="17.1250900">
    <ele>137.2</ele>
    <time>2025-09-30T18:18:20Z</time>
   </trkpt>
   <trkpt lat="48.1245320" lon="17.1250690">
    <ele>137.2</ele>
    <time>2025-09-30T18:18:21Z</time>
   </trkpt>
   <trkpt lat="48.1245250" lon="17.1250510">
    <ele>137.2</ele>
    <time>2025-09-30T18:18:22Z</time>
   </trkpt>
   <trkpt lat="48.1245170" lon="17.1250270">
    <ele>137.2</ele>
    <time>2025-09-30T18:18:23Z</time>
   </trkpt>
   <trkpt lat="48.1245100" lon="17.1250080">
    <ele>137.2</ele>
    <time>2025-09-30T18:18:24Z</time>
   </trkpt>
   <trkpt lat="48.1244990" lon="17.1249770">
    <ele>137.2</ele>
    <time>2025-09-30T18:18:25Z</time>
   </trkpt>
   <trkpt lat="48.1244950" lon="17.1249660">
    <ele>137.2</ele>
    <time>2025-09-30T18:18:26Z</time>
   </trkpt>
   <trkpt lat="48.1244910" lon="17.1249550">
    <ele>137.2</ele>
    <time>2025-09-30T18:18:27Z</time>
   </trkpt>
   <trkpt lat="48.1244800" lon="17.1249270">
    <ele>137.2</ele>
    <time>2025-09-30T18:18:28Z</time>
   </trkpt>
   <trkpt lat="48.1244750" lon="17.1249170">
    <ele>137.2</ele>
    <time>2025-09-30T18:18:29Z</time>
   </trkpt>
   <trkpt lat="48.1244710" lon="17.1249060">
    <ele>137.2</ele>
    <time>2025-09-30T18:18:30Z</time>
   </trkpt>
   <trkpt lat="48.1244610" lon="17.1248780">
    <ele>137.2</ele>
    <time>2025-09-30T18:18:31Z</time>
   </trkpt>
   <trkpt lat="48.1244560" lon="17.1248680">
    <ele>137.2</ele>
    <time>2025-09-30T18:18:32Z</time>
   </trkpt>
   <trkpt lat="48.1244520" lon="17.1248570">
    <ele>137.2</ele>
    <time>2025-09-30T18:18:33Z</time>
   </trkpt>
   <trkpt lat="48.1244460" lon="17.1248430">
    <ele>137.2</ele>
    <time>2025-09-30T18:18:34Z</time>
   </trkpt>
   <trkpt lat="48.1244400" lon="17.1248310">
    <ele>137.2</ele>
    <time>2025-09-30T18:18:35Z</time>
   </trkpt>
   <trkpt lat="48.1244350" lon="17.1248200">
    <ele>137.2</ele>
    <time>2025-09-30T18:18:36Z</time>
   </trkpt>
   <trkpt lat="48.1244320" lon="17.1248140">
    <ele>137.2</ele>
    <time>2025-09-30T18:18:37Z</time>
   </trkpt>
   <trkpt lat="48.1244270" lon="17.1248030">
    <ele>137.2</ele>
    <time>2025-09-30T18:18:38Z</time>
   </trkpt>
   <trkpt lat="48.1244190" lon="17.1247880">
    <ele>137.2</ele>
    <time>2025-09-30T18:18:39Z</time>
   </trkpt>
   <trkpt lat="48.1244140" lon="17.1247790">
    <ele>137.2</ele>
    <time>2025-09-30T18:18:40Z</time>
   </trkpt>
   <trkpt lat="48.1244090" lon="17.1247690">
    <ele>137.2</ele>
    <time>2025-09-30T18:18:41Z</time>
   </trkpt>
   <trkpt lat="48.1244050" lon="17.1247560">
    <ele>137.2</ele>
    <time>2025-09-30T18:18:42Z</time>
   </trkpt>
   <trkpt lat="48.1244000" lon="17.1247430">
    <ele>137.2</ele>
    <time>2025-09-30T18:18:43Z</time>
   </trkpt>
   <trkpt lat="48.1243960" lon="17.1247320">
    <ele>137.2</ele>
    <time>2025-09-30T18:18:44Z</time>
   </trkpt>
   <trkpt lat="48.1243990" lon="17.1247320">
    <ele>137.2</ele>
    <time>2025-09-30T18:18:45Z</time>
   </trkpt>
   <trkpt lat="48.1244010" lon="17.1247350">
    <ele>137.2</ele>
    <time>2025-09-30T18:18:46Z</time>
   </trkpt>
   <trkpt lat="48.1244040" lon="17.1247400">
    <ele>137.2</ele>
    <time>2025-09-30T18:18:47Z</time>
   </trkpt>
   <trkpt lat="48.1244050" lon="17.1247430">
    <ele>137.2</ele>
    <time>2025-09-30T18:18:48Z</time>
   </trkpt>
   <trkpt lat="48.1244060" lon="17.1247450">
    <ele>137.2</ele>
    <time>2025-09-30T18:18:49Z</time>
   </trkpt>
   <trkpt lat="48.1244060" lon="17.1247490">
    <ele>137.2</ele>
    <time>2025-09-30T18:18:50Z</time>
   </trkpt>
   <trkpt lat="48.1244060" lon="17.1247500">
    <ele>137.2</ele>
    <time>2025-09-30T18:18:51Z</time>
   </trkpt>
   <trkpt lat="48.1244060" lon="17.1247530">
    <ele>137.2</ele>
    <time>2025-09-30T18:18:52Z</time>
   </trkpt>
   <trkpt lat="48.1244050" lon="17.1247550">
    <ele>137.2</ele>
    <time>2025-09-30T18:18:53Z</time>
   </trkpt>
   <trkpt lat="48.1244040" lon="17.1247560">
    <ele>137.2</ele>
    <time>2025-09-30T18:18:54Z</time>
   </trkpt>
   <trkpt lat="48.1244030" lon="17.1247550">
    <ele>137.2</ele>
    <time>2025-09-30T18:18:55Z</time>
   </trkpt>
   <trkpt lat="48.1244030" lon="17.1247550">
    <ele>137.2</ele>
    <time>2025-09-30T18:18:56Z</time>
   </trkpt>
   <trkpt lat="48.1244050" lon="17.1247550">
    <ele>137.2</ele>
    <time>2025-09-30T18:18:57Z</time>
   </trkpt>
   <trkpt lat="48.1244040" lon="17.1247540">
    <ele>137.2</ele>
    <time>2025-09-30T18:18:58Z</time>
   </trkpt>
   <trkpt lat="48.1244050" lon="17.1247600">
    <ele>137.2</ele>
    <time>2025-09-30T18:18:59Z</time>
   </trkpt>
   <trkpt lat="48.1244060" lon="17.1247640">
    <ele>137.2</ele>
    <time>2025-09-30T18:19:00Z</time>
   </trkpt>
   <trkpt lat="48.1244100" lon="17.1247650">
    <ele>137.2</ele>
    <time>2025-09-30T18:19:01Z</time>
   </trkpt>
   <trkpt lat="48.1244110" lon="17.1247660">
    <ele>137.2</ele>
    <time>2025-09-30T18:19:02Z</time>
   </trkpt>
   <trkpt lat="48.1244110" lon="17.1247650">
    <ele>137.2</ele>
    <time>2025-09-30T18:19:03Z</time>
   </trkpt>
   <trkpt lat="48.1244070" lon="17.1247640">
    <ele>137.2</ele>
    <time>2025-09-30T18:19:04Z</time>
   </trkpt>
   <trkpt lat="48.1244050" lon="17.1247590">
    <ele>137.2</ele>
    <time>2025-09-30T18:19:05Z</time>
   </trkpt>
   <trkpt lat="48.1244020" lon="17.1247600">
    <ele>137.2</ele>
    <time>2025-09-30T18:19:06Z</time>
   </trkpt>
   <trkpt lat="48.1243900" lon="17.1247560">
    <ele>137.2</ele>
    <time>2025-09-30T18:19:07Z</time>
   </trkpt>
   <trkpt lat="48.1243790" lon="17.1247460">
    <ele>137.2</ele>
    <time>2025-09-30T18:19:08Z</time>
   </trkpt>
   <trkpt lat="48.1243690" lon="17.1247310">
    <ele>137.2</ele>
    <time>2025-09-30T18:19:09Z</time>
   </trkpt>
   <trkpt lat="48.1243590" lon="17.1246930">
    <ele>137.2</ele>
    <time>2025-09-30T18:19:10Z</time>
   </trkpt>
   <trkpt lat="48.1243560" lon="17.1246800">
    <ele>137.2</ele>
    <time>2025-09-30T18:19:11Z</time>
   </trkpt>
   <trkpt lat="48.1243560" lon="17.1246340">
    <ele>137.2</ele>
    <time>2025-09-30T18:19:12Z</time>
   </trkpt>
   <trkpt lat="48.1243550" lon="17.1246240">
    <ele>137.2</ele>
    <time>2025-09-30T18:19:13Z</time>
   </trkpt>
   <trkpt lat="48.1243530" lon="17.1246150">
    <ele>137.2</ele>
    <time>2025-09-30T18:19:14Z</time>
   </trkpt>
   <trkpt lat="48.1243510" lon="17.1246090">
    <ele>137.2</ele>
    <time>2025-09-30T18:19:15Z</time>
   </trkpt>
   <trkpt lat="48.1243470" lon="17.1245990">
    <ele>137.2</ele>
    <time>2025-09-30T18:19:16Z</time>
   </trkpt>
   <trkpt lat="48.1243430" lon="17.1245840">
    <ele>137.2</ele>
    <time>2025-09-30T18:19:17Z</time>
   </trkpt>
   <trkpt lat="48.1243370" lon="17.1245710">
    <ele>137.2</ele>
    <time>2025-09-30T18:19:18Z</time>
   </trkpt>
   <trkpt lat="48.1243310" lon="17.1245560">
    <ele>137.2</ele>
    <time>2025-09-30T18:19:19Z</time>
   </trkpt>
   <trkpt lat="48.1243250" lon="17.1245420">
    <ele>137.2</ele>
    <time>2025-09-30T18:19:20Z</time>
   </trkpt>
   <trkpt lat="48.1243190" lon="17.1245300">
    <ele>137.2</ele>
    <time>2025-09-30T18:19:21Z</time>
   </trkpt>
   <trkpt lat="48.1243130" lon="17.1245170">
    <ele>137.2</ele>
    <time>2025-09-30T18:19:22Z</time>
   </trkpt>
   <trkpt lat="48.1243180" lon="17.1244980">
    <ele>137.2</ele>
    <time>2025-09-30T18:19:23Z</time>
   </trkpt>
   <trkpt lat="48.1243220" lon="17.1244860">
    <ele>137.2</ele>
    <time>2025-09-30T18:19:24Z</time>
   </trkpt>
   <trkpt lat="48.1243130" lon="17.1244780">
    <ele>137.2</ele>
    <time>2025-09-30T18:19:25Z</time>
   </trkpt>
   <trkpt lat="48.1243010" lon="17.1244800">
    <ele>137.2</ele>
    <time>2025-09-30T18:19:26Z</time>
   </trkpt>
   <trkpt lat="48.1242900" lon="17.1244850">
    <ele>137.2</ele>
    <time>2025-09-30T18:19:27Z</time>
   </trkpt>
   <trkpt lat="48.1242770" lon="17.1244940">
    <ele>137.2</ele>
    <time>2025-09-30T18:19:28Z</time>
   </trkpt>
   <trkpt lat="48.1242670" lon="17.1245020">
    <ele>137.2</ele>
    <time>2025-09-30T18:19:29Z</time>
   </trkpt>
   <trkpt lat="48.1242600" lon="17.1244900">
    <ele>137.2</ele>
    <time>2025-09-30T18:19:30Z</time>
   </trkpt>
   <trkpt lat="48.1242570" lon="17.1244730">
    <ele>137.2</ele>
    <time>2025-09-30T18:19:31Z</time>
   </trkpt>
   <trkpt lat="48.1242540" lon="17.1244620">
    <ele>137.2</ele>
    <time>2025-09-30T18:19:32Z</time>
   </trkpt>
   <trkpt lat="48.1242520" lon="17.1244530">
    <ele>137.2</ele>
    <time>2025-09-30T18:19:33Z</time>
   </trkpt>
   <trkpt lat="48.1242510" lon="17.1244500">
    <ele>137.2</ele>
    <time>2025-09-30T18:19:34Z</time>
   </trkpt>
   <trkpt lat="48.1242500" lon="17.1244470">
    <ele>137.2</ele>
    <time>2025-09-30T18:19:35Z</time>
   </trkpt>
   <trkpt lat="48.1242480" lon="17.1244460">
    <ele>137.2</ele>
    <time>2025-09-30T18:19:36Z</time>
   </trkpt>
   <trkpt lat="48.1242450" lon="17.1244440">
    <ele>137.2</ele>
    <time>2025-09-30T18:19:37Z</time>
   </trkpt>
   <trkpt lat="48.1242410" lon="17.1244420">
    <ele>137.2</ele>
    <time>2025-09-30T18:19:38Z</time>
   </trkpt>
   <trkpt lat="48.1242380" lon="17.1244400">
    <ele>137.2</ele>
    <time>2025-09-30T18:19:39Z</time>
   </trkpt>
   <trkpt lat="48.1242350" lon="17.1244430">
    <ele>137.2</ele>
    <time>2025-09-30T18:19:40Z</time>
   </trkpt>
   <trkpt lat="48.1242330" lon="17.1244500">
    <ele>137.2</ele>
    <time>2025-09-30T18:19:41Z</time>
   </trkpt>
   <trkpt lat="48.1242350" lon="17.1244550">
    <ele>137.2</ele>
    <time>2025-09-30T18:19:42Z</time>
   </trkpt>
   <trkpt lat="48.1242350" lon="17.1244570">
    <ele>137.2</ele>
    <time>2025-09-30T18:19:43Z</time>
   </trkpt>
   <trkpt lat="48.1242350" lon="17.1244560">
    <ele>137.2</ele>
    <time>2025-09-30T18:19:44Z</time>
   </trkpt>
   <trkpt lat="48.1242360" lon="17.1244550">
    <ele>137.2</ele>
    <time>2025-09-30T18:19:45Z</time>
   </trkpt>
   <trkpt lat="48.1242380" lon="17.1244540">
    <ele>137.2</ele>
    <time>2025-09-30T18:19:46Z</time>
   </trkpt>
   <trkpt lat="48.1242400" lon="17.1244540">
    <ele>137.2</ele>
    <time>2025-09-30T18:19:47Z</time>
   </trkpt>
   <trkpt lat="48.1242420" lon="17.1244530">
    <ele>137.2</ele>
    <time>2025-09-30T18:19:48Z</time>
   </trkpt>
   <trkpt lat="48.1242410" lon="17.1244530">
    <ele>137.2</ele>
    <time>2025-09-30T18:19:49Z</time>
   </trkpt>
   <trkpt lat="48.1242410" lon="17.1244530">
    <ele>137.2</ele>
    <time>2025-09-30T18:19:50Z</time>
   </trkpt>
   <trkpt lat="48.1242420" lon="17.1244530">
    <ele>137.2</ele>
    <time>2025-09-30T18:19:51Z</time>
   </trkpt>
   <trkpt lat="48.1242430" lon="17.1244530">
    <ele>137.2</ele>
    <time>2025-09-30T18:19:52Z</time>
   </trkpt>
   <trkpt lat="48.1242440" lon="17.1244520">
    <ele>137.2</ele>
    <time>2025-09-30T18:19:53Z</time>
   </trkpt>
   <trkpt lat="48.1242440" lon="17.1244530">
    <ele>137.2</ele>
    <time>2025-09-30T18:19:54Z</time>
   </trkpt>
   <trkpt lat="48.1242440" lon="17.1244570">
    <ele>137.2</ele>
    <time>2025-09-30T18:19:55Z</time>
   </trkpt>
   <trkpt lat="48.1242440" lon="17.1244600">
    <ele>137.2</ele>
    <time>2025-09-30T18:19:56Z</time>
   </trkpt>
   <trkpt lat="48.1242420" lon="17.1244610">
    <ele>137.2</ele>
    <time>2025-09-30T18:19:57Z</time>
   </trkpt>
   <trkpt lat="48.1242400" lon="17.1244600">
    <ele>137.2</ele>
    <time>2025-09-30T18:19:58Z</time>
   </trkpt>
   <trkpt lat="48.1242380" lon="17.1244590">
    <ele>137.2</ele>
    <time>2025-09-30T18:19:59Z</time>
   </trkpt>
   <trkpt lat="48.1242360" lon="17.1244580">
    <ele>137.2</ele>
    <time>2025-09-30T18:20:00Z</time>
   </trkpt>
   <trkpt lat="48.1242360" lon="17.1244570">
    <ele>137.2</ele>
    <time>2025-09-30T18:20:01Z</time>
   </trkpt>
   <trkpt lat="48.1242340" lon="17.1244550">
    <ele>137.2</ele>
    <time>2025-09-30T18:20:02Z</time>
   </trkpt>
   <trkpt lat="48.1242310" lon="17.1244540">
    <ele>137.2</ele>
    <time>2025-09-30T18:20:03Z</time>
   </trkpt>
   <trkpt lat="48.1242270" lon="17.1244540">
    <ele>137.2</ele>
    <time>2025-09-30T18:20:04Z</time>
   </trkpt>
   <trkpt lat="48.1242170" lon="17.1244520">
    <ele>137.2</ele>
    <time>2025-09-30T18:20:06Z</time>
   </trkpt>
   <trkpt lat="48.1242020" lon="17.1244530">
    <ele>137.2</ele>
    <time>2025-09-30T18:20:07Z</time>
   </trkpt>
   <trkpt lat="48.1241870" lon="17.1244540">
    <ele>137.2</ele>
    <time>2025-09-30T18:20:08Z</time>
   </trkpt>
   <trkpt lat="48.1241800" lon="17.1244610">
    <ele>137.2</ele>
    <time>2025-09-30T18:20:09Z</time>
   </trkpt>
   <trkpt lat="48.1241700" lon="17.1244660">
    <ele>137.3</ele>
    <time>2025-09-30T18:20:10Z</time>
   </trkpt>
   <trkpt lat="48.1241590" lon="17.1244680">
    <ele>137.3</ele>
    <time>2025-09-30T18:20:11Z</time>
   </trkpt>
   <trkpt lat="48.1241520" lon="17.1244730">
    <ele>137.3</ele>
    <time>2025-09-30T18:20:12Z</time>
   </trkpt>
   <trkpt lat="48.1241460" lon="17.1244810">
    <ele>137.3</ele>
    <time>2025-09-30T18:20:13Z</time>
   </trkpt>
   <trkpt lat="48.1241420" lon="17.1244920">
    <ele>137.3</ele>
    <time>2025-09-30T18:20:14Z</time>
   </trkpt>
   <trkpt lat="48.1241370" lon="17.1244990">
    <ele>137.3</ele>
    <time>2025-09-30T18:20:15Z</time>
   </trkpt>
   <trkpt lat="48.1241370" lon="17.1245050">
    <ele>137.3</ele>
    <time>2025-09-30T18:20:16Z</time>
   </trkpt>
   <trkpt lat="48.1241370" lon="17.1245100">
    <ele>137.3</ele>
    <time>2025-09-30T18:20:17Z</time>
   </trkpt>
   <trkpt lat="48.1241400" lon="17.1245070">
    <ele>137.3</ele>
    <time>2025-09-30T18:20:18Z</time>
   </trkpt>
   <trkpt lat="48.1241460" lon="17.1245000">
    <ele>137.3</ele>
    <time>2025-09-30T18:20:19Z</time>
   </trkpt>
   <trkpt lat="48.1241470" lon="17.1244980">
    <ele>137.3</ele>
    <time>2025-09-30T18:20:20Z</time>
   </trkpt>
   <trkpt lat="48.1241470" lon="17.1244980">
    <ele>137.3</ele>
    <time>2025-09-30T18:20:21Z</time>
   </trkpt>
   <trkpt lat="48.1241420" lon="17.1245060">
    <ele>137.3</ele>
    <time>2025-09-30T18:20:22Z</time>
   </trkpt>
   <trkpt lat="48.1241300" lon="17.1245180">
    <ele>137.3</ele>
    <time>2025-09-30T18:20:23Z</time>
   </trkpt>
   <trkpt lat="48.1241210" lon="17.1245300">
    <ele>137.3</ele>
    <time>2025-09-30T18:20:24Z</time>
   </trkpt>
   <trkpt lat="48.1241160" lon="17.1245400">
    <ele>137.3</ele>
    <time>2025-09-30T18:20:25Z</time>
   </trkpt>
   <trkpt lat="48.1241110" lon="17.1245460">
    <ele>137.3</ele>
    <time>2025-09-30T18:20:26Z</time>
   </trkpt>
   <trkpt lat="48.1241070" lon="17.1245430">
    <ele>137.3</ele>
    <time>2025-09-30T18:20:27Z</time>
   </trkpt>
   <trkpt lat="48.1241020" lon="17.1245330">
    <ele>137.3</ele>
    <time>2025-09-30T18:20:28Z</time>
   </trkpt>
   <trkpt lat="48.1240990" lon="17.1245310">
    <ele>137.3</ele>
    <time>2025-09-30T18:20:29Z</time>
   </trkpt>
   <trkpt lat="48.1240970" lon="17.1245310">
    <ele>137.3</ele>
    <time>2025-09-30T18:20:30Z</time>
   </trkpt>
   <trkpt lat="48.1240940" lon="17.1245340">
    <ele>137.3</ele>
    <time>2025-09-30T18:20:31Z</time>
   </trkpt>
   <trkpt lat="48.1240930" lon="17.1245320">
    <ele>137.3</ele>
    <time>2025-09-30T18:20:32Z</time>
   </trkpt>
   <trkpt lat="48.1240900" lon="17.1245270">
    <ele>137.3</ele>
    <time>2025-09-30T18:20:33Z</time>
   </trkpt>
   <trkpt lat="48.1240740" lon="17.1245240">
    <ele>137.4</ele>
    <time>2025-09-30T18:20:34Z</time>
   </trkpt>
   <trkpt lat="48.1240630" lon="17.1245240">
    <ele>137.4</ele>
    <time>2025-09-30T18:20:36Z</time>
   </trkpt>
   <trkpt lat="48.1240520" lon="17.1245230">
    <ele>137.4</ele>
    <time>2025-09-30T18:20:37Z</time>
   </trkpt>
   <trkpt lat="48.1240410" lon="17.1245180">
    <ele>137.4</ele>
    <time>2025-09-30T18:20:38Z</time>
   </trkpt>
   <trkpt lat="48.1240300" lon="17.1245170">
    <ele>137.4</ele>
    <time>2025-09-30T18:20:39Z</time>
   </trkpt>
   <trkpt lat="48.1240200" lon="17.1245220">
    <ele>137.4</ele>
    <time>2025-09-30T18:20:40Z</time>
   </trkpt>
   <trkpt lat="48.1240120" lon="17.1245330">
    <ele>137.4</ele>
    <time>2025-09-30T18:20:41Z</time>
   </trkpt>
   <trkpt lat="48.1240030" lon="17.1245410">
    <ele>137.4</ele>
    <time>2025-09-30T18:20:42Z</time>
   </trkpt>
   <trkpt lat="48.1239940" lon="17.1245540">
    <ele>137.4</ele>
    <time>2025-09-30T18:20:43Z</time>
   </trkpt>
   <trkpt lat="48.1239860" lon="17.1245690">
    <ele>137.4</ele>
    <time>2025-09-30T18:20:44Z</time>
   </trkpt>
   <trkpt lat="48.1239740" lon="17.1245970">
    <ele>137.4</ele>
    <time>2025-09-30T18:20:45Z</time>
   </trkpt>
   <trkpt lat="48.1239590" lon="17.1246220">
    <ele>137.4</ele>
    <time>2025-09-30T18:20:46Z</time>
   </trkpt>
   <trkpt lat="48.1239530" lon="17.1246290">
    <ele>137.5</ele>
    <time>2025-09-30T18:20:47Z</time>
   </trkpt>
   <trkpt lat="48.1239470" lon="17.1246370">
    <ele>137.5</ele>
    <time>2025-09-30T18:20:48Z</time>
   </trkpt>
   <trkpt lat="48.1239400" lon="17.1246490">
    <ele>137.5</ele>
    <time>2025-09-30T18:20:49Z</time>
   </trkpt>
   <trkpt lat="48.1239320" lon="17.1246660">
    <ele>137.5</ele>
    <time>2025-09-30T18:20:50Z</time>
   </trkpt>
   <trkpt lat="48.1239260" lon="17.1246780">
    <ele>137.5</ele>
    <time>2025-09-30T18:20:51Z</time>
   </trkpt>
   <trkpt lat="48.1239200" lon="17.1246880">
    <ele>137.5</ele>
    <time>2025-09-30T18:20:52Z</time>
   </trkpt>
   <trkpt lat="48.1239180" lon="17.1246950">
    <ele>137.5</ele>
    <time>2025-09-30T18:20:53Z</time>
   </trkpt>
   <trkpt lat="48.1239110" lon="17.1246960">
    <ele>137.5</ele>
    <time>2025-09-30T18:20:54Z</time>
   </trkpt>
   <trkpt lat="48.1239070" lon="17.1246920">
    <ele>137.5</ele>
    <time>2025-09-30T18:20:55Z</time>
   </trkpt>
   <trkpt lat="48.1239050" lon="17.1246850">
    <ele>137.5</ele>
    <time>2025-09-30T18:20:56Z</time>
   </trkpt>
   <trkpt lat="48.1239060" lon="17.1246790">
    <ele>137.5</ele>
    <time>2025-09-30T18:20:57Z</time>
   </trkpt>
   <trkpt lat="48.1239070" lon="17.1246770">
    <ele>137.5</ele>
    <time>2025-09-30T18:20:58Z</time>
   </trkpt>
   <trkpt lat="48.1239090" lon="17.1246770">
    <ele>137.5</ele>
    <time>2025-09-30T18:20:59Z</time>
   </trkpt>
   <trkpt lat="48.1239100" lon="17.1246790">
    <ele>137.5</ele>
    <time>2025-09-30T18:21:00Z</time>
   </trkpt>
   <trkpt lat="48.1239120" lon="17.1246800">
    <ele>137.5</ele>
    <time>2025-09-30T18:21:01Z</time>
   </trkpt>
   <trkpt lat="48.1239110" lon="17.1246860">
    <ele>137.5</ele>
    <time>2025-09-30T18:21:02Z</time>
   </trkpt>
   <trkpt lat="48.1239090" lon="17.1246910">
    <ele>137.5</ele>
    <time>2025-09-30T18:21:03Z</time>
   </trkpt>
   <trkpt lat="48.1239070" lon="17.1246950">
    <ele>137.5</ele>
    <time>2025-09-30T18:21:04Z</time>
   </trkpt>
   <trkpt lat="48.1239060" lon="17.1246980">
    <ele>137.5</ele>
    <time>2025-09-30T18:21:05Z</time>
   </trkpt>
   <trkpt lat="48.1239050" lon="17.1246990">
    <ele>137.5</ele>
    <time>2025-09-30T18:21:06Z</time>
   </trkpt>
   <trkpt lat="48.1239040" lon="17.1247000">
    <ele>137.5</ele>
    <time>2025-09-30T18:21:07Z</time>
   </trkpt>
   <trkpt lat="48.1239040" lon="17.1247000">
    <ele>137.5</ele>
    <time>2025-09-30T18:21:08Z</time>
   </trkpt>
   <trkpt lat="48.1239030" lon="17.1247010">
    <ele>137.5</ele>
    <time>2025-09-30T18:21:09Z</time>
   </trkpt>
   <trkpt lat="48.1238970" lon="17.1247030">
    <ele>137.5</ele>
    <time>2025-09-30T18:21:10Z</time>
   </trkpt>
   <trkpt lat="48.1238890" lon="17.1247060">
    <ele>137.5</ele>
    <time>2025-09-30T18:21:11Z</time>
   </trkpt>
   <trkpt lat="48.1238730" lon="17.1247040">
    <ele>137.5</ele>
    <time>2025-09-30T18:21:12Z</time>
   </trkpt>
   <trkpt lat="48.1238580" lon="17.1246990">
    <ele>137.5</ele>
    <time>2025-09-30T18:21:13Z</time>
   </trkpt>
   <trkpt lat="48.1238430" lon="17.1246870">
    <ele>137.5</ele>
    <time>2025-09-30T18:21:14Z</time>
   </trkpt>
   <trkpt lat="48.1238300" lon="17.1246710">
    <ele>137.5</ele>
    <time>2025-09-30T18:21:15Z</time>
   </trkpt>
   <trkpt lat="48.1238200" lon="17.1246580">
    <ele>137.5</ele>
    <time>2025-09-30T18:21:16Z</time>
   </trkpt>
   <trkpt lat="48.1238080" lon="17.1246400">
    <ele>137.5</ele>
    <time>2025-09-30T18:21:17Z</time>
   </trkpt>
   <trkpt lat="48.1237970" lon="17.1246280">
    <ele>137.5</ele>
    <time>2025-09-30T18:21:18Z</time>
   </trkpt>
   <trkpt lat="48.1237880" lon="17.1246220">
    <ele>137.5</ele>
    <time>2025-09-30T18:21:19Z</time>
   </trkpt>
   <trkpt lat="48.1237770" lon="17.1246190">
    <ele>137.4</ele>
    <time>2025-09-30T18:21:20Z</time>
   </trkpt>
   <trkpt lat="48.1237660" lon="17.1246180">
    <ele>137.4</ele>
    <time>2025-09-30T18:21:21Z</time>
   </trkpt>
   <trkpt lat="48.1237560" lon="17.1246190">
    <ele>137.4</ele>
    <time>2025-09-30T18:21:22Z</time>
   </trkpt>
   <trkpt lat="48.1237460" lon="17.1246210">
    <ele>137.4</ele>
    <time>2025-09-30T18:21:23Z</time>
   </trkpt>
   <trkpt lat="48.1237350" lon="17.1246260">
    <ele>137.4</ele>
    <time>2025-09-30T18:21:24Z</time>
   </trkpt>
   <trkpt lat="48.1237260" lon="17.1246330">
    <ele>137.4</ele>
    <time>2025-09-30T18:21:25Z</time>
   </trkpt>
   <trkpt lat="48.1237220" lon="17.1246400">
    <ele>137.4</ele>
    <time>2025-09-30T18:21:26Z</time>
   </trkpt>
   <trkpt lat="48.1237190" lon="17.1246440">
    <ele>137.4</ele>
    <time>2025-09-30T18:21:27Z</time>
   </trkpt>
   <trkpt lat="48.1237170" lon="17.1246480">
    <ele>137.4</ele>
    <time>2025-09-30T18:21:28Z</time>
   </trkpt>
   <trkpt lat="48.1237140" lon="17.1246480">
    <ele>137.4</ele>
    <time>2025-09-30T18:21:29Z</time>
   </trkpt>
   <trkpt lat="48.1237120" lon="17.1246440">
    <ele>137.4</ele>
    <time>2025-09-30T18:21:30Z</time>
   </trkpt>
   <trkpt lat="48.1237110" lon="17.1246400">
    <ele>137.4</ele>
    <time>2025-09-30T18:21:31Z</time>
   </trkpt>
   <trkpt lat="48.1237110" lon="17.1246360">
    <ele>137.4</ele>
    <time>2025-09-30T18:21:32Z</time>
   </trkpt>
   <trkpt lat="48.1237120" lon="17.1246330">
    <ele>137.4</ele>
    <time>2025-09-30T18:21:33Z</time>
   </trkpt>
   <trkpt lat="48.1237120" lon="17.1246300">
    <ele>137.4</ele>
    <time>2025-09-30T18:21:34Z</time>
   </trkpt>
   <trkpt lat="48.1237120" lon="17.1246270">
    <ele>137.4</ele>
    <time>2025-09-30T18:21:35Z</time>
   </trkpt>
   <trkpt lat="48.1237110" lon="17.1246260">
    <ele>137.4</ele>
    <time>2025-09-30T18:21:36Z</time>
   </trkpt>
   <trkpt lat="48.1237110" lon="17.1246240">
    <ele>137.4</ele>
    <time>2025-09-30T18:21:37Z</time>
   </trkpt>
   <trkpt lat="48.1237100" lon="17.1246230">
    <ele>137.4</ele>
    <time>2025-09-30T18:21:38Z</time>
   </trkpt>
   <trkpt lat="48.1237060" lon="17.1246230">
    <ele>137.4</ele>
    <time>2025-09-30T18:21:39Z</time>
   </trkpt>
   <trkpt lat="48.1237050" lon="17.1246220">
    <ele>137.4</ele>
    <time>2025-09-30T18:21:40Z</time>
   </trkpt>
   <trkpt lat="48.1237050" lon="17.1246210">
    <ele>137.4</ele>
    <time>2025-09-30T18:21:41Z</time>
   </trkpt>
   <trkpt lat="48.1237040" lon="17.1246200">
    <ele>137.4</ele>
    <time>2025-09-30T18:21:42Z</time>
   </trkpt>
   <trkpt lat="48.1237040" lon="17.1246170">
    <ele>137.4</ele>
    <time>2025-09-30T18:21:43Z</time>
   </trkpt>
   <trkpt lat="48.1237040" lon="17.1246160">
    <ele>137.4</ele>
    <time>2025-09-30T18:21:44Z</time>
   </trkpt>
   <trkpt lat="48.1237040" lon="17.1246150">
    <ele>137.4</ele>
    <time>2025-09-30T18:21:45Z</time>
   </trkpt>
   <trkpt lat="48.1237040" lon="17.1246140">
    <ele>137.4</ele>
    <time>2025-09-30T18:21:46Z</time>
   </trkpt>
   <trkpt lat="48.1237040" lon="17.1246130">
    <ele>137.4</ele>
    <time>2025-09-30T18:21:47Z</time>
   </trkpt>
   <trkpt lat="48.1237030" lon="17.1246140">
    <ele>137.4</ele>
    <time>2025-09-30T18:21:48Z</time>
   </trkpt>
   <trkpt lat="48.1237030" lon="17.1246060">
    <ele>137.4</ele>
    <time>2025-09-30T18:21:49Z</time>
   </trkpt>
   <trkpt lat="48.1236980" lon="17.1245980">
    <ele>137.4</ele>
    <time>2025-09-30T18:21:50Z</time>
   </trkpt>
   <trkpt lat="48.1236960" lon="17.1245900">
    <ele>137.4</ele>
    <time>2025-09-30T18:21:51Z</time>
   </trkpt>
   <trkpt lat="48.1236980" lon="17.1245840">
    <ele>137.4</ele>
    <time>2025-09-30T18:21:52Z</time>
   </trkpt>
   <trkpt lat="48.1236990" lon="17.1245820">
    <ele>137.4</ele>
    <time>2025-09-30T18:21:53Z</time>
   </trkpt>
   <trkpt lat="48.1236990" lon="17.1245820">
    <ele>137.4</ele>
    <time>2025-09-30T18:21:54Z</time>
   </trkpt>
   <trkpt lat="48.1236990" lon="17.1245820">
    <ele>137.4</ele>
    <time>2025-09-30T18:21:55Z</time>
   </trkpt>
   <trkpt lat="48.1237000" lon="17.1245810">
    <ele>137.4</ele>
    <time>2025-09-30T18:21:56Z</time>
   </trkpt>
   <trkpt lat="48.1237000" lon="17.1245810">
    <ele>137.4</ele>
    <time>2025-09-30T18:21:57Z</time>
   </trkpt>
   <trkpt lat="48.1237000" lon="17.1245820">
    <ele>137.4</ele>
    <time>2025-09-30T18:21:58Z</time>
   </trkpt>
   <trkpt lat="48.1237000" lon="17.1245820">
    <ele>137.4</ele>
    <time>2025-09-30T18:21:59Z</time>
   </trkpt>
   <trkpt lat="48.1237000" lon="17.1245820">
    <ele>137.4</ele>
    <time>2025-09-30T18:22:00Z</time>
   </trkpt>
   <trkpt lat="48.1237000" lon="17.1245820">
    <ele>137.4</ele>
    <time>2025-09-30T18:22:01Z</time>
   </trkpt>
   <trkpt lat="48.1237000" lon="17.1245820">
    <ele>137.4</ele>
    <time>2025-09-30T18:22:02Z</time>
   </trkpt>
   <trkpt lat="48.1237000" lon="17.1245820">
    <ele>137.4</ele>
    <time>2025-09-30T18:22:03Z</time>
   </trkpt>
   <trkpt lat="48.1237000" lon="17.1245820">
    <ele>137.4</ele>
    <time>2025-09-30T18:22:04Z</time>
   </trkpt>
   <trkpt lat="48.1237000" lon="17.1245820">
    <ele>137.4</ele>
    <time>2025-09-30T18:22:05Z</time>
   </trkpt>
   <trkpt lat="48.1237000" lon="17.1245820">
    <ele>137.4</ele>
    <time>2025-09-30T18:22:06Z</time>
   </trkpt>
   <trkpt lat="48.1237000" lon="17.1245820">
    <ele>137.4</ele>
    <time>2025-09-30T18:22:07Z</time>
   </trkpt>
   <trkpt lat="48.1237000" lon="17.1245820">
    <ele>137.4</ele>
    <time>2025-09-30T18:22:08Z</time>
   </trkpt>
   <trkpt lat="48.1237000" lon="17.1245820">
    <ele>137.4</ele>
    <time>2025-09-30T18:22:09Z</time>
   </trkpt>
   <trkpt lat="48.1237000" lon="17.1245790">
    <ele>137.4</ele>
    <time>2025-09-30T18:22:10Z</time>
   </trkpt>
   <trkpt lat="48.1237070" lon="17.1245770">
    <ele>137.4</ele>
    <time>2025-09-30T18:22:11Z</time>
   </trkpt>
   <trkpt lat="48.1237130" lon="17.1245700">
    <ele>137.4</ele>
    <time>2025-09-30T18:22:12Z</time>
   </trkpt>
   <trkpt lat="48.1237120" lon="17.1245820">
    <ele>137.3</ele>
    <time>2025-09-30T18:22:13Z</time>
   </trkpt>
   <trkpt lat="48.1237130" lon="17.1245820">
    <ele>137.3</ele>
    <time>2025-09-30T18:22:14Z</time>
   </trkpt>
   <trkpt lat="48.1237140" lon="17.1245750">
    <ele>137.3</ele>
    <time>2025-09-30T18:22:15Z</time>
   </trkpt>
   <trkpt lat="48.1237120" lon="17.1245720">
    <ele>137.3</ele>
    <time>2025-09-30T18:22:16Z</time>
   </trkpt>
   <trkpt lat="48.1237090" lon="17.1245670">
    <ele>137.3</ele>
    <time>2025-09-30T18:22:17Z</time>
   </trkpt>
   <trkpt lat="48.1237080" lon="17.1245640">
    <ele>137.3</ele>
    <time>2025-09-30T18:22:18Z</time>
   </trkpt>
   <trkpt lat="48.1237080" lon="17.1245630">
    <ele>137.3</ele>
    <time>2025-09-30T18:22:19Z</time>
   </trkpt>
   <trkpt lat="48.1237080" lon="17.1245630">
    <ele>137.3</ele>
    <time>2025-09-30T18:22:20Z</time>
   </trkpt>
   <trkpt lat="48.1237090" lon="17.1245640">
    <ele>137.3</ele>
    <time>2025-09-30T18:22:21Z</time>
   </trkpt>
   <trkpt lat="48.1237100" lon="17.1245660">
    <ele>137.3</ele>
    <time>2025-09-30T18:22:22Z</time>
   </trkpt>
   <trkpt lat="48.1237080" lon="17.1245560">
    <ele>137.3</ele>
    <time>2025-09-30T18:22:23Z</time>
   </trkpt>
   <trkpt lat="48.1237060" lon="17.1245350">
    <ele>137.3</ele>
    <time>2025-09-30T18:22:24Z</time>
   </trkpt>
   <trkpt lat="48.1237270" lon="17.1245310">
    <ele>137.3</ele>
    <time>2025-09-30T18:22:25Z</time>
   </trkpt>
   <trkpt lat="48.1237400" lon="17.1245360">
    <ele>137.3</ele>
    <time>2025-09-30T18:22:26Z</time>
   </trkpt>
   <trkpt lat="48.1237520" lon="17.1245410">
    <ele>137.3</ele>
    <time>2025-09-30T18:22:27Z</time>
   </trkpt>
   <trkpt lat="48.1237680" lon="17.1245520">
    <ele>137.3</ele>
    <time>2025-09-30T18:22:28Z</time>
   </trkpt>
   <trkpt lat="48.1237800" lon="17.1245370">
    <ele>137.3</ele>
    <time>2025-09-30T18:22:29Z</time>
   </trkpt>
   <trkpt lat="48.1237920" lon="17.1245340">
    <ele>137.3</ele>
    <time>2025-09-30T18:22:30Z</time>
   </trkpt>
   <trkpt lat="48.1238030" lon="17.1245310">
    <ele>137.3</ele>
    <time>2025-09-30T18:22:31Z</time>
   </trkpt>
   <trkpt lat="48.1238020" lon="17.1245140">
    <ele>137.3</ele>
    <time>2025-09-30T18:22:32Z</time>
   </trkpt>
   <trkpt lat="48.1237900" lon="17.1245120">
    <ele>137.3</ele>
    <time>2025-09-30T18:22:33Z</time>
   </trkpt>
   <trkpt lat="48.1237780" lon="17.1245090">
    <ele>137.3</ele>
    <time>2025-09-30T18:22:34Z</time>
   </trkpt>
   <trkpt lat="48.1237720" lon="17.1244990">
    <ele>137.3</ele>
    <time>2025-09-30T18:22:35Z</time>
   </trkpt>
   <trkpt lat="48.1237700" lon="17.1244980">
    <ele>137.3</ele>
    <time>2025-09-30T18:22:36Z</time>
   </trkpt>
   <trkpt lat="48.1237770" lon="17.1244900">
    <ele>137.3</ele>
    <time>2025-09-30T18:22:37Z</time>
   </trkpt>
   <trkpt lat="48.1237910" lon="17.1245000">
    <ele>137.3</ele>
    <time>2025-09-30T18:22:38Z</time>
   </trkpt>
   <trkpt lat="48.1237990" lon="17.1245100">
    <ele>137.3</ele>
    <time>2025-09-30T18:22:39Z</time>
   </trkpt>
   <trkpt lat="48.1238080" lon="17.1245170">
    <ele>137.3</ele>
    <time>2025-09-30T18:22:40Z</time>
   </trkpt>
   <trkpt lat="48.1238160" lon="17.1245210">
    <ele>137.3</ele>
    <time>2025-09-30T18:22:41Z</time>
   </trkpt>
   <trkpt lat="48.1238240" lon="17.1245210">
    <ele>137.3</ele>
    <time>2025-09-30T18:22:42Z</time>
   </trkpt>
   <trkpt lat="48.1238340" lon="17.1245190">
    <ele>137.3</ele>
    <time>2025-09-30T18:22:43Z</time>
   </trkpt>
   <trkpt lat="48.1238400" lon="17.1245100">
    <ele>137.3</ele>
    <time>2025-09-30T18:22:44Z</time>
   </trkpt>
   <trkpt lat="48.1238460" lon="17.1245120">
    <ele>137.3</ele>
    <time>2025-09-30T18:22:45Z</time>
   </trkpt>
   <trkpt lat="48.1238500" lon="17.1245100">
    <ele>137.3</ele>
    <time>2025-09-30T18:22:46Z</time>
   </trkpt>
   <trkpt lat="48.1238520" lon="17.1245090">
    <ele>137.3</ele>
    <time>2025-09-30T18:22:47Z</time>
   </trkpt>
   <trkpt lat="48.1238530" lon="17.1245070">
    <ele>137.3</ele>
    <time>2025-09-30T18:22:48Z</time>
   </trkpt>
   <trkpt lat="48.1238560" lon="17.1245060">
    <ele>137.3</ele>
    <time>2025-09-30T18:22:49Z</time>
   </trkpt>
   <trkpt lat="48.1238600" lon="17.1245040">
    <ele>137.3</ele>
    <time>2025-09-30T18:22:50Z</time>
   </trkpt>
   <trkpt lat="48.1238680" lon="17.1245020">
    <ele>137.3</ele>
    <time>2025-09-30T18:22:51Z</time>
   </trkpt>
   <trkpt lat="48.1238780" lon="17.1244990">
    <ele>137.3</ele>
    <time>2025-09-30T18:22:52Z</time>
   </trkpt>
   <trkpt lat="48.1238870" lon="17.1244940">
    <ele>137.3</ele>
    <time>2025-09-30T18:22:53Z</time>
   </trkpt>
   <trkpt lat="48.1239010" lon="17.1244880">
    <ele>137.3</ele>
    <time>2025-09-30T18:22:54Z</time>
   </trkpt>
   <trkpt lat="48.1239100" lon="17.1244360">
    <ele>137.3</ele>
    <time>2025-09-30T18:22:56Z</time>
   </trkpt>
   <trkpt lat="48.1239140" lon="17.1244260">
    <ele>137.3</ele>
    <time>2025-09-30T18:22:58Z</time>
   </trkpt>
   <trkpt lat="48.1239210" lon="17.1244130">
    <ele>137.3</ele>
    <time>2025-09-30T18:22:59Z</time>
   </trkpt>
   <trkpt lat="48.1239280" lon="17.1244050">
    <ele>137.3</ele>
    <time>2025-09-30T18:23:00Z</time>
   </trkpt>
   <trkpt lat="48.1239350" lon="17.1243980">
    <ele>137.3</ele>
    <time>2025-09-30T18:23:01Z</time>
   </trkpt>
   <trkpt lat="48.1239420" lon="17.1243890">
    <ele>137.3</ele>
    <time>2025-09-30T18:23:02Z</time>
   </trkpt>
   <trkpt lat="48.1239490" lon="17.1243800">
    <ele>137.3</ele>
    <time>2025-09-30T18:23:03Z</time>
   </trkpt>
   <trkpt lat="48.1239560" lon="17.1243740">
    <ele>137.3</ele>
    <time>2025-09-30T18:23:04Z</time>
   </trkpt>
   <trkpt lat="48.1239660" lon="17.1243430">
    <ele>137.2</ele>
    <time>2025-09-30T18:23:05Z</time>
   </trkpt>
   <trkpt lat="48.1239680" lon="17.1243330">
    <ele>137.2</ele>
    <time>2025-09-30T18:23:06Z</time>
   </trkpt>
   <trkpt lat="48.1239700" lon="17.1243230">
    <ele>137.2</ele>
    <time>2025-09-30T18:23:07Z</time>
   </trkpt>
   <trkpt lat="48.1239730" lon="17.1243020">
    <ele>137.2</ele>
    <time>2025-09-30T18:23:08Z</time>
   </trkpt>
   <trkpt lat="48.1239780" lon="17.1242830">
    <ele>137.2</ele>
    <time>2025-09-30T18:23:09Z</time>
   </trkpt>
   <trkpt lat="48.1239820" lon="17.1242700">
    <ele>137.1</ele>
    <time>2025-09-30T18:23:10Z</time>
   </trkpt>
   <trkpt lat="48.1239870" lon="17.1242540">
    <ele>137.0</ele>
    <time>2025-09-30T18:23:11Z</time>
   </trkpt>
   <trkpt lat="48.1239910" lon="17.1242390">
    <ele>137.0</ele>
    <time>2025-09-30T18:23:12Z</time>
   </trkpt>
   <trkpt lat="48.1239880" lon="17.1242280">
    <ele>137.0</ele>
    <time>2025-09-30T18:23:13Z</time>
   </trkpt>
   <trkpt lat="48.1239830" lon="17.1242170">
    <ele>136.9</ele>
    <time>2025-09-30T18:23:14Z</time>
   </trkpt>
   <trkpt lat="48.1239830" lon="17.1242030">
    <ele>136.9</ele>
    <time>2025-09-30T18:23:15Z</time>
   </trkpt>
   <trkpt lat="48.1239850" lon="17.1241890">
    <ele>136.9</ele>
    <time>2025-09-30T18:23:16Z</time>
   </trkpt>
   <trkpt lat="48.1239900" lon="17.1241770">
    <ele>136.8</ele>
    <time>2025-09-30T18:23:17Z</time>
   </trkpt>
   <trkpt lat="48.1239930" lon="17.1241600">
    <ele>136.8</ele>
    <time>2025-09-30T18:23:18Z</time>
   </trkpt>
   <trkpt lat="48.1239950" lon="17.1241460">
    <ele>136.8</ele>
    <time>2025-09-30T18:23:19Z</time>
   </trkpt>
   <trkpt lat="48.1239910" lon="17.1241220">
    <ele>136.7</ele>
    <time>2025-09-30T18:23:20Z</time>
   </trkpt>
   <trkpt lat="48.1239870" lon="17.1241130">
    <ele>136.7</ele>
    <time>2025-09-30T18:23:21Z</time>
   </trkpt>
   <trkpt lat="48.1239840" lon="17.1241030">
    <ele>136.7</ele>
    <time>2025-09-30T18:23:22Z</time>
   </trkpt>
   <trkpt lat="48.1239800" lon="17.1240940">
    <ele>136.7</ele>
    <time>2025-09-30T18:23:23Z</time>
   </trkpt>
   <trkpt lat="48.1239680" lon="17.1240690">
    <ele>136.7</ele>
    <time>2025-09-30T18:23:24Z</time>
   </trkpt>
   <trkpt lat="48.1239610" lon="17.1240610">
    <ele>136.7</ele>
    <time>2025-09-30T18:23:25Z</time>
   </trkpt>
   <trkpt lat="48.1239540" lon="17.1240520">
    <ele>136.7</ele>
    <time>2025-09-30T18:23:26Z</time>
   </trkpt>
   <trkpt lat="48.1239470" lon="17.1240410">
    <ele>136.7</ele>
    <time>2025-09-30T18:23:27Z</time>
   </trkpt>
   <trkpt lat="48.1239400" lon="17.1240300">
    <ele>136.7</ele>
    <time>2025-09-30T18:23:28Z</time>
   </trkpt>
   <trkpt lat="48.1239320" lon="17.1240190">
    <ele>136.7</ele>
    <time>2025-09-30T18:23:29Z</time>
   </trkpt>
   <trkpt lat="48.1239230" lon="17.1240080">
    <ele>136.7</ele>
    <time>2025-09-30T18:23:30Z</time>
   </trkpt>
   <trkpt lat="48.1239140" lon="17.1240010">
    <ele>136.7</ele>
    <time>2025-09-30T18:23:31Z</time>
   </trkpt>
   <trkpt lat="48.1239020" lon="17.1239940">
    <ele>136.7</ele>
    <time>2025-09-30T18:23:32Z</time>
   </trkpt>
   <trkpt lat="48.1238820" lon="17.1239860">
    <ele>136.7</ele>
    <time>2025-09-30T18:23:33Z</time>
   </trkpt>
   <trkpt lat="48.1238740" lon="17.1239850">
    <ele>136.7</ele>
    <time>2025-09-30T18:23:34Z</time>
   </trkpt>
   <trkpt lat="48.1238670" lon="17.1239840">
    <ele>136.7</ele>
    <time>2025-09-30T18:23:35Z</time>
   </trkpt>
   <trkpt lat="48.1238560" lon="17.1239830">
    <ele>136.8</ele>
    <time>2025-09-30T18:23:36Z</time>
   </trkpt>
   <trkpt lat="48.1238460" lon="17.1239810">
    <ele>136.8</ele>
    <time>2025-09-30T18:23:37Z</time>
   </trkpt>
   <trkpt lat="48.1238360" lon="17.1239800">
    <ele>136.8</ele>
    <time>2025-09-30T18:23:38Z</time>
   </trkpt>
   <trkpt lat="48.1238260" lon="17.1239750">
    <ele>136.8</ele>
    <time>2025-09-30T18:23:39Z</time>
   </trkpt>
   <trkpt lat="48.1238160" lon="17.1239730">
    <ele>136.8</ele>
    <time>2025-09-30T18:23:40Z</time>
   </trkpt>
   <trkpt lat="48.1238060" lon="17.1239700">
    <ele>136.8</ele>
    <time>2025-09-30T18:23:41Z</time>
   </trkpt>
   <trkpt lat="48.1237980" lon="17.1239670">
    <ele>136.8</ele>
    <time>2025-09-30T18:23:42Z</time>
   </trkpt>
   <trkpt lat="48.1237860" lon="17.1239650">
    <ele>136.8</ele>
    <time>2025-09-30T18:23:43Z</time>
   </trkpt>
   <trkpt lat="48.1237780" lon="17.1239670">
    <ele>136.7</ele>
    <time>2025-09-30T18:23:44Z</time>
   </trkpt>
   <trkpt lat="48.1237660" lon="17.1239740">
    <ele>136.7</ele>
    <time>2025-09-30T18:23:45Z</time>
   </trkpt>
   <trkpt lat="48.1237550" lon="17.1239830">
    <ele>136.7</ele>
    <time>2025-09-30T18:23:46Z</time>
   </trkpt>
   <trkpt lat="48.1237450" lon="17.1239910">
    <ele>136.7</ele>
    <time>2025-09-30T18:23:47Z</time>
   </trkpt>
   <trkpt lat="48.1237430" lon="17.1239830">
    <ele>136.7</ele>
    <time>2025-09-30T18:23:48Z</time>
   </trkpt>
   <trkpt lat="48.1237440" lon="17.1239740">
    <ele>136.7</ele>
    <time>2025-09-30T18:23:49Z</time>
   </trkpt>
   <trkpt lat="48.1237470" lon="17.1239660">
    <ele>136.6</ele>
    <time>2025-09-30T18:23:50Z</time>
   </trkpt>
   <trkpt lat="48.1237480" lon="17.1239660">
    <ele>136.6</ele>
    <time>2025-09-30T18:23:51Z</time>
   </trkpt>
   <trkpt lat="48.1237480" lon="17.1239680">
    <ele>136.6</ele>
    <time>2025-09-30T18:23:52Z</time>
   </trkpt>
   <trkpt lat="48.1237480" lon="17.1239690">
    <ele>136.6</ele>
    <time>2025-09-30T18:23:53Z</time>
   </trkpt>
   <trkpt lat="48.1237480" lon="17.1239720">
    <ele>136.6</ele>
    <time>2025-09-30T18:23:54Z</time>
   </trkpt>
   <trkpt lat="48.1237480" lon="17.1239730">
    <ele>136.6</ele>
    <time>2025-09-30T18:23:55Z</time>
   </trkpt>
   <trkpt lat="48.1237490" lon="17.1239720">
    <ele>136.6</ele>
    <time>2025-09-30T18:23:56Z</time>
   </trkpt>
   <trkpt lat="48.1237480" lon="17.1239720">
    <ele>136.6</ele>
    <time>2025-09-30T18:23:57Z</time>
   </trkpt>
   <trkpt lat="48.1237410" lon="17.1239770">
    <ele>136.6</ele>
    <time>2025-09-30T18:23:58Z</time>
   </trkpt>
   <trkpt lat="48.1237320" lon="17.1239880">
    <ele>136.6</ele>
    <time>2025-09-30T18:23:59Z</time>
   </trkpt>
   <trkpt lat="48.1237240" lon="17.1239990">
    <ele>136.6</ele>
    <time>2025-09-30T18:24:00Z</time>
   </trkpt>
   <trkpt lat="48.1237150" lon="17.1240070">
    <ele>136.5</ele>
    <time>2025-09-30T18:24:01Z</time>
   </trkpt>
   <trkpt lat="48.1237010" lon="17.1240110">
    <ele>136.5</ele>
    <time>2025-09-30T18:24:02Z</time>
   </trkpt>
   <trkpt lat="48.1236900" lon="17.1240150">
    <ele>136.5</ele>
    <time>2025-09-30T18:24:03Z</time>
   </trkpt>
   <trkpt lat="48.1236790" lon="17.1240180">
    <ele>136.5</ele>
    <time>2025-09-30T18:24:04Z</time>
   </trkpt>
   <trkpt lat="48.1236660" lon="17.1240230">
    <ele>136.4</ele>
    <time>2025-09-30T18:24:05Z</time>
   </trkpt>
   <trkpt lat="48.1236560" lon="17.1240240">
    <ele>136.4</ele>
    <time>2025-09-30T18:24:06Z</time>
   </trkpt>
   <trkpt lat="48.1236460" lon="17.1240240">
    <ele>136.4</ele>
    <time>2025-09-30T18:24:07Z</time>
   </trkpt>
   <trkpt lat="48.1236320" lon="17.1240140">
    <ele>136.4</ele>
    <time>2025-09-30T18:24:08Z</time>
   </trkpt>
   <trkpt lat="48.1236210" lon="17.1239990">
    <ele>136.8</ele>
    <time>2025-09-30T18:24:09Z</time>
   </trkpt>
   <trkpt lat="48.1236060" lon="17.1239750">
    <ele>137.3</ele>
    <time>2025-09-30T18:24:10Z</time>
   </trkpt>
   <trkpt lat="48.1236020" lon="17.1239660">
    <ele>137.3</ele>
    <time>2025-09-30T18:24:11Z</time>
   </trkpt>
   <trkpt lat="48.1235970" lon="17.1239560">
    <ele>137.3</ele>
    <time>2025-09-30T18:24:12Z</time>
   </trkpt>
   <trkpt lat="48.1235920" lon="17.1239480">
    <ele>137.3</ele>
    <time>2025-09-30T18:24:13Z</time>
   </trkpt>
   <trkpt lat="48.1235880" lon="17.1239420">
    <ele>137.3</ele>
    <time>2025-09-30T18:24:14Z</time>
   </trkpt>
   <trkpt lat="48.1235880" lon="17.1239380">
    <ele>137.3</ele>
    <time>2025-09-30T18:24:15Z</time>
   </trkpt>
   <trkpt lat="48.1235870" lon="17.1239380">
    <ele>137.3</ele>
    <time>2025-09-30T18:24:16Z</time>
   </trkpt>
   <trkpt lat="48.1235850" lon="17.1239390">
    <ele>137.3</ele>
    <time>2025-09-30T18:24:17Z</time>
   </trkpt>
   <trkpt lat="48.1235820" lon="17.1239390">
    <ele>137.4</ele>
    <time>2025-09-30T18:24:18Z</time>
   </trkpt>
   <trkpt lat="48.1235810" lon="17.1239400">
    <ele>137.4</ele>
    <time>2025-09-30T18:24:19Z</time>
   </trkpt>
   <trkpt lat="48.1235810" lon="17.1239400">
    <ele>137.4</ele>
    <time>2025-09-30T18:24:20Z</time>
   </trkpt>
   <trkpt lat="48.1235810" lon="17.1239400">
    <ele>137.4</ele>
    <time>2025-09-30T18:24:21Z</time>
   </trkpt>
   <trkpt lat="48.1235770" lon="17.1239380">
    <ele>137.4</ele>
    <time>2025-09-30T18:24:22Z</time>
   </trkpt>
   <trkpt lat="48.1235740" lon="17.1239330">
    <ele>137.4</ele>
    <time>2025-09-30T18:24:23Z</time>
   </trkpt>
   <trkpt lat="48.1235690" lon="17.1239280">
    <ele>137.4</ele>
    <time>2025-09-30T18:24:24Z</time>
   </trkpt>
   <trkpt lat="48.1235640" lon="17.1239240">
    <ele>137.4</ele>
    <time>2025-09-30T18:24:25Z</time>
   </trkpt>
   <trkpt lat="48.1235620" lon="17.1239180">
    <ele>137.4</ele>
    <time>2025-09-30T18:24:26Z</time>
   </trkpt>
   <trkpt lat="48.1235580" lon="17.1239110">
    <ele>137.4</ele>
    <time>2025-09-30T18:24:27Z</time>
   </trkpt>
   <trkpt lat="48.1235570" lon="17.1239080">
    <ele>137.4</ele>
    <time>2025-09-30T18:24:28Z</time>
   </trkpt>
   <trkpt lat="48.1235560" lon="17.1239060">
    <ele>137.4</ele>
    <time>2025-09-30T18:24:29Z</time>
   </trkpt>
   <trkpt lat="48.1235550" lon="17.1239030">
    <ele>137.4</ele>
    <time>2025-09-30T18:24:30Z</time>
   </trkpt>
   <trkpt lat="48.1235550" lon="17.1239000">
    <ele>137.4</ele>
    <time>2025-09-30T18:24:31Z</time>
   </trkpt>
   <trkpt lat="48.1235540" lon="17.1238960">
    <ele>137.4</ele>
    <time>2025-09-30T18:24:32Z</time>
   </trkpt>
   <trkpt lat="48.1235530" lon="17.1238900">
    <ele>137.4</ele>
    <time>2025-09-30T18:24:33Z</time>
   </trkpt>
   <trkpt lat="48.1235530" lon="17.1238880">
    <ele>137.4</ele>
    <time>2025-09-30T18:24:34Z</time>
   </trkpt>
   <trkpt lat="48.1235520" lon="17.1238860">
    <ele>137.4</ele>
    <time>2025-09-30T18:24:35Z</time>
   </trkpt>
   <trkpt lat="48.1235510" lon="17.1238820">
    <ele>137.4</ele>
    <time>2025-09-30T18:24:36Z</time>
   </trkpt>
   <trkpt lat="48.1235510" lon="17.1238810">
    <ele>137.4</ele>
    <time>2025-09-30T18:24:37Z</time>
   </trkpt>
   <trkpt lat="48.1235510" lon="17.1238720">
    <ele>137.4</ele>
    <time>2025-09-30T18:24:38Z</time>
   </trkpt>
   <trkpt lat="48.1235490" lon="17.1238650">
    <ele>137.4</ele>
    <time>2025-09-30T18:24:39Z</time>
   </trkpt>
   <trkpt lat="48.1235450" lon="17.1238560">
    <ele>137.4</ele>
    <time>2025-09-30T18:24:40Z</time>
   </trkpt>
   <trkpt lat="48.1235400" lon="17.1238430">
    <ele>137.4</ele>
    <time>2025-09-30T18:24:41Z</time>
   </trkpt>
   <trkpt lat="48.1235360" lon="17.1238300">
    <ele>137.4</ele>
    <time>2025-09-30T18:24:42Z</time>
   </trkpt>
   <trkpt lat="48.1235310" lon="17.1238100">
    <ele>137.4</ele>
    <time>2025-09-30T18:24:43Z</time>
   </trkpt>
   <trkpt lat="48.1235250" lon="17.1237980">
    <ele>137.4</ele>
    <time>2025-09-30T18:24:44Z</time>
   </trkpt>
   <trkpt lat="48.1235180" lon="17.1237850">
    <ele>137.4</ele>
    <time>2025-09-30T18:24:45Z</time>
   </trkpt>
   <trkpt lat="48.1235110" lon="17.1237680">
    <ele>137.4</ele>
    <time>2025-09-30T18:24:46Z</time>
   </trkpt>
   <trkpt lat="48.1235040" lon="17.1237540">
    <ele>137.4</ele>
    <time>2025-09-30T18:24:47Z</time>
   </trkpt>
   <trkpt lat="48.1234910" lon="17.1237480">
    <ele>137.4</ele>
    <time>2025-09-30T18:24:48Z</time>
   </trkpt>
   <trkpt lat="48.1234810" lon="17.1237430">
    <ele>137.4</ele>
    <time>2025-09-30T18:24:49Z</time>
   </trkpt>
   <trkpt lat="48.1234730" lon="17.1237340">
    <ele>137.4</ele>
    <time>2025-09-30T18:24:50Z</time>
   </trkpt>
   <trkpt lat="48.1234650" lon="17.1237260">
    <ele>137.4</ele>
    <time>2025-09-30T18:24:51Z</time>
   </trkpt>
   <trkpt lat="48.1234580" lon="17.1237190">
    <ele>137.4</ele>
    <time>2025-09-30T18:24:52Z</time>
   </trkpt>
   <trkpt lat="48.1234520" lon="17.1237040">
    <ele>137.4</ele>
    <time>2025-09-30T18:24:53Z</time>
   </trkpt>
   <trkpt lat="48.1234520" lon="17.1236850">
    <ele>137.4</ele>
    <time>2025-09-30T18:24:54Z</time>
   </trkpt>
   <trkpt lat="48.1234530" lon="17.1236690">
    <ele>137.4</ele>
    <time>2025-09-30T18:24:55Z</time>
   </trkpt>
   <trkpt lat="48.1234530" lon="17.1236540">
    <ele>137.4</ele>
    <time>2025-09-30T18:24:56Z</time>
   </trkpt>
   <trkpt lat="48.1234500" lon="17.1236450">
    <ele>137.3</ele>
    <time>2025-09-30T18:24:57Z</time>
   </trkpt>
   <trkpt lat="48.1234470" lon="17.1236370">
    <ele>137.3</ele>
    <time>2025-09-30T18:24:58Z</time>
   </trkpt>
   <trkpt lat="48.1234430" lon="17.1236280">
    <ele>137.3</ele>
    <time>2025-09-30T18:24:59Z</time>
   </trkpt>
   <trkpt lat="48.1234360" lon="17.1236260">
    <ele>137.3</ele>
    <time>2025-09-30T18:25:00Z</time>
   </trkpt>
   <trkpt lat="48.1234280" lon="17.1236270">
    <ele>137.3</ele>
    <time>2025-09-30T18:25:01Z</time>
   </trkpt>
   <trkpt lat="48.1234180" lon="17.1236300">
    <ele>137.3</ele>
    <time>2025-09-30T18:25:02Z</time>
   </trkpt>
   <trkpt lat="48.1234080" lon="17.1236330">
    <ele>137.3</ele>
    <time>2025-09-30T18:25:03Z</time>
   </trkpt>
   <trkpt lat="48.1233970" lon="17.1236360">
    <ele>137.3</ele>
    <time>2025-09-30T18:25:04Z</time>
   </trkpt>
   <trkpt lat="48.1233900" lon="17.1236360">
    <ele>137.3</ele>
    <time>2025-09-30T18:25:05Z</time>
   </trkpt>
   <trkpt lat="48.1233810" lon="17.1236390">
    <ele>137.3</ele>
    <time>2025-09-30T18:25:06Z</time>
   </trkpt>
   <trkpt lat="48.1233720" lon="17.1236430">
    <ele>137.3</ele>
    <time>2025-09-30T18:25:07Z</time>
   </trkpt>
   <trkpt lat="48.1233620" lon="17.1236470">
    <ele>137.3</ele>
    <time>2025-09-30T18:25:08Z</time>
   </trkpt>
   <trkpt lat="48.1233530" lon="17.1236480">
    <ele>137.3</ele>
    <time>2025-09-30T18:25:09Z</time>
   </trkpt>
   <trkpt lat="48.1233440" lon="17.1236460">
    <ele>137.3</ele>
    <time>2025-09-30T18:25:10Z</time>
   </trkpt>
   <trkpt lat="48.1233350" lon="17.1236460">
    <ele>137.3</ele>
    <time>2025-09-30T18:25:11Z</time>
   </trkpt>
   <trkpt lat="48.1233250" lon="17.1236500">
    <ele>137.3</ele>
    <time>2025-09-30T18:25:12Z</time>
   </trkpt>
   <trkpt lat="48.1233200" lon="17.1236540">
    <ele>137.3</ele>
    <time>2025-09-30T18:25:13Z</time>
   </trkpt>
   <trkpt lat="48.1233100" lon="17.1236580">
    <ele>137.3</ele>
    <time>2025-09-30T18:25:14Z</time>
   </trkpt>
   <trkpt lat="48.1233010" lon="17.1236610">
    <ele>137.3</ele>
    <time>2025-09-30T18:25:15Z</time>
   </trkpt>
   <trkpt lat="48.1232910" lon="17.1236630">
    <ele>137.3</ele>
    <time>2025-09-30T18:25:16Z</time>
   </trkpt>
   <trkpt lat="48.1232830" lon="17.1236670">
    <ele>137.3</ele>
    <time>2025-09-30T18:25:17Z</time>
   </trkpt>
   <trkpt lat="48.1232750" lon="17.1236720">
    <ele>137.3</ele>
    <time>2025-09-30T18:25:18Z</time>
   </trkpt>
   <trkpt lat="48.1232690" lon="17.1236720">
    <ele>137.3</ele>
    <time>2025-09-30T18:25:19Z</time>
   </trkpt>
   <trkpt lat="48.1232640" lon="17.1236730">
    <ele>137.3</ele>
    <time>2025-09-30T18:25:20Z</time>
   </trkpt>
   <trkpt lat="48.1232580" lon="17.1236740">
    <ele>137.3</ele>
    <time>2025-09-30T18:25:21Z</time>
   </trkpt>
   <trkpt lat="48.1232630" lon="17.1236720">
    <ele>137.3</ele>
    <time>2025-09-30T18:25:22Z</time>
   </trkpt>
   <trkpt lat="48.1232640" lon="17.1236700">
    <ele>137.3</ele>
    <time>2025-09-30T18:25:23Z</time>
   </trkpt>
   <trkpt lat="48.1232650" lon="17.1236670">
    <ele>137.3</ele>
    <time>2025-09-30T18:25:24Z</time>
   </trkpt>
   <trkpt lat="48.1232650" lon="17.1236650">
    <ele>137.3</ele>
    <time>2025-09-30T18:25:25Z</time>
   </trkpt>
   <trkpt lat="48.1232630" lon="17.1236630">
    <ele>137.3</ele>
    <time>2025-09-30T18:25:26Z</time>
   </trkpt>
   <trkpt lat="48.1232610" lon="17.1236610">
    <ele>137.3</ele>
    <time>2025-09-30T18:25:27Z</time>
   </trkpt>
   <trkpt lat="48.1232600" lon="17.1236600">
    <ele>137.3</ele>
    <time>2025-09-30T18:25:28Z</time>
   </trkpt>
   <trkpt lat="48.1232580" lon="17.1236590">
    <ele>137.3</ele>
    <time>2025-09-30T18:25:29Z</time>
   </trkpt>
   <trkpt lat="48.1232570" lon="17.1236580">
    <ele>137.3</ele>
    <time>2025-09-30T18:25:30Z</time>
   </trkpt>
   <trkpt lat="48.1232560" lon="17.1236580">
    <ele>137.3</ele>
    <time>2025-09-30T18:25:31Z</time>
   </trkpt>
   <trkpt lat="48.1232550" lon="17.1236580">
    <ele>137.3</ele>
    <time>2025-09-30T18:25:32Z</time>
   </trkpt>
   <trkpt lat="48.1232530" lon="17.1236590">
    <ele>137.3</ele>
    <time>2025-09-30T18:25:33Z</time>
   </trkpt>
   <trkpt lat="48.1232530" lon="17.1236590">
    <ele>137.3</ele>
    <time>2025-09-30T18:25:34Z</time>
   </trkpt>
   <trkpt lat="48.1232550" lon="17.1236590">
    <ele>137.3</ele>
    <time>2025-09-30T18:25:35Z</time>
   </trkpt>
   <trkpt lat="48.1232550" lon="17.1236590">
    <ele>137.3</ele>
    <time>2025-09-30T18:25:36Z</time>
   </trkpt>
   <trkpt lat="48.1232550" lon="17.1236580">
    <ele>137.3</ele>
    <time>2025-09-30T18:25:37Z</time>
   </trkpt>
   <trkpt lat="48.1232550" lon="17.1236580">
    <ele>137.3</ele>
    <time>2025-09-30T18:25:38Z</time>
   </trkpt>
   <trkpt lat="48.1232550" lon="17.1236570">
    <ele>137.3</ele>
    <time>2025-09-30T18:25:39Z</time>
   </trkpt>
   <trkpt lat="48.1232540" lon="17.1236570">
    <ele>137.3</ele>
    <time>2025-09-30T18:25:40Z</time>
   </trkpt>
   <trkpt lat="48.1232530" lon="17.1236560">
    <ele>137.3</ele>
    <time>2025-09-30T18:25:41Z</time>
   </trkpt>
   <trkpt lat="48.1232530" lon="17.1236580">
    <ele>137.3</ele>
    <time>2025-09-30T18:25:42Z</time>
   </trkpt>
   <trkpt lat="48.1232530" lon="17.1236580">
    <ele>137.3</ele>
    <time>2025-09-30T18:25:43Z</time>
   </trkpt>
   <trkpt lat="48.1232530" lon="17.1236580">
    <ele>137.3</ele>
    <time>2025-09-30T18:25:44Z</time>
   </trkpt>
   <trkpt lat="48.1232530" lon="17.1236590">
    <ele>137.3</ele>
    <time>2025-09-30T18:25:45Z</time>
   </trkpt>
   <trkpt lat="48.1232530" lon="17.1236590">
    <ele>137.3</ele>
    <time>2025-09-30T18:25:46Z</time>
   </trkpt>
   <trkpt lat="48.1232530" lon="17.1236590">
    <ele>137.3</ele>
    <time>2025-09-30T18:25:47Z</time>
   </trkpt>
   <trkpt lat="48.1232530" lon="17.1236590">
    <ele>137.3</ele>
    <time>2025-09-30T18:25:48Z</time>
   </trkpt>
   <trkpt lat="48.1232530" lon="17.1236590">
    <ele>137.3</ele>
    <time>2025-09-30T18:25:49Z</time>
   </trkpt>
   <trkpt lat="48.1232530" lon="17.1236590">
    <ele>137.3</ele>
    <time>2025-09-30T18:25:50Z</time>
   </trkpt>
   <trkpt lat="48.1232530" lon="17.1236590">
    <ele>137.3</ele>
    <time>2025-09-30T18:25:51Z</time>
   </trkpt>
   <trkpt lat="48.1232530" lon="17.1236590">
    <ele>137.3</ele>
    <time>2025-09-30T18:25:52Z</time>
   </trkpt>
   <trkpt lat="48.1232530" lon="17.1236590">
    <ele>137.3</ele>
    <time>2025-09-30T18:25:53Z</time>
   </trkpt>
   <trkpt lat="48.1232530" lon="17.1236590">
    <ele>137.3</ele>
    <time>2025-09-30T18:25:54Z</time>
   </trkpt>
   <trkpt lat="48.1232530" lon="17.1236590">
    <ele>137.3</ele>
    <time>2025-09-30T18:25:55Z</time>
   </trkpt>
   <trkpt lat="48.1232530" lon="17.1236590">
    <ele>137.3</ele>
    <time>2025-09-30T18:25:56Z</time>
   </trkpt>
   <trkpt lat="48.1232530" lon="17.1236590">
    <ele>137.3</ele>
    <time>2025-09-30T18:25:57Z</time>
   </trkpt>
   <trkpt lat="48.1232530" lon="17.1236590">
    <ele>137.3</ele>
    <time>2025-09-30T18:25:58Z</time>
   </trkpt>
   <trkpt lat="48.1232530" lon="17.1236590">
    <ele>137.3</ele>
    <time>2025-09-30T18:25:59Z</time>
   </trkpt>
   <trkpt lat="48.1232530" lon="17.1236590">
    <ele>137.3</ele>
    <time>2025-09-30T18:26:00Z</time>
   </trkpt>
   <trkpt lat="48.1232530" lon="17.1236590">
    <ele>137.3</ele>
    <time>2025-09-30T18:26:01Z</time>
   </trkpt>
   <trkpt lat="48.1232530" lon="17.1236590">
    <ele>137.3</ele>
    <time>2025-09-30T18:26:02Z</time>
   </trkpt>
   <trkpt lat="48.1232530" lon="17.1236590">
    <ele>137.3</ele>
    <time>2025-09-30T18:26:03Z</time>
   </trkpt>
   <trkpt lat="48.1232530" lon="17.1236590">
    <ele>137.3</ele>
    <time>2025-09-30T18:26:04Z</time>
   </trkpt>
   <trkpt lat="48.1232530" lon="17.1236590">
    <ele>137.3</ele>
    <time>2025-09-30T18:26:05Z</time>
   </trkpt>
   <trkpt lat="48.1232530" lon="17.1236590">
    <ele>137.3</ele>
    <time>2025-09-30T18:26:06Z</time>
   </trkpt>
   <trkpt lat="48.1232530" lon="17.1236590">
    <ele>137.3</ele>
    <time>2025-09-30T18:26:07Z</time>
   </trkpt>
   <trkpt lat="48.1232530" lon="17.1236590">
    <ele>137.3</ele>
    <time>2025-09-30T18:26:08Z</time>
   </trkpt>
   <trkpt lat="48.1232530" lon="17.1236590">
    <ele>137.3</ele>
    <time>2025-09-30T18:26:09Z</time>
   </trkpt>
   <trkpt lat="48.1232530" lon="17.1236590">
    <ele>137.3</ele>
    <time>2025-09-30T18:26:10Z</time>
   </trkpt>
   <trkpt lat="48.1232530" lon="17.1236590">
    <ele>137.3</ele>
    <time>2025-09-30T18:26:11Z</time>
   </trkpt>
   <trkpt lat="48.1232530" lon="17.1236590">
    <ele>137.3</ele>
    <time>2025-09-30T18:26:12Z</time>
   </trkpt>
   <trkpt lat="48.1232530" lon="17.1236590">
    <ele>137.3</ele>
    <time>2025-09-30T18:26:13Z</time>
   </trkpt>
   <trkpt lat="48.1232530" lon="17.1236590">
    <ele>137.3</ele>
    <time>2025-09-30T18:26:15Z</time>
   </trkpt>
   <trkpt lat="48.1232530" lon="17.1236590">
    <ele>137.3</ele>
    <time>2025-09-30T18:26:16Z</time>
   </trkpt>
   <trkpt lat="48.1232530" lon="17.1236590">
    <ele>137.3</ele>
    <time>2025-09-30T18:26:17Z</time>
   </trkpt>
   <trkpt lat="48.1232530" lon="17.1236590">
    <ele>137.3</ele>
    <time>2025-09-30T18:26:18Z</time>
   </trkpt>
   <trkpt lat="48.1232530" lon="17.1236590">
    <ele>137.3</ele>
    <time>2025-09-30T18:26:19Z</time>
   </trkpt>
   <trkpt lat="48.1232510" lon="17.1236620">
    <ele>137.3</ele>
    <time>2025-09-30T18:26:20Z</time>
   </trkpt>
   <trkpt lat="48.1232490" lon="17.1236630">
    <ele>137.3</ele>
    <time>2025-09-30T18:26:21Z</time>
   </trkpt>
   <trkpt lat="48.1232530" lon="17.1236610">
    <ele>137.3</ele>
    <time>2025-09-30T18:26:22Z</time>
   </trkpt>
   <trkpt lat="48.1232530" lon="17.1236620">
    <ele>137.3</ele>
    <time>2025-09-30T18:26:23Z</time>
   </trkpt>
   <trkpt lat="48.1232540" lon="17.1236630">
    <ele>137.3</ele>
    <time>2025-09-30T18:26:24Z</time>
   </trkpt>
   <trkpt lat="48.1232540" lon="17.1236640">
    <ele>137.3</ele>
    <time>2025-09-30T18:26:25Z</time>
   </trkpt>
   <trkpt lat="48.1232530" lon="17.1236640">
    <ele>137.3</ele>
    <time>2025-09-30T18:26:26Z</time>
   </trkpt>
   <trkpt lat="48.1232530" lon="17.1236640">
    <ele>137.3</ele>
    <time>2025-09-30T18:26:27Z</time>
   </trkpt>
   <trkpt lat="48.1232530" lon="17.1236640">
    <ele>137.3</ele>
    <time>2025-09-30T18:26:28Z</time>
   </trkpt>
   <trkpt lat="48.1232520" lon="17.1236670">
    <ele>137.3</ele>
    <time>2025-09-30T18:26:29Z</time>
   </trkpt>
   <trkpt lat="48.1232550" lon="17.1236620">
    <ele>137.3</ele>
    <time>2025-09-30T18:26:30Z</time>
   </trkpt>
   <trkpt lat="48.1232540" lon="17.1236630">
    <ele>137.3</ele>
    <time>2025-09-30T18:26:31Z</time>
   </trkpt>
   <trkpt lat="48.1232510" lon="17.1236660">
    <ele>137.3</ele>
    <time>2025-09-30T18:26:32Z</time>
   </trkpt>
   <trkpt lat="48.1232480" lon="17.1236690">
    <ele>137.3</ele>
    <time>2025-09-30T18:26:33Z</time>
   </trkpt>
   <trkpt lat="48.1232460" lon="17.1236700">
    <ele>137.3</ele>
    <time>2025-09-30T18:26:34Z</time>
   </trkpt>
   <trkpt lat="48.1232460" lon="17.1236700">
    <ele>137.3</ele>
    <time>2025-09-30T18:26:35Z</time>
   </trkpt>
   <trkpt lat="48.1232450" lon="17.1236710">
    <ele>137.3</ele>
    <time>2025-09-30T18:26:36Z</time>
   </trkpt>
   <trkpt lat="48.1232480" lon="17.1236690">
    <ele>137.3</ele>
    <time>2025-09-30T18:26:37Z</time>
   </trkpt>
   <trkpt lat="48.1232500" lon="17.1236690">
    <ele>137.3</ele>
    <time>2025-09-30T18:26:38Z</time>
   </trkpt>
   <trkpt lat="48.1232510" lon="17.1236710">
    <ele>137.3</ele>
    <time>2025-09-30T18:26:39Z</time>
   </trkpt>
   <trkpt lat="48.1232520" lon="17.1236710">
    <ele>137.3</ele>
    <time>2025-09-30T18:26:40Z</time>
   </trkpt>
   <trkpt lat="48.1232550" lon="17.1236700">
    <ele>137.3</ele>
    <time>2025-09-30T18:26:41Z</time>
   </trkpt>
   <trkpt lat="48.1232590" lon="17.1236650">
    <ele>137.3</ele>
    <time>2025-09-30T18:26:42Z</time>
   </trkpt>
   <trkpt lat="48.1232660" lon="17.1236560">
    <ele>137.3</ele>
    <time>2025-09-30T18:26:43Z</time>
   </trkpt>
   <trkpt lat="48.1232720" lon="17.1236460">
    <ele>137.3</ele>
    <time>2025-09-30T18:26:44Z</time>
   </trkpt>
   <trkpt lat="48.1232790" lon="17.1236310">
    <ele>137.3</ele>
    <time>2025-09-30T18:26:45Z</time>
   </trkpt>
   <trkpt lat="48.1232900" lon="17.1236220">
    <ele>137.3</ele>
    <time>2025-09-30T18:26:46Z</time>
   </trkpt>
   <trkpt lat="48.1233000" lon="17.1236170">
    <ele>137.3</ele>
    <time>2025-09-30T18:26:47Z</time>
   </trkpt>
   <trkpt lat="48.1233110" lon="17.1236100">
    <ele>137.3</ele>
    <time>2025-09-30T18:26:48Z</time>
   </trkpt>
   <trkpt lat="48.1233250" lon="17.1236170">
    <ele>137.3</ele>
    <time>2025-09-30T18:26:49Z</time>
   </trkpt>
   <trkpt lat="48.1233390" lon="17.1236250">
    <ele>137.3</ele>
    <time>2025-09-30T18:26:50Z</time>
   </trkpt>
   <trkpt lat="48.1233520" lon="17.1236300">
    <ele>137.3</ele>
    <time>2025-09-30T18:26:51Z</time>
   </trkpt>
   <trkpt lat="48.1233660" lon="17.1236310">
    <ele>137.3</ele>
    <time>2025-09-30T18:26:52Z</time>
   </trkpt>
   <trkpt lat="48.1233780" lon="17.1236270">
    <ele>137.3</ele>
    <time>2025-09-30T18:26:53Z</time>
   </trkpt>
   <trkpt lat="48.1233880" lon="17.1236190">
    <ele>137.3</ele>
    <time>2025-09-30T18:26:54Z</time>
   </trkpt>
   <trkpt lat="48.1233940" lon="17.1236070">
    <ele>137.3</ele>
    <time>2025-09-30T18:26:55Z</time>
   </trkpt>
   <trkpt lat="48.1233920" lon="17.1236020">
    <ele>137.3</ele>
    <time>2025-09-30T18:26:56Z</time>
   </trkpt>
   <trkpt lat="48.1233910" lon="17.1236040">
    <ele>137.3</ele>
    <time>2025-09-30T18:26:57Z</time>
   </trkpt>
   <trkpt lat="48.1233950" lon="17.1236020">
    <ele>137.3</ele>
    <time>2025-09-30T18:26:58Z</time>
   </trkpt>
   <trkpt lat="48.1233980" lon="17.1236000">
    <ele>137.3</ele>
    <time>2025-09-30T18:26:59Z</time>
   </trkpt>
   <trkpt lat="48.1233950" lon="17.1236020">
    <ele>137.3</ele>
    <time>2025-09-30T18:27:00Z</time>
   </trkpt>
   <trkpt lat="48.1233960" lon="17.1236150">
    <ele>137.3</ele>
    <time>2025-09-30T18:27:01Z</time>
   </trkpt>
   <trkpt lat="48.1233990" lon="17.1236180">
    <ele>137.3</ele>
    <time>2025-09-30T18:27:02Z</time>
   </trkpt>
   <trkpt lat="48.1234000" lon="17.1236200">
    <ele>137.3</ele>
    <time>2025-09-30T18:27:03Z</time>
   </trkpt>
   <trkpt lat="48.1234010" lon="17.1236210">
    <ele>137.3</ele>
    <time>2025-09-30T18:27:04Z</time>
   </trkpt>
   <trkpt lat="48.1234010" lon="17.1236230">
    <ele>137.3</ele>
    <time>2025-09-30T18:27:05Z</time>
   </trkpt>
   <trkpt lat="48.1234010" lon="17.1236220">
    <ele>137.3</ele>
    <time>2025-09-30T18:27:06Z</time>
   </trkpt>
   <trkpt lat="48.1233990" lon="17.1236180">
    <ele>137.3</ele>
    <time>2025-09-30T18:27:07Z</time>
   </trkpt>
   <trkpt lat="48.1233970" lon="17.1236140">
    <ele>137.3</ele>
    <time>2025-09-30T18:27:08Z</time>
   </trkpt>
   <trkpt lat="48.1233880" lon="17.1235990">
    <ele>137.3</ele>
    <time>2025-09-30T18:27:09Z</time>
   </trkpt>
   <trkpt lat="48.1233810" lon="17.1235790">
    <ele>137.3</ele>
    <time>2025-09-30T18:27:10Z</time>
   </trkpt>
   <trkpt lat="48.1233760" lon="17.1235680">
    <ele>137.3</ele>
    <time>2025-09-30T18:27:11Z</time>
   </trkpt>
   <trkpt lat="48.1233710" lon="17.1235570">
    <ele>137.3</ele>
    <time>2025-09-30T18:27:12Z</time>
   </trkpt>
   <trkpt lat="48.1233670" lon="17.1235490">
    <ele>137.3</ele>
    <time>2025-09-30T18:27:13Z</time>
   </trkpt>
   <trkpt lat="48.1233650" lon="17.1235420">
    <ele>137.3</ele>
    <time>2025-09-30T18:27:14Z</time>
   </trkpt>
   <trkpt lat="48.1233690" lon="17.1235420">
    <ele>137.3</ele>
    <time>2025-09-30T18:27:15Z</time>
   </trkpt>
   <trkpt lat="48.1233730" lon="17.1235470">
    <ele>137.3</ele>
    <time>2025-09-30T18:27:16Z</time>
   </trkpt>
   <trkpt lat="48.1233760" lon="17.1235490">
    <ele>137.3</ele>
    <time>2025-09-30T18:27:17Z</time>
   </trkpt>
   <trkpt lat="48.1233780" lon="17.1235480">
    <ele>137.3</ele>
    <time>2025-09-30T18:27:18Z</time>
   </trkpt>
   <trkpt lat="48.1233800" lon="17.1235460">
    <ele>137.3</ele>
    <time>2025-09-30T18:27:19Z</time>
   </trkpt>
   <trkpt lat="48.1233800" lon="17.1235430">
    <ele>137.3</ele>
    <time>2025-09-30T18:27:20Z</time>
   </trkpt>
   <trkpt lat="48.1233810" lon="17.1235370">
    <ele>137.3</ele>
    <time>2025-09-30T18:27:21Z</time>
   </trkpt>
   <trkpt lat="48.1233810" lon="17.1235360">
    <ele>137.3</ele>
    <time>2025-09-30T18:27:22Z</time>
   </trkpt>
   <trkpt lat="48.1233840" lon="17.1235240">
    <ele>137.3</ele>
    <time>2025-09-30T18:27:23Z</time>
   </trkpt>
   <trkpt lat="48.1233860" lon="17.1235120">
    <ele>137.3</ele>
    <time>2025-09-30T18:27:24Z</time>
   </trkpt>
   <trkpt lat="48.1233840" lon="17.1234990">
    <ele>137.3</ele>
    <time>2025-09-30T18:27:25Z</time>
   </trkpt>
   <trkpt lat="48.1233830" lon="17.1234750">
    <ele>137.3</ele>
    <time>2025-09-30T18:27:26Z</time>
   </trkpt>
   <trkpt lat="48.1233870" lon="17.1234320">
    <ele>137.3</ele>
    <time>2025-09-30T18:27:27Z</time>
   </trkpt>
   <trkpt lat="48.1233880" lon="17.1234190">
    <ele>137.2</ele>
    <time>2025-09-30T18:27:28Z</time>
   </trkpt>
   <trkpt lat="48.1233890" lon="17.1234020">
    <ele>137.2</ele>
    <time>2025-09-30T18:27:29Z</time>
   </trkpt>
   <trkpt lat="48.1233860" lon="17.1233810">
    <ele>137.2</ele>
    <time>2025-09-30T18:27:30Z</time>
   </trkpt>
   <trkpt lat="48.1233840" lon="17.1233720">
    <ele>137.2</ele>
    <time>2025-09-30T18:27:31Z</time>
   </trkpt>
   <trkpt lat="48.1233820" lon="17.1233570">
    <ele>137.2</ele>
    <time>2025-09-30T18:27:32Z</time>
   </trkpt>
   <trkpt lat="48.1233800" lon="17.1233430">
    <ele>137.2</ele>
    <time>2025-09-30T18:27:33Z</time>
   </trkpt>
   <trkpt lat="48.1233770" lon="17.1233300">
    <ele>137.2</ele>
    <time>2025-09-30T18:27:34Z</time>
   </trkpt>
   <trkpt lat="48.1233690" lon="17.1233130">
    <ele>137.2</ele>
    <time>2025-09-30T18:27:35Z</time>
   </trkpt>
   <trkpt lat="48.1233640" lon="17.1233070">
    <ele>137.2</ele>
    <time>2025-09-30T18:27:36Z</time>
   </trkpt>
   <trkpt lat="48.1233600" lon="17.1233010">
    <ele>137.2</ele>
    <time>2025-09-30T18:27:37Z</time>
   </trkpt>
   <trkpt lat="48.1233550" lon="17.1232950">
    <ele>137.2</ele>
    <time>2025-09-30T18:27:38Z</time>
   </trkpt>
   <trkpt lat="48.1233510" lon="17.1232890">
    <ele>137.2</ele>
    <time>2025-09-30T18:27:39Z</time>
   </trkpt>
   <trkpt lat="48.1233460" lon="17.1232810">
    <ele>137.2</ele>
    <time>2025-09-30T18:27:40Z</time>
   </trkpt>
   <trkpt lat="48.1233430" lon="17.1232730">
    <ele>137.2</ele>
    <time>2025-09-30T18:27:41Z</time>
   </trkpt>
   <trkpt lat="48.1233430" lon="17.1232760">
    <ele>137.2</ele>
    <time>2025-09-30T18:27:42Z</time>
   </trkpt>
   <trkpt lat="48.1233460" lon="17.1232730">
    <ele>137.2</ele>
    <time>2025-09-30T18:27:43Z</time>
   </trkpt>
   <trkpt lat="48.1233490" lon="17.1232700">
    <ele>137.2</ele>
    <time>2025-09-30T18:27:44Z</time>
   </trkpt>
   <trkpt lat="48.1233510" lon="17.1232680">
    <ele>137.2</ele>
    <time>2025-09-30T18:27:45Z</time>
   </trkpt>
   <trkpt lat="48.1233520" lon="17.1232670">
    <ele>137.2</ele>
    <time>2025-09-30T18:27:46Z</time>
   </trkpt>
   <trkpt lat="48.1233500" lon="17.1232650">
    <ele>137.2</ele>
    <time>2025-09-30T18:27:47Z</time>
   </trkpt>
   <trkpt lat="48.1233470" lon="17.1232620">
    <ele>137.2</ele>
    <time>2025-09-30T18:27:48Z</time>
   </trkpt>
   <trkpt lat="48.1233450" lon="17.1232590">
    <ele>137.2</ele>
    <time>2025-09-30T18:27:49Z</time>
   </trkpt>
   <trkpt lat="48.1233440" lon="17.1232590">
    <ele>137.2</ele>
    <time>2025-09-30T18:27:50Z</time>
   </trkpt>
   <trkpt lat="48.1233430" lon="17.1232570">
    <ele>137.2</ele>
    <time>2025-09-30T18:27:51Z</time>
   </trkpt>
   <trkpt lat="48.1233420" lon="17.1232570">
    <ele>137.2</ele>
    <time>2025-09-30T18:27:52Z</time>
   </trkpt>
   <trkpt lat="48.1233420" lon="17.1232570">
    <ele>137.2</ele>
    <time>2025-09-30T18:27:53Z</time>
   </trkpt>
   <trkpt lat="48.1233420" lon="17.1232560">
    <ele>137.2</ele>
    <time>2025-09-30T18:27:54Z</time>
   </trkpt>
   <trkpt lat="48.1233400" lon="17.1232550">
    <ele>137.2</ele>
    <time>2025-09-30T18:27:55Z</time>
   </trkpt>
   <trkpt lat="48.1233400" lon="17.1232510">
    <ele>137.2</ele>
    <time>2025-09-30T18:27:56Z</time>
   </trkpt>
   <trkpt lat="48.1233400" lon="17.1232410">
    <ele>137.2</ele>
    <time>2025-09-30T18:27:57Z</time>
   </trkpt>
   <trkpt lat="48.1233370" lon="17.1232290">
    <ele>137.2</ele>
    <time>2025-09-30T18:27:58Z</time>
   </trkpt>
   <trkpt lat="48.1233360" lon="17.1232090">
    <ele>137.2</ele>
    <time>2025-09-30T18:27:59Z</time>
   </trkpt>
   <trkpt lat="48.1233330" lon="17.1231860">
    <ele>137.2</ele>
    <time>2025-09-30T18:28:00Z</time>
   </trkpt>
   <trkpt lat="48.1233270" lon="17.1231640">
    <ele>137.2</ele>
    <time>2025-09-30T18:28:01Z</time>
   </trkpt>
   <trkpt lat="48.1233210" lon="17.1231440">
    <ele>137.2</ele>
    <time>2025-09-30T18:28:02Z</time>
   </trkpt>
   <trkpt lat="48.1233150" lon="17.1231270">
    <ele>137.2</ele>
    <time>2025-09-30T18:28:03Z</time>
   </trkpt>
   <trkpt lat="48.1233100" lon="17.1231140">
    <ele>137.2</ele>
    <time>2025-09-30T18:28:04Z</time>
   </trkpt>
   <trkpt lat="48.1233060" lon="17.1231020">
    <ele>137.2</ele>
    <time>2025-09-30T18:28:05Z</time>
   </trkpt>
   <trkpt lat="48.1233050" lon="17.1230950">
    <ele>137.2</ele>
    <time>2025-09-30T18:28:06Z</time>
   </trkpt>
   <trkpt lat="48.1233030" lon="17.1230880">
    <ele>137.2</ele>
    <time>2025-09-30T18:28:07Z</time>
   </trkpt>
   <trkpt lat="48.1232990" lon="17.1230760">
    <ele>137.2</ele>
    <time>2025-09-30T18:28:08Z</time>
   </trkpt>
   <trkpt lat="48.1232950" lon="17.1230640">
    <ele>137.2</ele>
    <time>2025-09-30T18:28:09Z</time>
   </trkpt>
   <trkpt lat="48.1232920" lon="17.1230540">
    <ele>137.2</ele>
    <time>2025-09-30T18:28:10Z</time>
   </trkpt>
   <trkpt lat="48.1232910" lon="17.1230460">
    <ele>137.2</ele>
    <time>2025-09-30T18:28:11Z</time>
   </trkpt>
   <trkpt lat="48.1232890" lon="17.1230400">
    <ele>137.2</ele>
    <time>2025-09-30T18:28:12Z</time>
   </trkpt>
   <trkpt lat="48.1232850" lon="17.1230300">
    <ele>137.2</ele>
    <time>2025-09-30T18:28:13Z</time>
   </trkpt>
   <trkpt lat="48.1232790" lon="17.1230150">
    <ele>137.2</ele>
    <time>2025-09-30T18:28:14Z</time>
   </trkpt>
   <trkpt lat="48.1232730" lon="17.1230060">
    <ele>137.2</ele>
    <time>2025-09-30T18:28:15Z</time>
   </trkpt>
   <trkpt lat="48.1232700" lon="17.1229980">
    <ele>137.2</ele>
    <time>2025-09-30T18:28:16Z</time>
   </trkpt>
   <trkpt lat="48.1232670" lon="17.1229970">
    <ele>137.2</ele>
    <time>2025-09-30T18:28:17Z</time>
   </trkpt>
   <trkpt lat="48.1232640" lon="17.1229990">
    <ele>137.2</ele>
    <time>2025-09-30T18:28:18Z</time>
   </trkpt>
   <trkpt lat="48.1232650" lon="17.1229980">
    <ele>137.2</ele>
    <time>2025-09-30T18:28:19Z</time>
   </trkpt>
   <trkpt lat="48.1232620" lon="17.1229990">
    <ele>137.2</ele>
    <time>2025-09-30T18:28:20Z</time>
   </trkpt>
   <trkpt lat="48.1232600" lon="17.1229970">
    <ele>137.2</ele>
    <time>2025-09-30T18:28:21Z</time>
   </trkpt>
   <trkpt lat="48.1232570" lon="17.1229940">
    <ele>137.2</ele>
    <time>2025-09-30T18:28:22Z</time>
   </trkpt>
   <trkpt lat="48.1232540" lon="17.1229890">
    <ele>137.2</ele>
    <time>2025-09-30T18:28:23Z</time>
   </trkpt>
   <trkpt lat="48.1232540" lon="17.1229860">
    <ele>137.2</ele>
    <time>2025-09-30T18:28:24Z</time>
   </trkpt>
   <trkpt lat="48.1232540" lon="17.1229840">
    <ele>137.2</ele>
    <time>2025-09-30T18:28:25Z</time>
   </trkpt>
   <trkpt lat="48.1232550" lon="17.1229810">
    <ele>137.2</ele>
    <time>2025-09-30T18:28:26Z</time>
   </trkpt>
   <trkpt lat="48.1232560" lon="17.1229800">
    <ele>137.2</ele>
    <time>2025-09-30T18:28:27Z</time>
   </trkpt>
   <trkpt lat="48.1232570" lon="17.1229790">
    <ele>137.2</ele>
    <time>2025-09-30T18:28:28Z</time>
   </trkpt>
   <trkpt lat="48.1232570" lon="17.1229780">
    <ele>137.2</ele>
    <time>2025-09-30T18:28:29Z</time>
   </trkpt>
   <trkpt lat="48.1232560" lon="17.1229760">
    <ele>137.2</ele>
    <time>2025-09-30T18:28:30Z</time>
   </trkpt>
   <trkpt lat="48.1232530" lon="17.1229670">
    <ele>137.2</ele>
    <time>2025-09-30T18:28:31Z</time>
   </trkpt>
   <trkpt lat="48.1232480" lon="17.1229470">
    <ele>137.2</ele>
    <time>2025-09-30T18:28:32Z</time>
   </trkpt>
   <trkpt lat="48.1232460" lon="17.1229310">
    <ele>137.2</ele>
    <time>2025-09-30T18:28:33Z</time>
   </trkpt>
   <trkpt lat="48.1232430" lon="17.1229140">
    <ele>137.2</ele>
    <time>2025-09-30T18:28:34Z</time>
   </trkpt>
   <trkpt lat="48.1232430" lon="17.1228890">
    <ele>137.2</ele>
    <time>2025-09-30T18:28:35Z</time>
   </trkpt>
   <trkpt lat="48.1232340" lon="17.1228720">
    <ele>137.2</ele>
    <time>2025-09-30T18:28:36Z</time>
   </trkpt>
   <trkpt lat="48.1232250" lon="17.1228560">
    <ele>137.2</ele>
    <time>2025-09-30T18:28:37Z</time>
   </trkpt>
   <trkpt lat="48.1232160" lon="17.1228380">
    <ele>137.2</ele>
    <time>2025-09-30T18:28:38Z</time>
   </trkpt>
   <trkpt lat="48.1232130" lon="17.1228310">
    <ele>137.2</ele>
    <time>2025-09-30T18:28:39Z</time>
   </trkpt>
   <trkpt lat="48.1232110" lon="17.1228230">
    <ele>137.2</ele>
    <time>2025-09-30T18:28:40Z</time>
   </trkpt>
   <trkpt lat="48.1232080" lon="17.1228130">
    <ele>137.2</ele>
    <time>2025-09-30T18:28:41Z</time>
   </trkpt>
   <trkpt lat="48.1232070" lon="17.1228020">
    <ele>137.2</ele>
    <time>2025-09-30T18:28:42Z</time>
   </trkpt>
   <trkpt lat="48.1232110" lon="17.1228010">
    <ele>137.3</ele>
    <time>2025-09-30T18:28:43Z</time>
   </trkpt>
   <trkpt lat="48.1232150" lon="17.1228000">
    <ele>137.3</ele>
    <time>2025-09-30T18:28:44Z</time>
   </trkpt>
   <trkpt lat="48.1232140" lon="17.1228040">
    <ele>137.3</ele>
    <time>2025-09-30T18:28:45Z</time>
   </trkpt>
   <trkpt lat="48.1232110" lon="17.1228070">
    <ele>137.3</ele>
    <time>2025-09-30T18:28:46Z</time>
   </trkpt>
   <trkpt lat="48.1232120" lon="17.1228080">
    <ele>137.3</ele>
    <time>2025-09-30T18:28:47Z</time>
   </trkpt>
   <trkpt lat="48.1232120" lon="17.1228090">
    <ele>137.3</ele>
    <time>2025-09-30T18:28:48Z</time>
   </trkpt>
   <trkpt lat="48.1232120" lon="17.1228100">
    <ele>137.3</ele>
    <time>2025-09-30T18:28:49Z</time>
   </trkpt>
   <trkpt lat="48.1232130" lon="17.1228100">
    <ele>137.3</ele>
    <time>2025-09-30T18:28:50Z</time>
   </trkpt>
   <trkpt lat="48.1232130" lon="17.1228100">
    <ele>137.3</ele>
    <time>2025-09-30T18:28:51Z</time>
   </trkpt>
   <trkpt lat="48.1232140" lon="17.1228120">
    <ele>137.3</ele>
    <time>2025-09-30T18:28:52Z</time>
   </trkpt>
   <trkpt lat="48.1232140" lon="17.1228120">
    <ele>137.3</ele>
    <time>2025-09-30T18:28:53Z</time>
   </trkpt>
   <trkpt lat="48.1232140" lon="17.1228100">
    <ele>137.3</ele>
    <time>2025-09-30T18:28:54Z</time>
   </trkpt>
   <trkpt lat="48.1232110" lon="17.1228060">
    <ele>137.3</ele>
    <time>2025-09-30T18:28:55Z</time>
   </trkpt>
   <trkpt lat="48.1232060" lon="17.1227990">
    <ele>137.3</ele>
    <time>2025-09-30T18:28:56Z</time>
   </trkpt>
   <trkpt lat="48.1232060" lon="17.1227900">
    <ele>137.3</ele>
    <time>2025-09-30T18:28:57Z</time>
   </trkpt>
   <trkpt lat="48.1231980" lon="17.1227720">
    <ele>137.3</ele>
    <time>2025-09-30T18:28:58Z</time>
   </trkpt>
   <trkpt lat="48.1231890" lon="17.1227520">
    <ele>137.3</ele>
    <time>2025-09-30T18:28:59Z</time>
   </trkpt>
   <trkpt lat="48.1231820" lon="17.1227390">
    <ele>137.3</ele>
    <time>2025-09-30T18:29:00Z</time>
   </trkpt>
   <trkpt lat="48.1231790" lon="17.1227290">
    <ele>137.3</ele>
    <time>2025-09-30T18:29:01Z</time>
   </trkpt>
   <trkpt lat="48.1231760" lon="17.1227210">
    <ele>137.3</ele>
    <time>2025-09-30T18:29:02Z</time>
   </trkpt>
   <trkpt lat="48.1231830" lon="17.1227110">
    <ele>137.3</ele>
    <time>2025-09-30T18:29:03Z</time>
   </trkpt>
   <trkpt lat="48.1231940" lon="17.1227010">
    <ele>137.3</ele>
    <time>2025-09-30T18:29:04Z</time>
   </trkpt>
   <trkpt lat="48.1232020" lon="17.1226880">
    <ele>137.3</ele>
    <time>2025-09-30T18:29:05Z</time>
   </trkpt>
   <trkpt lat="48.1232070" lon="17.1226770">
    <ele>137.3</ele>
    <time>2025-09-30T18:29:06Z</time>
   </trkpt>
   <trkpt lat="48.1232090" lon="17.1226670">
    <ele>137.3</ele>
    <time>2025-09-30T18:29:07Z</time>
   </trkpt>
   <trkpt lat="48.1232180" lon="17.1226680">
    <ele>137.3</ele>
    <time>2025-09-30T18:29:08Z</time>
   </trkpt>
   <trkpt lat="48.1232220" lon="17.1226610">
    <ele>137.3</ele>
    <time>2025-09-30T18:29:09Z</time>
   </trkpt>
   <trkpt lat="48.1232320" lon="17.1226620">
    <ele>137.3</ele>
    <time>2025-09-30T18:29:10Z</time>
   </trkpt>
   <trkpt lat="48.1232410" lon="17.1226620">
    <ele>137.3</ele>
    <time>2025-09-30T18:29:11Z</time>
   </trkpt>
   <trkpt lat="48.1232480" lon="17.1226650">
    <ele>137.3</ele>
    <time>2025-09-30T18:29:12Z</time>
   </trkpt>
   <trkpt lat="48.1232500" lon="17.1226690">
    <ele>137.3</ele>
    <time>2025-09-30T18:29:13Z</time>
   </trkpt>
   <trkpt lat="48.1232510" lon="17.1226720">
    <ele>137.3</ele>
    <time>2025-09-30T18:29:14Z</time>
   </trkpt>
   <trkpt lat="48.1232520" lon="17.1226750">
    <ele>137.3</ele>
    <time>2025-09-30T18:29:15Z</time>
   </trkpt>
   <trkpt lat="48.1232520" lon="17.1226770">
    <ele>137.3</ele>
    <time>2025-09-30T18:29:16Z</time>
   </trkpt>
   <trkpt lat="48.1232530" lon="17.1226810">
    <ele>137.3</ele>
    <time>2025-09-30T18:29:17Z</time>
   </trkpt>
   <trkpt lat="48.1232540" lon="17.1226830">
    <ele>137.3</ele>
    <time>2025-09-30T18:29:18Z</time>
   </trkpt>
   <trkpt lat="48.1232580" lon="17.1226860">
    <ele>137.3</ele>
    <time>2025-09-30T18:29:19Z</time>
   </trkpt>
   <trkpt lat="48.1232610" lon="17.1226950">
    <ele>137.3</ele>
    <time>2025-09-30T18:29:20Z</time>
   </trkpt>
   <trkpt lat="48.1232640" lon="17.1227000">
    <ele>137.3</ele>
    <time>2025-09-30T18:29:21Z</time>
   </trkpt>
   <trkpt lat="48.1232660" lon="17.1227050">
    <ele>137.3</ele>
    <time>2025-09-30T18:29:22Z</time>
   </trkpt>
   <trkpt lat="48.1232680" lon="17.1227100">
    <ele>137.3</ele>
    <time>2025-09-30T18:29:23Z</time>
   </trkpt>
   <trkpt lat="48.1232710" lon="17.1227150">
    <ele>137.3</ele>
    <time>2025-09-30T18:29:24Z</time>
   </trkpt>
   <trkpt lat="48.1232730" lon="17.1227210">
    <ele>137.3</ele>
    <time>2025-09-30T18:29:25Z</time>
   </trkpt>
   <trkpt lat="48.1232760" lon="17.1227260">
    <ele>137.3</ele>
    <time>2025-09-30T18:29:26Z</time>
   </trkpt>
   <trkpt lat="48.1232780" lon="17.1227310">
    <ele>137.3</ele>
    <time>2025-09-30T18:29:27Z</time>
   </trkpt>
   <trkpt lat="48.1232800" lon="17.1227360">
    <ele>137.3</ele>
    <time>2025-09-30T18:29:28Z</time>
   </trkpt>
   <trkpt lat="48.1232830" lon="17.1227410">
    <ele>137.3</ele>
    <time>2025-09-30T18:29:29Z</time>
   </trkpt>
   <trkpt lat="48.1232850" lon="17.1227460">
    <ele>137.3</ele>
    <time>2025-09-30T18:29:30Z</time>
   </trkpt>
   <trkpt lat="48.1232860" lon="17.1227480">
    <ele>137.3</ele>
    <time>2025-09-30T18:29:31Z</time>
   </trkpt>
   <trkpt lat="48.1232860" lon="17.1227480">
    <ele>137.3</ele>
    <time>2025-09-30T18:29:32Z</time>
   </trkpt>
   <trkpt lat="48.1232860" lon="17.1227480">
    <ele>137.3</ele>
    <time>2025-09-30T18:29:33Z</time>
   </trkpt>
   <trkpt lat="48.1232820" lon="17.1227030">
    <ele>137.4</ele>
    <time>2025-09-30T18:29:34Z</time>
   </trkpt>
   <trkpt lat="48.1232800" lon="17.1226850">
    <ele>137.4</ele>
    <time>2025-09-30T18:29:35Z</time>
   </trkpt>
   <trkpt lat="48.1232790" lon="17.1226900">
    <ele>137.4</ele>
    <time>2025-09-30T18:29:36Z</time>
   </trkpt>
   <trkpt lat="48.1232850" lon="17.1226790">
    <ele>137.4</ele>
    <time>2025-09-30T18:29:37Z</time>
   </trkpt>
   <trkpt lat="48.1232930" lon="17.1226640">
    <ele>137.4</ele>
    <time>2025-09-30T18:29:38Z</time>
   </trkpt>
   <trkpt lat="48.1232990" lon="17.1226530">
    <ele>137.4</ele>
    <time>2025-09-30T18:29:39Z</time>
   </trkpt>
   <trkpt lat="48.1232970" lon="17.1226350">
    <ele>137.4</ele>
    <time>2025-09-30T18:29:40Z</time>
   </trkpt>
   <trkpt lat="48.1232980" lon="17.1226310">
    <ele>137.4</ele>
    <time>2025-09-30T18:29:41Z</time>
   </trkpt>
   <trkpt lat="48.1233010" lon="17.1226130">
    <ele>137.4</ele>
    <time>2025-09-30T18:29:42Z</time>
   </trkpt>
   <trkpt lat="48.1232990" lon="17.1226080">
    <ele>137.4</ele>
    <time>2025-09-30T18:29:43Z</time>
   </trkpt>
   <trkpt lat="48.1232980" lon="17.1226050">
    <ele>137.4</ele>
    <time>2025-09-30T18:29:44Z</time>
   </trkpt>
   <trkpt lat="48.1232980" lon="17.1226050">
    <ele>137.4</ele>
    <time>2025-09-30T18:29:45Z</time>
   </trkpt>
   <trkpt lat="48.1232900" lon="17.1225950">
    <ele>137.4</ele>
    <time>2025-09-30T18:29:46Z</time>
   </trkpt>
   <trkpt lat="48.1232870" lon="17.1225840">
    <ele>137.4</ele>
    <time>2025-09-30T18:29:47Z</time>
   </trkpt>
   <trkpt lat="48.1232860" lon="17.1225760">
    <ele>137.4</ele>
    <time>2025-09-30T18:29:48Z</time>
   </trkpt>
   <trkpt lat="48.1232820" lon="17.1225610">
    <ele>137.4</ele>
    <time>2025-09-30T18:29:49Z</time>
   </trkpt>
   <trkpt lat="48.1232790" lon="17.1225490">
    <ele>137.4</ele>
    <time>2025-09-30T18:29:50Z</time>
   </trkpt>
   <trkpt lat="48.1232750" lon="17.1225380">
    <ele>137.4</ele>
    <time>2025-09-30T18:29:51Z</time>
   </trkpt>
   <trkpt lat="48.1232720" lon="17.1225260">
    <ele>137.4</ele>
    <time>2025-09-30T18:29:52Z</time>
   </trkpt>
   <trkpt lat="48.1232690" lon="17.1225150">
    <ele>137.4</ele>
    <time>2025-09-30T18:29:53Z</time>
   </trkpt>
   <trkpt lat="48.1232650" lon="17.1224950">
    <ele>137.4</ele>
    <time>2025-09-30T18:29:54Z</time>
   </trkpt>
   <trkpt lat="48.1232600" lon="17.1224840">
    <ele>137.4</ele>
    <time>2025-09-30T18:29:55Z</time>
   </trkpt>
   <trkpt lat="48.1232510" lon="17.1224780">
    <ele>137.4</ele>
    <time>2025-09-30T18:29:56Z</time>
   </trkpt>
   <trkpt lat="48.1232380" lon="17.1224710">
    <ele>137.4</ele>
    <time>2025-09-30T18:29:57Z</time>
   </trkpt>
   <trkpt lat="48.1232310" lon="17.1224680">
    <ele>137.4</ele>
    <time>2025-09-30T18:29:58Z</time>
   </trkpt>
   <trkpt lat="48.1232300" lon="17.1224640">
    <ele>137.4</ele>
    <time>2025-09-30T18:29:59Z</time>
   </trkpt>
   <trkpt lat="48.1232290" lon="17.1224630">
    <ele>137.4</ele>
    <time>2025-09-30T18:30:00Z</time>
   </trkpt>
   <trkpt lat="48.1232290" lon="17.1224590">
    <ele>137.4</ele>
    <time>2025-09-30T18:30:01Z</time>
   </trkpt>
   <trkpt lat="48.1232280" lon="17.1224560">
    <ele>137.4</ele>
    <time>2025-09-30T18:30:02Z</time>
   </trkpt>
   <trkpt lat="48.1232270" lon="17.1224530">
    <ele>137.4</ele>
    <time>2025-09-30T18:30:03Z</time>
   </trkpt>
   <trkpt lat="48.1232250" lon="17.1224480">
    <ele>137.4</ele>
    <time>2025-09-30T18:30:04Z</time>
   </trkpt>
   <trkpt lat="48.1232240" lon="17.1224440">
    <ele>137.4</ele>
    <time>2025-09-30T18:30:05Z</time>
   </trkpt>
   <trkpt lat="48.1232240" lon="17.1224410">
    <ele>137.4</ele>
    <time>2025-09-30T18:30:06Z</time>
   </trkpt>
   <trkpt lat="48.1232240" lon="17.1224390">
    <ele>137.4</ele>
    <time>2025-09-30T18:30:07Z</time>
   </trkpt>
   <trkpt lat="48.1232260" lon="17.1224370">
    <ele>137.4</ele>
    <time>2025-09-30T18:30:08Z</time>
   </trkpt>
   <trkpt lat="48.1232250" lon="17.1224350">
    <ele>137.4</ele>
    <time>2025-09-30T18:30:09Z</time>
   </trkpt>
   <trkpt lat="48.1232270" lon="17.1224290">
    <ele>137.3</ele>
    <time>2025-09-30T18:30:10Z</time>
   </trkpt>
   <trkpt lat="48.1232280" lon="17.1224240">
    <ele>137.3</ele>
    <time>2025-09-30T18:30:11Z</time>
   </trkpt>
   <trkpt lat="48.1232290" lon="17.1224210">
    <ele>137.3</ele>
    <time>2025-09-30T18:30:12Z</time>
   </trkpt>
   <trkpt lat="48.1232290" lon="17.1224200">
    <ele>137.3</ele>
    <time>2025-09-30T18:30:13Z</time>
   </trkpt>
   <trkpt lat="48.1232290" lon="17.1224180">
    <ele>137.3</ele>
    <time>2025-09-30T18:30:14Z</time>
   </trkpt>
   <trkpt lat="48.1232290" lon="17.1224160">
    <ele>137.3</ele>
    <time>2025-09-30T18:30:15Z</time>
   </trkpt>
   <trkpt lat="48.1232300" lon="17.1224170">
    <ele>137.3</ele>
    <time>2025-09-30T18:30:16Z</time>
   </trkpt>
   <trkpt lat="48.1232320" lon="17.1224180">
    <ele>137.3</ele>
    <time>2025-09-30T18:30:17Z</time>
   </trkpt>
   <trkpt lat="48.1232320" lon="17.1224190">
    <ele>137.3</ele>
    <time>2025-09-30T18:30:18Z</time>
   </trkpt>
   <trkpt lat="48.1232320" lon="17.1224210">
    <ele>137.3</ele>
    <time>2025-09-30T18:30:19Z</time>
   </trkpt>
   <trkpt lat="48.1232330" lon="17.1224220">
    <ele>137.3</ele>
    <time>2025-09-30T18:30:20Z</time>
   </trkpt>
   <trkpt lat="48.1232330" lon="17.1224250">
    <ele>137.3</ele>
    <time>2025-09-30T18:30:21Z</time>
   </trkpt>
   <trkpt lat="48.1232320" lon="17.1224260">
    <ele>137.3</ele>
    <time>2025-09-30T18:30:22Z</time>
   </trkpt>
   <trkpt lat="48.1232310" lon="17.1224280">
    <ele>137.3</ele>
    <time>2025-09-30T18:30:23Z</time>
   </trkpt>
   <trkpt lat="48.1232320" lon="17.1224360">
    <ele>137.3</ele>
    <time>2025-09-30T18:30:24Z</time>
   </trkpt>
   <trkpt lat="48.1232390" lon="17.1224500">
    <ele>137.3</ele>
    <time>2025-09-30T18:30:25Z</time>
   </trkpt>
   <trkpt lat="48.1232410" lon="17.1224620">
    <ele>137.3</ele>
    <time>2025-09-30T18:30:26Z</time>
   </trkpt>
   <trkpt lat="48.1232410" lon="17.1224760">
    <ele>137.3</ele>
    <time>2025-09-30T18:30:27Z</time>
   </trkpt>
   <trkpt lat="48.1232400" lon="17.1224820">
    <ele>137.3</ele>
    <time>2025-09-30T18:30:28Z</time>
   </trkpt>
   <trkpt lat="48.1232420" lon="17.1224760">
    <ele>137.3</ele>
    <time>2025-09-30T18:30:29Z</time>
   </trkpt>
   <trkpt lat="48.1232430" lon="17.1224650">
    <ele>137.3</ele>
    <time>2025-09-30T18:30:30Z</time>
   </trkpt>
   <trkpt lat="48.1232480" lon="17.1224610">
    <ele>137.3</ele>
    <time>2025-09-30T18:30:31Z</time>
   </trkpt>
   <trkpt lat="48.1232510" lon="17.1224490">
    <ele>137.3</ele>
    <time>2025-09-30T18:30:32Z</time>
   </trkpt>
   <trkpt lat="48.1232520" lon="17.1224370">
    <ele>137.3</ele>
    <time>2025-09-30T18:30:33Z</time>
   </trkpt>
   <trkpt lat="48.1232520" lon="17.1224270">
    <ele>137.3</ele>
    <time>2025-09-30T18:30:34Z</time>
   </trkpt>
   <trkpt lat="48.1232520" lon="17.1224160">
    <ele>137.3</ele>
    <time>2025-09-30T18:30:35Z</time>
   </trkpt>
   <trkpt lat="48.1232500" lon="17.1224040">
    <ele>137.3</ele>
    <time>2025-09-30T18:30:36Z</time>
   </trkpt>
   <trkpt lat="48.1232480" lon="17.1223960">
    <ele>137.3</ele>
    <time>2025-09-30T18:30:37Z</time>
   </trkpt>
   <trkpt lat="48.1232460" lon="17.1223880">
    <ele>137.3</ele>
    <time>2025-09-30T18:30:38Z</time>
   </trkpt>
   <trkpt lat="48.1232460" lon="17.1223850">
    <ele>137.3</ele>
    <time>2025-09-30T18:30:39Z</time>
   </trkpt>
   <trkpt lat="48.1232450" lon="17.1223820">
    <ele>137.3</ele>
    <time>2025-09-30T18:30:40Z</time>
   </trkpt>
   <trkpt lat="48.1232440" lon="17.1223790">
    <ele>137.3</ele>
    <time>2025-09-30T18:30:41Z</time>
   </trkpt>
   <trkpt lat="48.1232430" lon="17.1223770">
    <ele>137.3</ele>
    <time>2025-09-30T18:30:42Z</time>
   </trkpt>
   <trkpt lat="48.1232430" lon="17.1223740">
    <ele>137.3</ele>
    <time>2025-09-30T18:30:43Z</time>
   </trkpt>
   <trkpt lat="48.1232420" lon="17.1223710">
    <ele>137.3</ele>
    <time>2025-09-30T18:30:44Z</time>
   </trkpt>
   <trkpt lat="48.1232410" lon="17.1223680">
    <ele>137.3</ele>
    <time>2025-09-30T18:30:45Z</time>
   </trkpt>
   <trkpt lat="48.1232410" lon="17.1223650">
    <ele>137.2</ele>
    <time>2025-09-30T18:30:46Z</time>
   </trkpt>
   <trkpt lat="48.1232400" lon="17.1223620">
    <ele>137.2</ele>
    <time>2025-09-30T18:30:47Z</time>
   </trkpt>
   <trkpt lat="48.1232390" lon="17.1223590">
    <ele>137.2</ele>
    <time>2025-09-30T18:30:48Z</time>
   </trkpt>
   <trkpt lat="48.1232390" lon="17.1223560">
    <ele>137.2</ele>
    <time>2025-09-30T18:30:49Z</time>
   </trkpt>
   <trkpt lat="48.1232380" lon="17.1223540">
    <ele>137.2</ele>
    <time>2025-09-30T18:30:50Z</time>
   </trkpt>
   <trkpt lat="48.1232370" lon="17.1223510">
    <ele>137.2</ele>
    <time>2025-09-30T18:30:51Z</time>
   </trkpt>
   <trkpt lat="48.1232360" lon="17.1223480">
    <ele>137.2</ele>
    <time>2025-09-30T18:30:52Z</time>
   </trkpt>
   <trkpt lat="48.1232360" lon="17.1223450">
    <ele>137.2</ele>
    <time>2025-09-30T18:30:53Z</time>
   </trkpt>
   <trkpt lat="48.1232350" lon="17.1223420">
    <ele>137.2</ele>
    <time>2025-09-30T18:30:54Z</time>
   </trkpt>
   <trkpt lat="48.1232330" lon="17.1223280">
    <ele>137.2</ele>
    <time>2025-09-30T18:30:55Z</time>
   </trkpt>
   <trkpt lat="48.1232300" lon="17.1223190">
    <ele>137.2</ele>
    <time>2025-09-30T18:30:56Z</time>
   </trkpt>
   <trkpt lat="48.1232290" lon="17.1223150">
    <ele>137.2</ele>
    <time>2025-09-30T18:30:57Z</time>
   </trkpt>
   <trkpt lat="48.1232290" lon="17.1223160">
    <ele>137.2</ele>
    <time>2025-09-30T18:30:58Z</time>
   </trkpt>
   <trkpt lat="48.1232280" lon="17.1223150">
    <ele>137.2</ele>
    <time>2025-09-30T18:30:59Z</time>
   </trkpt>
   <trkpt lat="48.1232290" lon="17.1223120">
    <ele>137.2</ele>
    <time>2025-09-30T18:31:00Z</time>
   </trkpt>
   <trkpt lat="48.1232300" lon="17.1223080">
    <ele>137.2</ele>
    <time>2025-09-30T18:31:01Z</time>
   </trkpt>
   <trkpt lat="48.1232310" lon="17.1223030">
    <ele>137.2</ele>
    <time>2025-09-30T18:31:02Z</time>
   </trkpt>
   <trkpt lat="48.1232320" lon="17.1222990">
    <ele>137.2</ele>
    <time>2025-09-30T18:31:03Z</time>
   </trkpt>
   <trkpt lat="48.1232330" lon="17.1222950">
    <ele>137.2</ele>
    <time>2025-09-30T18:31:04Z</time>
   </trkpt>
   <trkpt lat="48.1232340" lon="17.1222920">
    <ele>137.2</ele>
    <time>2025-09-30T18:31:05Z</time>
   </trkpt>
   <trkpt lat="48.1232350" lon="17.1222900">
    <ele>137.2</ele>
    <time>2025-09-30T18:31:06Z</time>
   </trkpt>
   <trkpt lat="48.1232350" lon="17.1222870">
    <ele>137.2</ele>
    <time>2025-09-30T18:31:07Z</time>
   </trkpt>
   <trkpt lat="48.1232360" lon="17.1222850">
    <ele>137.2</ele>
    <time>2025-09-30T18:31:08Z</time>
   </trkpt>
   <trkpt lat="48.1232370" lon="17.1222830">
    <ele>137.2</ele>
    <time>2025-09-30T18:31:09Z</time>
   </trkpt>
   <trkpt lat="48.1232380" lon="17.1222820">
    <ele>137.2</ele>
    <time>2025-09-30T18:31:10Z</time>
   </trkpt>
   <trkpt lat="48.1232410" lon="17.1222800">
    <ele>137.2</ele>
    <time>2025-09-30T18:31:11Z</time>
   </trkpt>
   <trkpt lat="48.1232420" lon="17.1222800">
    <ele>137.2</ele>
    <time>2025-09-30T18:31:12Z</time>
   </trkpt>
   <trkpt lat="48.1232420" lon="17.1222790">
    <ele>137.2</ele>
    <time>2025-09-30T18:31:13Z</time>
   </trkpt>
   <trkpt lat="48.1232420" lon="17.1222790">
    <ele>137.2</ele>
    <time>2025-09-30T18:31:14Z</time>
   </trkpt>
   <trkpt lat="48.1232420" lon="17.1222780">
    <ele>137.2</ele>
    <time>2025-09-30T18:31:15Z</time>
   </trkpt>
   <trkpt lat="48.1232430" lon="17.1222780">
    <ele>137.2</ele>
    <time>2025-09-30T18:31:16Z</time>
   </trkpt>
   <trkpt lat="48.1232430" lon="17.1222780">
    <ele>137.2</ele>
    <time>2025-09-30T18:31:17Z</time>
   </trkpt>
   <trkpt lat="48.1232430" lon="17.1222780">
    <ele>137.2</ele>
    <time>2025-09-30T18:31:18Z</time>
   </trkpt>
   <trkpt lat="48.1232430" lon="17.1222780">
    <ele>137.2</ele>
    <time>2025-09-30T18:31:19Z</time>
   </trkpt>
   <trkpt lat="48.1232430" lon="17.1222780">
    <ele>137.2</ele>
    <time>2025-09-30T18:31:20Z</time>
   </trkpt>
   <trkpt lat="48.1232430" lon="17.1222790">
    <ele>137.2</ele>
    <time>2025-09-30T18:31:21Z</time>
   </trkpt>
   <trkpt lat="48.1232430" lon="17.1222790">
    <ele>137.2</ele>
    <time>2025-09-30T18:31:22Z</time>
   </trkpt>
   <trkpt lat="48.1232430" lon="17.1222790">
    <ele>137.2</ele>
    <time>2025-09-30T18:31:23Z</time>
   </trkpt>
   <trkpt lat="48.1232430" lon="17.1222790">
    <ele>137.2</ele>
    <time>2025-09-30T18:31:24Z</time>
   </trkpt>
   <trkpt lat="48.1232430" lon="17.1222790">
    <ele>137.2</ele>
    <time>2025-09-30T18:31:25Z</time>
   </trkpt>
   <trkpt lat="48.1232430" lon="17.1222790">
    <ele>137.2</ele>
    <time>2025-09-30T18:31:26Z</time>
   </trkpt>
   <trkpt lat="48.1232430" lon="17.1222790">
    <ele>137.2</ele>
    <time>2025-09-30T18:31:27Z</time>
   </trkpt>
   <trkpt lat="48.1232430" lon="17.1222790">
    <ele>137.2</ele>
    <time>2025-09-30T18:31:28Z</time>
   </trkpt>
   <trkpt lat="48.1232430" lon="17.1222790">
    <ele>137.2</ele>
    <time>2025-09-30T18:31:29Z</time>
   </trkpt>
   <trkpt lat="48.1232430" lon="17.1222790">
    <ele>137.2</ele>
    <time>2025-09-30T18:31:30Z</time>
   </trkpt>
   <trkpt lat="48.1232430" lon="17.1222790">
    <ele>137.2</ele>
    <time>2025-09-30T18:31:31Z</time>
   </trkpt>
   <trkpt lat="48.1232430" lon="17.1222790">
    <ele>137.2</ele>
    <time>2025-09-30T18:31:32Z</time>
   </trkpt>
   <trkpt lat="48.1232430" lon="17.1222790">
    <ele>137.2</ele>
    <time>2025-09-30T18:31:33Z</time>
   </trkpt>
   <trkpt lat="48.1232430" lon="17.1222790">
    <ele>137.2</ele>
    <time>2025-09-30T18:31:34Z</time>
   </trkpt>
   <trkpt lat="48.1232430" lon="17.1222790">
    <ele>137.2</ele>
    <time>2025-09-30T18:31:35Z</time>
   </trkpt>
   <trkpt lat="48.1232430" lon="17.1222790">
    <ele>137.2</ele>
    <time>2025-09-30T18:31:36Z</time>
   </trkpt>
   <trkpt lat="48.1232430" lon="17.1222790">
    <ele>137.2</ele>
    <time>2025-09-30T18:31:37Z</time>
   </trkpt>
   <trkpt lat="48.1232430" lon="17.1222790">
    <ele>137.2</ele>
    <time>2025-09-30T18:31:38Z</time>
   </trkpt>
   <trkpt lat="48.1232430" lon="17.1222790">
    <ele>137.2</ele>
    <time>2025-09-30T18:31:39Z</time>
   </trkpt>
   <trkpt lat="48.1232430" lon="17.1222790">
    <ele>137.2</ele>
    <time>2025-09-30T18:31:40Z</time>
   </trkpt>
   <trkpt lat="48.1232440" lon="17.1222620">
    <ele>137.2</ele>
    <time>2025-09-30T18:31:41Z</time>
   </trkpt>
   <trkpt lat="48.1232450" lon="17.1222510">
    <ele>137.2</ele>
    <time>2025-09-30T18:31:42Z</time>
   </trkpt>
   <trkpt lat="48.1232460" lon="17.1222480">
    <ele>137.2</ele>
    <time>2025-09-30T18:31:43Z</time>
   </trkpt>
   <trkpt lat="48.1232470" lon="17.1222460">
    <ele>137.2</ele>
    <time>2025-09-30T18:31:44Z</time>
   </trkpt>
   <trkpt lat="48.1232470" lon="17.1222460">
    <ele>137.2</ele>
    <time>2025-09-30T18:31:45Z</time>
   </trkpt>
   <trkpt lat="48.1232480" lon="17.1222460">
    <ele>137.2</ele>
    <time>2025-09-30T18:31:46Z</time>
   </trkpt>
   <trkpt lat="48.1232480" lon="17.1222460">
    <ele>137.2</ele>
    <time>2025-09-30T18:31:47Z</time>
   </trkpt>
   <trkpt lat="48.1232490" lon="17.1222470">
    <ele>137.2</ele>
    <time>2025-09-30T18:31:48Z</time>
   </trkpt>
   <trkpt lat="48.1232490" lon="17.1222470">
    <ele>137.2</ele>
    <time>2025-09-30T18:31:49Z</time>
   </trkpt>
   <trkpt lat="48.1232490" lon="17.1222470">
    <ele>137.2</ele>
    <time>2025-09-30T18:31:50Z</time>
   </trkpt>
   <trkpt lat="48.1232490" lon="17.1222470">
    <ele>137.2</ele>
    <time>2025-09-30T18:31:51Z</time>
   </trkpt>
   <trkpt lat="48.1232490" lon="17.1222470">
    <ele>137.2</ele>
    <time>2025-09-30T18:31:52Z</time>
   </trkpt>
   <trkpt lat="48.1232490" lon="17.1222470">
    <ele>137.2</ele>
    <time>2025-09-30T18:31:53Z</time>
   </trkpt>
   <trkpt lat="48.1232490" lon="17.1222470">
    <ele>137.2</ele>
    <time>2025-09-30T18:31:54Z</time>
   </trkpt>
   <trkpt lat="48.1232490" lon="17.1222470">
    <ele>137.2</ele>
    <time>2025-09-30T18:31:55Z</time>
   </trkpt>
   <trkpt lat="48.1232490" lon="17.1222470">
    <ele>137.2</ele>
    <time>2025-09-30T18:31:56Z</time>
   </trkpt>
   <trkpt lat="48.1232490" lon="17.1222470">
    <ele>137.2</ele>
    <time>2025-09-30T18:31:57Z</time>
   </trkpt>
   <trkpt lat="48.1232490" lon="17.1222470">
    <ele>137.2</ele>
    <time>2025-09-30T18:31:58Z</time>
   </trkpt>
   <trkpt lat="48.1232490" lon="17.1222470">
    <ele>137.2</ele>
    <time>2025-09-30T18:31:59Z</time>
   </trkpt>
   <trkpt lat="48.1232490" lon="17.1222470">
    <ele>137.2</ele>
    <time>2025-09-30T18:32:00Z</time>
   </trkpt>
   <trkpt lat="48.1232580" lon="17.1222300">
    <ele>137.2</ele>
    <time>2025-09-30T18:32:01Z</time>
   </trkpt>
   <trkpt lat="48.1232580" lon="17.1222250">
    <ele>137.2</ele>
    <time>2025-09-30T18:32:02Z</time>
   </trkpt>
   <trkpt lat="48.1232560" lon="17.1222210">
    <ele>137.2</ele>
    <time>2025-09-30T18:32:03Z</time>
   </trkpt>
   <trkpt lat="48.1232530" lon="17.1222140">
    <ele>137.2</ele>
    <time>2025-09-30T18:32:04Z</time>
   </trkpt>
   <trkpt lat="48.1232530" lon="17.1222120">
    <ele>137.2</ele>
    <time>2025-09-30T18:32:05Z</time>
   </trkpt>
   <trkpt lat="48.1232520" lon="17.1222120">
    <ele>137.2</ele>
    <time>2025-09-30T18:32:06Z</time>
   </trkpt>
   <trkpt lat="48.1232520" lon="17.1222120">
    <ele>137.2</ele>
    <time>2025-09-30T18:32:07Z</time>
   </trkpt>
   <trkpt lat="48.1232520" lon="17.1222120">
    <ele>137.2</ele>
    <time>2025-09-30T18:32:08Z</time>
   </trkpt>
   <trkpt lat="48.1232520" lon="17.1222120">
    <ele>137.2</ele>
    <time>2025-09-30T18:32:09Z</time>
   </trkpt>
   <trkpt lat="48.1232520" lon="17.1222120">
    <ele>137.2</ele>
    <time>2025-09-30T18:32:10Z</time>
   </trkpt>
   <trkpt lat="48.1232520" lon="17.1222120">
    <ele>137.2</ele>
    <time>2025-09-30T18:32:11Z</time>
   </trkpt>
   <trkpt lat="48.1232520" lon="17.1222120">
    <ele>137.2</ele>
    <time>2025-09-30T18:32:12Z</time>
   </trkpt>
   <trkpt lat="48.1232520" lon="17.1222120">
    <ele>137.2</ele>
    <time>2025-09-30T18:32:13Z</time>
   </trkpt>
   <trkpt lat="48.1232520" lon="17.1222120">
    <ele>137.2</ele>
    <time>2025-09-30T18:32:14Z</time>
   </trkpt>
   <trkpt lat="48.1232520" lon="17.1222120">
    <ele>137.2</ele>
    <time>2025-09-30T18:32:15Z</time>
   </trkpt>
   <trkpt lat="48.1232520" lon="17.1222120">
    <ele>137.2</ele>
    <time>2025-09-30T18:32:16Z</time>
   </trkpt>
   <trkpt lat="48.1232520" lon="17.1222120">
    <ele>137.2</ele>
    <time>2025-09-30T18:32:17Z</time>
   </trkpt>
   <trkpt lat="48.1232520" lon="17.1222120">
    <ele>137.2</ele>
    <time>2025-09-30T18:32:18Z</time>
   </trkpt>
   <trkpt lat="48.1232520" lon="17.1222120">
    <ele>137.2</ele>
    <time>2025-09-30T18:32:19Z</time>
   </trkpt>
   <trkpt lat="48.1232520" lon="17.1222120">
    <ele>137.2</ele>
    <time>2025-09-30T18:32:20Z</time>
   </trkpt>
   <trkpt lat="48.1232520" lon="17.1222120">
    <ele>137.2</ele>
    <time>2025-09-30T18:32:21Z</time>
   </trkpt>
   <trkpt lat="48.1232520" lon="17.1222120">
    <ele>137.2</ele>
    <time>2025-09-30T18:32:22Z</time>
   </trkpt>
   <trkpt lat="48.1232520" lon="17.1222120">
    <ele>137.2</ele>
    <time>2025-09-30T18:32:23Z</time>
   </trkpt>
   <trkpt lat="48.1232520" lon="17.1222120">
    <ele>137.2</ele>
    <time>2025-09-30T18:32:24Z</time>
   </trkpt>
   <trkpt lat="48.1232520" lon="17.1222120">
    <ele>137.2</ele>
    <time>2025-09-30T18:32:25Z</time>
   </trkpt>
   <trkpt lat="48.1232520" lon="17.1222120">
    <ele>137.2</ele>
    <time>2025-09-30T18:32:26Z</time>
   </trkpt>
   <trkpt lat="48.1232520" lon="17.1222120">
    <ele>137.2</ele>
    <time>2025-09-30T18:32:27Z</time>
   </trkpt>
   <trkpt lat="48.1232520" lon="17.1222120">
    <ele>137.2</ele>
    <time>2025-09-30T18:32:28Z</time>
   </trkpt>
   <trkpt lat="48.1232520" lon="17.1222120">
    <ele>137.2</ele>
    <time>2025-09-30T18:32:29Z</time>
   </trkpt>
   <trkpt lat="48.1232520" lon="17.1222120">
    <ele>137.2</ele>
    <time>2025-09-30T18:32:30Z</time>
   </trkpt>
   <trkpt lat="48.1232520" lon="17.1222120">
    <ele>137.2</ele>
    <time>2025-09-30T18:32:31Z</time>
   </trkpt>
   <trkpt lat="48.1232520" lon="17.1222120">
    <ele>137.2</ele>
    <time>2025-09-30T18:32:32Z</time>
   </trkpt>
   <trkpt lat="48.1232520" lon="17.1222120">
    <ele>137.2</ele>
    <time>2025-09-30T18:32:33Z</time>
   </trkpt>
   <trkpt lat="48.1232510" lon="17.1222100">
    <ele>137.2</ele>
    <time>2025-09-30T18:32:34Z</time>
   </trkpt>
   <trkpt lat="48.1232530" lon="17.1222120">
    <ele>137.2</ele>
    <time>2025-09-30T18:32:35Z</time>
   </trkpt>
   <trkpt lat="48.1232550" lon="17.1222160">
    <ele>137.2</ele>
    <time>2025-09-30T18:32:36Z</time>
   </trkpt>
   <trkpt lat="48.1232560" lon="17.1222180">
    <ele>137.2</ele>
    <time>2025-09-30T18:32:37Z</time>
   </trkpt>
   <trkpt lat="48.1232590" lon="17.1222210">
    <ele>137.2</ele>
    <time>2025-09-30T18:32:38Z</time>
   </trkpt>
   <trkpt lat="48.1232600" lon="17.1222230">
    <ele>137.2</ele>
    <time>2025-09-30T18:32:39Z</time>
   </trkpt>
   <trkpt lat="48.1232610" lon="17.1222250">
    <ele>137.2</ele>
    <time>2025-09-30T18:32:40Z</time>
   </trkpt>
   <trkpt lat="48.1232610" lon="17.1222280">
    <ele>137.2</ele>
    <time>2025-09-30T18:32:41Z</time>
   </trkpt>
   <trkpt lat="48.1232620" lon="17.1222310">
    <ele>137.2</ele>
    <time>2025-09-30T18:32:42Z</time>
   </trkpt>
   <trkpt lat="48.1232630" lon="17.1222330">
    <ele>137.1</ele>
    <time>2025-09-30T18:32:43Z</time>
   </trkpt>
   <trkpt lat="48.1232640" lon="17.1222350">
    <ele>137.1</ele>
    <time>2025-09-30T18:32:44Z</time>
   </trkpt>
   <trkpt lat="48.1232640" lon="17.1222360">
    <ele>137.1</ele>
    <time>2025-09-30T18:32:45Z</time>
   </trkpt>
   <trkpt lat="48.1232640" lon="17.1222350">
    <ele>137.1</ele>
    <time>2025-09-30T18:32:46Z</time>
   </trkpt>
   <trkpt lat="48.1232650" lon="17.1222380">
    <ele>137.1</ele>
    <time>2025-09-30T18:32:47Z</time>
   </trkpt>
   <trkpt lat="48.1232650" lon="17.1222410">
    <ele>137.1</ele>
    <time>2025-09-30T18:32:48Z</time>
   </trkpt>
   <trkpt lat="48.1232660" lon="17.1222420">
    <ele>137.1</ele>
    <time>2025-09-30T18:32:49Z</time>
   </trkpt>
   <trkpt lat="48.1232660" lon="17.1222420">
    <ele>137.1</ele>
    <time>2025-09-30T18:32:50Z</time>
   </trkpt>
   <trkpt lat="48.1232630" lon="17.1222390">
    <ele>137.1</ele>
    <time>2025-09-30T18:32:51Z</time>
   </trkpt>
   <trkpt lat="48.1232600" lon="17.1222370">
    <ele>137.1</ele>
    <time>2025-09-30T18:32:52Z</time>
   </trkpt>
   <trkpt lat="48.1232530" lon="17.1222240">
    <ele>137.1</ele>
    <time>2025-09-30T18:32:53Z</time>
   </trkpt>
   <trkpt lat="48.1232470" lon="17.1222080">
    <ele>137.1</ele>
    <time>2025-09-30T18:32:54Z</time>
   </trkpt>
   <trkpt lat="48.1232410" lon="17.1221910">
    <ele>137.1</ele>
    <time>2025-09-30T18:32:55Z</time>
   </trkpt>
   <trkpt lat="48.1232330" lon="17.1221780">
    <ele>137.1</ele>
    <time>2025-09-30T18:32:56Z</time>
   </trkpt>
   <trkpt lat="48.1232260" lon="17.1221680">
    <ele>137.1</ele>
    <time>2025-09-30T18:32:57Z</time>
   </trkpt>
   <trkpt lat="48.1232160" lon="17.1221520">
    <ele>137.1</ele>
    <time>2025-09-30T18:32:58Z</time>
   </trkpt>
   <trkpt lat="48.1232130" lon="17.1221460">
    <ele>137.1</ele>
    <time>2025-09-30T18:32:59Z</time>
   </trkpt>
   <trkpt lat="48.1232080" lon="17.1221350">
    <ele>137.1</ele>
    <time>2025-09-30T18:33:00Z</time>
   </trkpt>
   <trkpt lat="48.1232030" lon="17.1221260">
    <ele>137.1</ele>
    <time>2025-09-30T18:33:01Z</time>
   </trkpt>
   <trkpt lat="48.1231980" lon="17.1221190">
    <ele>137.1</ele>
    <time>2025-09-30T18:33:02Z</time>
   </trkpt>
   <trkpt lat="48.1231940" lon="17.1221130">
    <ele>137.1</ele>
    <time>2025-09-30T18:33:03Z</time>
   </trkpt>
   <trkpt lat="48.1231920" lon="17.1221080">
    <ele>137.1</ele>
    <time>2025-09-30T18:33:04Z</time>
   </trkpt>
   <trkpt lat="48.1231940" lon="17.1221090">
    <ele>137.1</ele>
    <time>2025-09-30T18:33:05Z</time>
   </trkpt>
   <trkpt lat="48.1231950" lon="17.1221080">
    <ele>137.1</ele>
    <time>2025-09-30T18:33:06Z</time>
   </trkpt>
   <trkpt lat="48.1231940" lon="17.1221020">
    <ele>137.1</ele>
    <time>2025-09-30T18:33:07Z</time>
   </trkpt>
   <trkpt lat="48.1231910" lon="17.1220970">
    <ele>137.1</ele>
    <time>2025-09-30T18:33:08Z</time>
   </trkpt>
   <trkpt lat="48.1231900" lon="17.1220910">
    <ele>137.1</ele>
    <time>2025-09-30T18:33:09Z</time>
   </trkpt>
   <trkpt lat="48.1231900" lon="17.1220890">
    <ele>137.1</ele>
    <time>2025-09-30T18:33:10Z</time>
   </trkpt>
   <trkpt lat="48.1231880" lon="17.1220850">
    <ele>137.1</ele>
    <time>2025-09-30T18:33:11Z</time>
   </trkpt>
   <trkpt lat="48.1231850" lon="17.1220760">
    <ele>137.1</ele>
    <time>2025-09-30T18:33:12Z</time>
   </trkpt>
   <trkpt lat="48.1231820" lon="17.1220700">
    <ele>137.1</ele>
    <time>2025-09-30T18:33:13Z</time>
   </trkpt>
   <trkpt lat="48.1231790" lon="17.1220640">
    <ele>137.1</ele>
    <time>2025-09-30T18:33:14Z</time>
   </trkpt>
   <trkpt lat="48.1231790" lon="17.1220620">
    <ele>137.1</ele>
    <time>2025-09-30T18:33:15Z</time>
   </trkpt>
   <trkpt lat="48.1231780" lon="17.1220610">
    <ele>137.1</ele>
    <time>2025-09-30T18:33:16Z</time>
   </trkpt>
   <trkpt lat="48.1231780" lon="17.1220590">
    <ele>137.1</ele>
    <time>2025-09-30T18:33:17Z</time>
   </trkpt>
   <trkpt lat="48.1231770" lon="17.1220580">
    <ele>137.1</ele>
    <time>2025-09-30T18:33:18Z</time>
   </trkpt>
   <trkpt lat="48.1231770" lon="17.1220560">
    <ele>137.1</ele>
    <time>2025-09-30T18:33:19Z</time>
   </trkpt>
   <trkpt lat="48.1231760" lon="17.1220550">
    <ele>137.1</ele>
    <time>2025-09-30T18:33:20Z</time>
   </trkpt>
   <trkpt lat="48.1231760" lon="17.1220530">
    <ele>137.1</ele>
    <time>2025-09-30T18:33:21Z</time>
   </trkpt>
   <trkpt lat="48.1231750" lon="17.1220520">
    <ele>137.1</ele>
    <time>2025-09-30T18:33:22Z</time>
   </trkpt>
   <trkpt lat="48.1231750" lon="17.1220500">
    <ele>137.1</ele>
    <time>2025-09-30T18:33:23Z</time>
   </trkpt>
   <trkpt lat="48.1231740" lon="17.1220490">
    <ele>137.1</ele>
    <time>2025-09-30T18:33:24Z</time>
   </trkpt>
   <trkpt lat="48.1231740" lon="17.1220470">
    <ele>137.1</ele>
    <time>2025-09-30T18:33:25Z</time>
   </trkpt>
   <trkpt lat="48.1231730" lon="17.1220460">
    <ele>137.1</ele>
    <time>2025-09-30T18:33:26Z</time>
   </trkpt>
   <trkpt lat="48.1231730" lon="17.1220440">
    <ele>137.1</ele>
    <time>2025-09-30T18:33:27Z</time>
   </trkpt>
   <trkpt lat="48.1231720" lon="17.1220430">
    <ele>137.1</ele>
    <time>2025-09-30T18:33:28Z</time>
   </trkpt>
   <trkpt lat="48.1231720" lon="17.1220410">
    <ele>137.1</ele>
    <time>2025-09-30T18:33:29Z</time>
   </trkpt>
   <trkpt lat="48.1231710" lon="17.1220400">
    <ele>137.1</ele>
    <time>2025-09-30T18:33:30Z</time>
   </trkpt>
   <trkpt lat="48.1231710" lon="17.1220380">
    <ele>137.1</ele>
    <time>2025-09-30T18:33:31Z</time>
   </trkpt>
   <trkpt lat="48.1231700" lon="17.1220370">
    <ele>137.1</ele>
    <time>2025-09-30T18:33:32Z</time>
   </trkpt>
   <trkpt lat="48.1231700" lon="17.1220350">
    <ele>137.1</ele>
    <time>2025-09-30T18:33:33Z</time>
   </trkpt>
   <trkpt lat="48.1231690" lon="17.1220340">
    <ele>137.1</ele>
    <time>2025-09-30T18:33:34Z</time>
   </trkpt>
   <trkpt lat="48.1231690" lon="17.1220320">
    <ele>137.1</ele>
    <time>2025-09-30T18:33:35Z</time>
   </trkpt>
   <trkpt lat="48.1231680" lon="17.1220310">
    <ele>137.1</ele>
    <time>2025-09-30T18:33:36Z</time>
   </trkpt>
   <trkpt lat="48.1231680" lon="17.1220290">
    <ele>137.1</ele>
    <time>2025-09-30T18:33:37Z</time>
   </trkpt>
   <trkpt lat="48.1231670" lon="17.1220280">
    <ele>137.1</ele>
    <time>2025-09-30T18:33:38Z</time>
   </trkpt>
   <trkpt lat="48.1231670" lon="17.1220260">
    <ele>137.1</ele>
    <time>2025-09-30T18:33:39Z</time>
   </trkpt>
   <trkpt lat="48.1231660" lon="17.1220250">
    <ele>137.1</ele>
    <time>2025-09-30T18:33:40Z</time>
   </trkpt>
   <trkpt lat="48.1231660" lon="17.1220230">
    <ele>137.1</ele>
    <time>2025-09-30T18:33:41Z</time>
   </trkpt>
   <trkpt lat="48.1231650" lon="17.1220220">
    <ele>137.1</ele>
    <time>2025-09-30T18:33:42Z</time>
   </trkpt>
   <trkpt lat="48.1231650" lon="17.1220200">
    <ele>137.1</ele>
    <time>2025-09-30T18:33:43Z</time>
   </trkpt>
   <trkpt lat="48.1231640" lon="17.1220190">
    <ele>137.1</ele>
    <time>2025-09-30T18:33:44Z</time>
   </trkpt>
   <trkpt lat="48.1231570" lon="17.1220000">
    <ele>137.1</ele>
    <time>2025-09-30T18:33:45Z</time>
   </trkpt>
   <trkpt lat="48.1231540" lon="17.1219870">
    <ele>137.1</ele>
    <time>2025-09-30T18:33:46Z</time>
   </trkpt>
   <trkpt lat="48.1231500" lon="17.1219780">
    <ele>137.1</ele>
    <time>2025-09-30T18:33:47Z</time>
   </trkpt>
   <trkpt lat="48.1231480" lon="17.1219680">
    <ele>137.1</ele>
    <time>2025-09-30T18:33:48Z</time>
   </trkpt>
   <trkpt lat="48.1231510" lon="17.1219690">
    <ele>137.1</ele>
    <time>2025-09-30T18:33:49Z</time>
   </trkpt>
   <trkpt lat="48.1231500" lon="17.1219590">
    <ele>137.0</ele>
    <time>2025-09-30T18:33:50Z</time>
   </trkpt>
   <trkpt lat="48.1231480" lon="17.1219430">
    <ele>137.0</ele>
    <time>2025-09-30T18:33:51Z</time>
   </trkpt>
   <trkpt lat="48.1231470" lon="17.1219250">
    <ele>137.0</ele>
    <time>2025-09-30T18:33:52Z</time>
   </trkpt>
   <trkpt lat="48.1231430" lon="17.1219130">
    <ele>137.0</ele>
    <time>2025-09-30T18:33:53Z</time>
   </trkpt>
   <trkpt lat="48.1231420" lon="17.1218980">
    <ele>137.0</ele>
    <time>2025-09-30T18:33:54Z</time>
   </trkpt>
   <trkpt lat="48.1231520" lon="17.1218820">
    <ele>137.0</ele>
    <time>2025-09-30T18:33:55Z</time>
   </trkpt>
   <trkpt lat="48.1231400" lon="17.1218720">
    <ele>137.0</ele>
    <time>2025-09-30T18:33:57Z</time>
   </trkpt>
   <trkpt lat="48.1231370" lon="17.1218760">
    <ele>137.0</ele>
    <time>2025-09-30T18:33:58Z</time>
   </trkpt>
   <trkpt lat="48.1231370" lon="17.1218770">
    <ele>137.0</ele>
    <time>2025-09-30T18:33:59Z</time>
   </trkpt>
   <trkpt lat="48.1231380" lon="17.1218770">
    <ele>137.0</ele>
    <time>2025-09-30T18:34:00Z</time>
   </trkpt>
   <trkpt lat="48.1231390" lon="17.1218780">
    <ele>137.0</ele>
    <time>2025-09-30T18:34:01Z</time>
   </trkpt>
   <trkpt lat="48.1231390" lon="17.1218780">
    <ele>137.0</ele>
    <time>2025-09-30T18:34:02Z</time>
   </trkpt>
   <trkpt lat="48.1231370" lon="17.1218750">
    <ele>137.0</ele>
    <time>2025-09-30T18:34:03Z</time>
   </trkpt>
   <trkpt lat="48.1231310" lon="17.1218640">
    <ele>137.0</ele>
    <time>2025-09-30T18:34:04Z</time>
   </trkpt>
   <trkpt lat="48.1231250" lon="17.1218540">
    <ele>137.0</ele>
    <time>2025-09-30T18:34:05Z</time>
   </trkpt>
   <trkpt lat="48.1231120" lon="17.1218320">
    <ele>137.0</ele>
    <time>2025-09-30T18:34:06Z</time>
   </trkpt>
   <trkpt lat="48.1231090" lon="17.1218180">
    <ele>137.0</ele>
    <time>2025-09-30T18:34:07Z</time>
   </trkpt>
   <trkpt lat="48.1231050" lon="17.1218050">
    <ele>137.0</ele>
    <time>2025-09-30T18:34:08Z</time>
   </trkpt>
   <trkpt lat="48.1231050" lon="17.1217760">
    <ele>137.0</ele>
    <time>2025-09-30T18:34:09Z</time>
   </trkpt>
   <trkpt lat="48.1231000" lon="17.1217590">
    <ele>137.0</ele>
    <time>2025-09-30T18:34:10Z</time>
   </trkpt>
   <trkpt lat="48.1230950" lon="17.1217460">
    <ele>137.0</ele>
    <time>2025-09-30T18:34:11Z</time>
   </trkpt>
   <trkpt lat="48.1230890" lon="17.1217440">
    <ele>137.0</ele>
    <time>2025-09-30T18:34:12Z</time>
   </trkpt>
   <trkpt lat="48.1230850" lon="17.1217480">
    <ele>137.0</ele>
    <time>2025-09-30T18:34:13Z</time>
   </trkpt>
   <trkpt lat="48.1230830" lon="17.1217510">
    <ele>137.0</ele>
    <time>2025-09-30T18:34:14Z</time>
   </trkpt>
   <trkpt lat="48.1230850" lon="17.1217510">
    <ele>137.0</ele>
    <time>2025-09-30T18:34:15Z</time>
   </trkpt>
   <trkpt lat="48.1230880" lon="17.1217530">
    <ele>137.0</ele>
    <time>2025-09-30T18:34:16Z</time>
   </trkpt>
   <trkpt lat="48.1230890" lon="17.1217540">
    <ele>137.0</ele>
    <time>2025-09-30T18:34:17Z</time>
   </trkpt>
   <trkpt lat="48.1230910" lon="17.1217540">
    <ele>137.0</ele>
    <time>2025-09-30T18:34:18Z</time>
   </trkpt>
   <trkpt lat="48.1230930" lon="17.1217520">
    <ele>137.0</ele>
    <time>2025-09-30T18:34:19Z</time>
   </trkpt>
   <trkpt lat="48.1230910" lon="17.1217480">
    <ele>137.0</ele>
    <time>2025-09-30T18:34:20Z</time>
   </trkpt>
   <trkpt lat="48.1230860" lon="17.1217400">
    <ele>137.0</ele>
    <time>2025-09-30T18:34:21Z</time>
   </trkpt>
   <trkpt lat="48.1230810" lon="17.1217320">
    <ele>137.0</ele>
    <time>2025-09-30T18:34:22Z</time>
   </trkpt>
   <trkpt lat="48.1230730" lon="17.1217250">
    <ele>137.0</ele>
    <time>2025-09-30T18:34:23Z</time>
   </trkpt>
   <trkpt lat="48.1230670" lon="17.1217240">
    <ele>137.0</ele>
    <time>2025-09-30T18:34:24Z</time>
   </trkpt>
   <trkpt lat="48.1230650" lon="17.1217240">
    <ele>137.0</ele>
    <time>2025-09-30T18:34:25Z</time>
   </trkpt>
   <trkpt lat="48.1230630" lon="17.1217230">
    <ele>137.0</ele>
    <time>2025-09-30T18:34:26Z</time>
   </trkpt>
   <trkpt lat="48.1230600" lon="17.1217220">
    <ele>137.0</ele>
    <time>2025-09-30T18:34:27Z</time>
   </trkpt>
   <trkpt lat="48.1230580" lon="17.1217200">
    <ele>137.0</ele>
    <time>2025-09-30T18:34:28Z</time>
   </trkpt>
   <trkpt lat="48.1230530" lon="17.1217160">
    <ele>137.0</ele>
    <time>2025-09-30T18:34:29Z</time>
   </trkpt>
   <trkpt lat="48.1230510" lon="17.1217160">
    <ele>137.1</ele>
    <time>2025-09-30T18:34:30Z</time>
   </trkpt>
   <trkpt lat="48.1230540" lon="17.1217160">
    <ele>137.1</ele>
    <time>2025-09-30T18:34:31Z</time>
   </trkpt>
   <trkpt lat="48.1230530" lon="17.1217160">
    <ele>137.1</ele>
    <time>2025-09-30T18:34:32Z</time>
   </trkpt>
   <trkpt lat="48.1230530" lon="17.1217160">
    <ele>137.1</ele>
    <time>2025-09-30T18:34:33Z</time>
   </trkpt>
   <trkpt lat="48.1230540" lon="17.1217160">
    <ele>137.1</ele>
    <time>2025-09-30T18:34:34Z</time>
   </trkpt>
   <trkpt lat="48.1230550" lon="17.1217160">
    <ele>137.1</ele>
    <time>2025-09-30T18:34:35Z</time>
   </trkpt>
   <trkpt lat="48.1230560" lon="17.1217150">
    <ele>137.1</ele>
    <time>2025-09-30T18:34:36Z</time>
   </trkpt>
   <trkpt lat="48.1230560" lon="17.1217160">
    <ele>137.1</ele>
    <time>2025-09-30T18:34:37Z</time>
   </trkpt>
   <trkpt lat="48.1230580" lon="17.1217160">
    <ele>137.1</ele>
    <time>2025-09-30T18:34:38Z</time>
   </trkpt>
   <trkpt lat="48.1230580" lon="17.1217150">
    <ele>137.1</ele>
    <time>2025-09-30T18:34:39Z</time>
   </trkpt>
   <trkpt lat="48.1230580" lon="17.1217140">
    <ele>137.1</ele>
    <time>2025-09-30T18:34:40Z</time>
   </trkpt>
   <trkpt lat="48.1230580" lon="17.1217130">
    <ele>137.1</ele>
    <time>2025-09-30T18:34:41Z</time>
   </trkpt>
   <trkpt lat="48.1230560" lon="17.1217110">
    <ele>137.1</ele>
    <time>2025-09-30T18:34:42Z</time>
   </trkpt>
   <trkpt lat="48.1230610" lon="17.1217110">
    <ele>137.1</ele>
    <time>2025-09-30T18:34:43Z</time>
   </trkpt>
   <trkpt lat="48.1230630" lon="17.1217110">
    <ele>137.1</ele>
    <time>2025-09-30T18:34:44Z</time>
   </trkpt>
   <trkpt lat="48.1230630" lon="17.1217110">
    <ele>137.1</ele>
    <time>2025-09-30T18:34:45Z</time>
   </trkpt>
   <trkpt lat="48.1230640" lon="17.1217110">
    <ele>137.1</ele>
    <time>2025-09-30T18:34:46Z</time>
   </trkpt>
   <trkpt lat="48.1230640" lon="17.1217110">
    <ele>137.1</ele>
    <time>2025-09-30T18:34:47Z</time>
   </trkpt>
   <trkpt lat="48.1230640" lon="17.1217110">
    <ele>137.1</ele>
    <time>2025-09-30T18:34:48Z</time>
   </trkpt>
   <trkpt lat="48.1230640" lon="17.1217110">
    <ele>137.1</ele>
    <time>2025-09-30T18:34:49Z</time>
   </trkpt>
   <trkpt lat="48.1230640" lon="17.1217110">
    <ele>137.1</ele>
    <time>2025-09-30T18:34:50Z</time>
   </trkpt>
   <trkpt lat="48.1230640" lon="17.1217110">
    <ele>137.1</ele>
    <time>2025-09-30T18:34:51Z</time>
   </trkpt>
   <trkpt lat="48.1230640" lon="17.1217110">
    <ele>137.1</ele>
    <time>2025-09-30T18:34:52Z</time>
   </trkpt>
   <trkpt lat="48.1230640" lon="17.1217110">
    <ele>137.1</ele>
    <time>2025-09-30T18:34:53Z</time>
   </trkpt>
   <trkpt lat="48.1230640" lon="17.1217110">
    <ele>137.1</ele>
    <time>2025-09-30T18:34:54Z</time>
   </trkpt>
   <trkpt lat="48.1230640" lon="17.1217110">
    <ele>137.1</ele>
    <time>2025-09-30T18:34:55Z</time>
   </trkpt>
   <trkpt lat="48.1230640" lon="17.1217110">
    <ele>137.1</ele>
    <time>2025-09-30T18:34:56Z</time>
   </trkpt>
   <trkpt lat="48.1230640" lon="17.1217110">
    <ele>137.1</ele>
    <time>2025-09-30T18:34:57Z</time>
   </trkpt>
   <trkpt lat="48.1230640" lon="17.1217110">
    <ele>137.1</ele>
    <time>2025-09-30T18:34:58Z</time>
   </trkpt>
   <trkpt lat="48.1230640" lon="17.1217110">
    <ele>137.1</ele>
    <time>2025-09-30T18:34:59Z</time>
   </trkpt>
   <trkpt lat="48.1230640" lon="17.1217110">
    <ele>137.1</ele>
    <time>2025-09-30T18:35:00Z</time>
   </trkpt>
   <trkpt lat="48.1230640" lon="17.1217110">
    <ele>137.1</ele>
    <time>2025-09-30T18:35:01Z</time>
   </trkpt>
   <trkpt lat="48.1230640" lon="17.1217110">
    <ele>137.1</ele>
    <time>2025-09-30T18:35:02Z</time>
   </trkpt>
   <trkpt lat="48.1230590" lon="17.1216900">
    <ele>137.1</ele>
    <time>2025-09-30T18:35:03Z</time>
   </trkpt>
   <trkpt lat="48.1230580" lon="17.1216850">
    <ele>137.1</ele>
    <time>2025-09-30T18:35:04Z</time>
   </trkpt>
   <trkpt lat="48.1230580" lon="17.1216820">
    <ele>137.1</ele>
    <time>2025-09-30T18:35:05Z</time>
   </trkpt>
   <trkpt lat="48.1230580" lon="17.1216780">
    <ele>137.1</ele>
    <time>2025-09-30T18:35:06Z</time>
   </trkpt>
   <trkpt lat="48.1230580" lon="17.1216770">
    <ele>137.1</ele>
    <time>2025-09-30T18:35:07Z</time>
   </trkpt>
   <trkpt lat="48.1230580" lon="17.1216770">
    <ele>137.1</ele>
    <time>2025-09-30T18:35:08Z</time>
   </trkpt>
   <trkpt lat="48.1230580" lon="17.1216770">
    <ele>137.1</ele>
    <time>2025-09-30T18:35:09Z</time>
   </trkpt>
   <trkpt lat="48.1230580" lon="17.1216770">
    <ele>137.1</ele>
    <time>2025-09-30T18:35:10Z</time>
   </trkpt>
   <trkpt lat="48.1230580" lon="17.1216770">
    <ele>137.1</ele>
    <time>2025-09-30T18:35:11Z</time>
   </trkpt>
   <trkpt lat="48.1230590" lon="17.1216770">
    <ele>137.1</ele>
    <time>2025-09-30T18:35:12Z</time>
   </trkpt>
   <trkpt lat="48.1230590" lon="17.1216770">
    <ele>137.1</ele>
    <time>2025-09-30T18:35:13Z</time>
   </trkpt>
   <trkpt lat="48.1230590" lon="17.1216760">
    <ele>137.1</ele>
    <time>2025-09-30T18:35:14Z</time>
   </trkpt>
   <trkpt lat="48.1230590" lon="17.1216760">
    <ele>137.1</ele>
    <time>2025-09-30T18:35:15Z</time>
   </trkpt>
   <trkpt lat="48.1230590" lon="17.1216760">
    <ele>137.1</ele>
    <time>2025-09-30T18:35:16Z</time>
   </trkpt>
   <trkpt lat="48.1230570" lon="17.1216680">
    <ele>137.1</ele>
    <time>2025-09-30T18:35:17Z</time>
   </trkpt>
   <trkpt lat="48.1230570" lon="17.1216610">
    <ele>137.1</ele>
    <time>2025-09-30T18:35:18Z</time>
   </trkpt>
   <trkpt lat="48.1230580" lon="17.1216550">
    <ele>137.1</ele>
    <time>2025-09-30T18:35:19Z</time>
   </trkpt>
   <trkpt lat="48.1230620" lon="17.1216520">
    <ele>137.1</ele>
    <time>2025-09-30T18:35:20Z</time>
   </trkpt>
   <trkpt lat="48.1230630" lon="17.1216510">
    <ele>137.1</ele>
    <time>2025-09-30T18:35:21Z</time>
   </trkpt>
   <trkpt lat="48.1230630" lon="17.1216500">
    <ele>137.1</ele>
    <time>2025-09-30T18:35:22Z</time>
   </trkpt>
   <trkpt lat="48.1230630" lon="17.1216500">
    <ele>137.1</ele>
    <time>2025-09-30T18:35:23Z</time>
   </trkpt>
   <trkpt lat="48.1230630" lon="17.1216500">
    <ele>137.1</ele>
    <time>2025-09-30T18:35:24Z</time>
   </trkpt>
   <trkpt lat="48.1230630" lon="17.1216500">
    <ele>137.1</ele>
    <time>2025-09-30T18:35:25Z</time>
   </trkpt>
   <trkpt lat="48.1230630" lon="17.1216500">
    <ele>137.1</ele>
    <time>2025-09-30T18:35:26Z</time>
   </trkpt>
   <trkpt lat="48.1230630" lon="17.1216500">
    <ele>137.1</ele>
    <time>2025-09-30T18:35:27Z</time>
   </trkpt>
   <trkpt lat="48.1230630" lon="17.1216500">
    <ele>137.1</ele>
    <time>2025-09-30T18:35:28Z</time>
   </trkpt>
   <trkpt lat="48.1230630" lon="17.1216500">
    <ele>137.1</ele>
    <time>2025-09-30T18:35:29Z</time>
   </trkpt>
   <trkpt lat="48.1230630" lon="17.1216500">
    <ele>137.1</ele>
    <time>2025-09-30T18:35:30Z</time>
   </trkpt>
   <trkpt lat="48.1230630" lon="17.1216490">
    <ele>137.1</ele>
    <time>2025-09-30T18:35:31Z</time>
   </trkpt>
   <trkpt lat="48.1230630" lon="17.1216490">
    <ele>137.1</ele>
    <time>2025-09-30T18:35:32Z</time>
   </trkpt>
   <trkpt lat="48.1230630" lon="17.1216490">
    <ele>137.1</ele>
    <time>2025-09-30T18:35:33Z</time>
   </trkpt>
   <trkpt lat="48.1230630" lon="17.1216490">
    <ele>137.1</ele>
    <time>2025-09-30T18:35:34Z</time>
   </trkpt>
   <trkpt lat="48.1230630" lon="17.1216490">
    <ele>137.1</ele>
    <time>2025-09-30T18:35:35Z</time>
   </trkpt>
   <trkpt lat="48.1230630" lon="17.1216490">
    <ele>137.1</ele>
    <time>2025-09-30T18:35:36Z</time>
   </trkpt>
   <trkpt lat="48.1230630" lon="17.1216490">
    <ele>137.1</ele>
    <time>2025-09-30T18:35:37Z</time>
   </trkpt>
   <trkpt lat="48.1230630" lon="17.1216490">
    <ele>137.1</ele>
    <time>2025-09-30T18:35:38Z</time>
   </trkpt>
   <trkpt lat="48.1230630" lon="17.1216490">
    <ele>137.1</ele>
    <time>2025-09-30T18:35:39Z</time>
   </trkpt>
   <trkpt lat="48.1230630" lon="17.1216490">
    <ele>137.1</ele>
    <time>2025-09-30T18:35:40Z</time>
   </trkpt>
   <trkpt lat="48.1230630" lon="17.1216490">
    <ele>137.1</ele>
    <time>2025-09-30T18:35:41Z</time>
   </trkpt>
   <trkpt lat="48.1230630" lon="17.1216490">
    <ele>137.1</ele>
    <time>2025-09-30T18:35:42Z</time>
   </trkpt>
   <trkpt lat="48.1230630" lon="17.1216490">
    <ele>137.1</ele>
    <time>2025-09-30T18:35:43Z</time>
   </trkpt>
   <trkpt lat="48.1230630" lon="17.1216490">
    <ele>137.1</ele>
    <time>2025-09-30T18:35:44Z</time>
   </trkpt>
   <trkpt lat="48.1230630" lon="17.1216490">
    <ele>137.1</ele>
    <time>2025-09-30T18:35:45Z</time>
   </trkpt>
   <trkpt lat="48.1230630" lon="17.1216490">
    <ele>137.1</ele>
    <time>2025-09-30T18:35:46Z</time>
   </trkpt>
   <trkpt lat="48.1230630" lon="17.1216490">
    <ele>137.1</ele>
    <time>2025-09-30T18:35:47Z</time>
   </trkpt>
   <trkpt lat="48.1230630" lon="17.1216490">
    <ele>137.1</ele>
    <time>2025-09-30T18:35:48Z</time>
   </trkpt>
   <trkpt lat="48.1230630" lon="17.1216490">
    <ele>137.1</ele>
    <time>2025-09-30T18:35:49Z</time>
   </trkpt>
   <trkpt lat="48.1230630" lon="17.1216490">
    <ele>137.1</ele>
    <time>2025-09-30T18:35:50Z</time>
   </trkpt>
   <trkpt lat="48.1230630" lon="17.1216490">
    <ele>137.1</ele>
    <time>2025-09-30T18:35:51Z</time>
   </trkpt>
   <trkpt lat="48.1230630" lon="17.1216490">
    <ele>137.1</ele>
    <time>2025-09-30T18:35:52Z</time>
   </trkpt>
   <trkpt lat="48.1230630" lon="17.1216490">
    <ele>137.1</ele>
    <time>2025-09-30T18:35:53Z</time>
   </trkpt>
   <trkpt lat="48.1230630" lon="17.1216490">
    <ele>137.1</ele>
    <time>2025-09-30T18:35:54Z</time>
   </trkpt>
   <trkpt lat="48.1230630" lon="17.1216490">
    <ele>137.1</ele>
    <time>2025-09-30T18:35:55Z</time>
   </trkpt>
   <trkpt lat="48.1230630" lon="17.1216490">
    <ele>137.1</ele>
    <time>2025-09-30T18:35:56Z</time>
   </trkpt>
   <trkpt lat="48.1230630" lon="17.1216490">
    <ele>137.1</ele>
    <time>2025-09-30T18:35:57Z</time>
   </trkpt>
   <trkpt lat="48.1230630" lon="17.1216490">
    <ele>137.1</ele>
    <time>2025-09-30T18:35:58Z</time>
   </trkpt>
   <trkpt lat="48.1230630" lon="17.1216490">
    <ele>137.1</ele>
    <time>2025-09-30T18:35:59Z</time>
   </trkpt>
   <trkpt lat="48.1230630" lon="17.1216490">
    <ele>137.1</ele>
    <time>2025-09-30T18:36:00Z</time>
   </trkpt>
   <trkpt lat="48.1230630" lon="17.1216490">
    <ele>137.1</ele>
    <time>2025-09-30T18:36:01Z</time>
   </trkpt>
   <trkpt lat="48.1230620" lon="17.1216490">
    <ele>137.1</ele>
    <time>2025-09-30T18:36:02Z</time>
   </trkpt>
   <trkpt lat="48.1230610" lon="17.1216440">
    <ele>137.1</ele>
    <time>2025-09-30T18:36:03Z</time>
   </trkpt>
   <trkpt lat="48.1230600" lon="17.1216330">
    <ele>137.1</ele>
    <time>2025-09-30T18:36:04Z</time>
   </trkpt>
   <trkpt lat="48.1230560" lon="17.1216210">
    <ele>137.1</ele>
    <time>2025-09-30T18:36:05Z</time>
   </trkpt>
   <trkpt lat="48.1230520" lon="17.1216110">
    <ele>137.1</ele>
    <time>2025-09-30T18:36:06Z</time>
   </trkpt>
   <trkpt lat="48.1230440" lon="17.1216100">
    <ele>137.1</ele>
    <time>2025-09-30T18:36:07Z</time>
   </trkpt>
   <trkpt lat="48.1230400" lon="17.1216070">
    <ele>137.1</ele>
    <time>2025-09-30T18:36:08Z</time>
   </trkpt>
   <trkpt lat="48.1230380" lon="17.1215940">
    <ele>137.1</ele>
    <time>2025-09-30T18:36:09Z</time>
   </trkpt>
   <trkpt lat="48.1230360" lon="17.1215780">
    <ele>137.1</ele>
    <time>2025-09-30T18:36:10Z</time>
   </trkpt>
   <trkpt lat="48.1230330" lon="17.1215620">
    <ele>137.1</ele>
    <time>2025-09-30T18:36:11Z</time>
   </trkpt>
   <trkpt lat="48.1230320" lon="17.1215470">
    <ele>137.2</ele>
    <time>2025-09-30T18:36:12Z</time>
   </trkpt>
   <trkpt lat="48.1230340" lon="17.1215320">
    <ele>137.2</ele>
    <time>2025-09-30T18:36:13Z</time>
   </trkpt>
   <trkpt lat="48.1230390" lon="17.1215200">
    <ele>137.3</ele>
    <time>2025-09-30T18:36:14Z</time>
   </trkpt>
   <trkpt lat="48.1230450" lon="17.1215100">
    <ele>137.4</ele>
    <time>2025-09-30T18:36:15Z</time>
   </trkpt>
   <trkpt lat="48.1230500" lon="17.1215020">
    <ele>137.4</ele>
    <time>2025-09-30T18:36:16Z</time>
   </trkpt>
   <trkpt lat="48.1230540" lon="17.1214880">
    <ele>137.5</ele>
    <time>2025-09-30T18:36:17Z</time>
   </trkpt>
   <trkpt lat="48.1230540" lon="17.1214810">
    <ele>137.5</ele>
    <time>2025-09-30T18:36:18Z</time>
   </trkpt>
   <trkpt lat="48.1230480" lon="17.1214640">
    <ele>137.5</ele>
    <time>2025-09-30T18:36:19Z</time>
   </trkpt>
   <trkpt lat="48.1230400" lon="17.1214520">
    <ele>137.5</ele>
    <time>2025-09-30T18:36:20Z</time>
   </trkpt>
   <trkpt lat="48.1230350" lon="17.1214410">
    <ele>137.5</ele>
    <time>2025-09-30T18:36:21Z</time>
   </trkpt>
   <trkpt lat="48.1230300" lon="17.1214310">
    <ele>137.5</ele>
    <time>2025-09-30T18:36:22Z</time>
   </trkpt>
   <trkpt lat="48.1230270" lon="17.1214200">
    <ele>137.5</ele>
    <time>2025-09-30T18:36:23Z</time>
   </trkpt>
   <trkpt lat="48.1230230" lon="17.1214110">
    <ele>137.5</ele>
    <time>2025-09-30T18:36:24Z</time>
   </trkpt>
   <trkpt lat="48.1230210" lon="17.1214040">
    <ele>137.5</ele>
    <time>2025-09-30T18:36:25Z</time>
   </trkpt>
   <trkpt lat="48.1230180" lon="17.1213940">
    <ele>137.5</ele>
    <time>2025-09-30T18:36:26Z</time>
   </trkpt>
   <trkpt lat="48.1230130" lon="17.1213770">
    <ele>137.5</ele>
    <time>2025-09-30T18:36:27Z</time>
   </trkpt>
   <trkpt lat="48.1230080" lon="17.1213550">
    <ele>137.5</ele>
    <time>2025-09-30T18:36:28Z</time>
   </trkpt>
   <trkpt lat="48.1230050" lon="17.1213420">
    <ele>137.5</ele>
    <time>2025-09-30T18:36:29Z</time>
   </trkpt>
   <trkpt lat="48.1230050" lon="17.1213270">
    <ele>137.5</ele>
    <time>2025-09-30T18:36:30Z</time>
   </trkpt>
   <trkpt lat="48.1230030" lon="17.1213130">
    <ele>137.5</ele>
    <time>2025-09-30T18:36:31Z</time>
   </trkpt>
   <trkpt lat="48.1230000" lon="17.1212980">
    <ele>137.5</ele>
    <time>2025-09-30T18:36:32Z</time>
   </trkpt>
   <trkpt lat="48.1229970" lon="17.1212820">
    <ele>137.5</ele>
    <time>2025-09-30T18:36:33Z</time>
   </trkpt>
   <trkpt lat="48.1229930" lon="17.1212660">
    <ele>137.5</ele>
    <time>2025-09-30T18:36:34Z</time>
   </trkpt>
   <trkpt lat="48.1229950" lon="17.1212470">
    <ele>137.5</ele>
    <time>2025-09-30T18:36:35Z</time>
   </trkpt>
   <trkpt lat="48.1229950" lon="17.1212350">
    <ele>137.5</ele>
    <time>2025-09-30T18:36:36Z</time>
   </trkpt>
   <trkpt lat="48.1229930" lon="17.1212260">
    <ele>137.5</ele>
    <time>2025-09-30T18:36:37Z</time>
   </trkpt>
   <trkpt lat="48.1229930" lon="17.1212220">
    <ele>137.5</ele>
    <time>2025-09-30T18:36:38Z</time>
   </trkpt>
   <trkpt lat="48.1229950" lon="17.1212260">
    <ele>137.5</ele>
    <time>2025-09-30T18:36:39Z</time>
   </trkpt>
   <trkpt lat="48.1229830" lon="17.1211910">
    <ele>137.5</ele>
    <time>2025-09-30T18:36:40Z</time>
   </trkpt>
   <trkpt lat="48.1229760" lon="17.1211760">
    <ele>137.5</ele>
    <time>2025-09-30T18:36:41Z</time>
   </trkpt>
   <trkpt lat="48.1229690" lon="17.1211600">
    <ele>137.5</ele>
    <time>2025-09-30T18:36:42Z</time>
   </trkpt>
   <trkpt lat="48.1229640" lon="17.1211430">
    <ele>137.4</ele>
    <time>2025-09-30T18:36:43Z</time>
   </trkpt>
   <trkpt lat="48.1229600" lon="17.1211270">
    <ele>137.4</ele>
    <time>2025-09-30T18:36:44Z</time>
   </trkpt>
   <trkpt lat="48.1229560" lon="17.1211090">
    <ele>137.4</ele>
    <time>2025-09-30T18:36:45Z</time>
   </trkpt>
   <trkpt lat="48.1229580" lon="17.1210890">
    <ele>137.4</ele>
    <time>2025-09-30T18:36:46Z</time>
   </trkpt>
   <trkpt lat="48.1229660" lon="17.1210760">
    <ele>137.4</ele>
    <time>2025-09-30T18:36:47Z</time>
   </trkpt>
   <trkpt lat="48.1229610" lon="17.1210470">
    <ele>137.4</ele>
    <time>2025-09-30T18:36:48Z</time>
   </trkpt>
   <trkpt lat="48.1229580" lon="17.1210350">
    <ele>137.4</ele>
    <time>2025-09-30T18:36:49Z</time>
   </trkpt>
   <trkpt lat="48.1229540" lon="17.1210220">
    <ele>137.3</ele>
    <time>2025-09-30T18:36:50Z</time>
   </trkpt>
   <trkpt lat="48.1229380" lon="17.1209870">
    <ele>137.3</ele>
    <time>2025-09-30T18:36:51Z</time>
   </trkpt>
   <trkpt lat="48.1229320" lon="17.1209750">
    <ele>137.3</ele>
    <time>2025-09-30T18:36:52Z</time>
   </trkpt>
   <trkpt lat="48.1229220" lon="17.1209560">
    <ele>137.3</ele>
    <time>2025-09-30T18:36:53Z</time>
   </trkpt>
   <trkpt lat="48.1229190" lon="17.1209460">
    <ele>137.3</ele>
    <time>2025-09-30T18:36:54Z</time>
   </trkpt>
   <trkpt lat="48.1229190" lon="17.1209420">
    <ele>137.3</ele>
    <time>2025-09-30T18:36:55Z</time>
   </trkpt>
   <trkpt lat="48.1229210" lon="17.1209460">
    <ele>137.3</ele>
    <time>2025-09-30T18:36:56Z</time>
   </trkpt>
   <trkpt lat="48.1229220" lon="17.1209510">
    <ele>137.3</ele>
    <time>2025-09-30T18:36:57Z</time>
   </trkpt>
   <trkpt lat="48.1229260" lon="17.1209560">
    <ele>137.3</ele>
    <time>2025-09-30T18:36:58Z</time>
   </trkpt>
   <trkpt lat="48.1229280" lon="17.1209600">
    <ele>137.3</ele>
    <time>2025-09-30T18:36:59Z</time>
   </trkpt>
   <trkpt lat="48.1229300" lon="17.1209620">
    <ele>137.3</ele>
    <time>2025-09-30T18:37:00Z</time>
   </trkpt>
   <trkpt lat="48.1229300" lon="17.1209640">
    <ele>137.3</ele>
    <time>2025-09-30T18:37:01Z</time>
   </trkpt>
   <trkpt lat="48.1229310" lon="17.1209650">
    <ele>137.3</ele>
    <time>2025-09-30T18:37:02Z</time>
   </trkpt>
   <trkpt lat="48.1229320" lon="17.1209650">
    <ele>137.3</ele>
    <time>2025-09-30T18:37:03Z</time>
   </trkpt>
   <trkpt lat="48.1229330" lon="17.1209660">
    <ele>137.3</ele>
    <time>2025-09-30T18:37:04Z</time>
   </trkpt>
   <trkpt lat="48.1229330" lon="17.1209660">
    <ele>137.3</ele>
    <time>2025-09-30T18:37:05Z</time>
   </trkpt>
   <trkpt lat="48.1229340" lon="17.1209670">
    <ele>137.3</ele>
    <time>2025-09-30T18:37:06Z</time>
   </trkpt>
   <trkpt lat="48.1229350" lon="17.1209670">
    <ele>137.3</ele>
    <time>2025-09-30T18:37:07Z</time>
   </trkpt>
   <trkpt lat="48.1229350" lon="17.1209680">
    <ele>137.3</ele>
    <time>2025-09-30T18:37:08Z</time>
   </trkpt>
   <trkpt lat="48.1229350" lon="17.1209670">
    <ele>137.3</ele>
    <time>2025-09-30T18:37:09Z</time>
   </trkpt>
   <trkpt lat="48.1229350" lon="17.1209670">
    <ele>137.3</ele>
    <time>2025-09-30T18:37:10Z</time>
   </trkpt>
   <trkpt lat="48.1229350" lon="17.1209670">
    <ele>137.3</ele>
    <time>2025-09-30T18:37:11Z</time>
   </trkpt>
   <trkpt lat="48.1229360" lon="17.1209680">
    <ele>137.3</ele>
    <time>2025-09-30T18:37:12Z</time>
   </trkpt>
   <trkpt lat="48.1229360" lon="17.1209680">
    <ele>137.3</ele>
    <time>2025-09-30T18:37:13Z</time>
   </trkpt>
   <trkpt lat="48.1229360" lon="17.1209680">
    <ele>137.3</ele>
    <time>2025-09-30T18:37:14Z</time>
   </trkpt>
   <trkpt lat="48.1229360" lon="17.1209680">
    <ele>137.3</ele>
    <time>2025-09-30T18:37:15Z</time>
   </trkpt>
   <trkpt lat="48.1229360" lon="17.1209680">
    <ele>137.3</ele>
    <time>2025-09-30T18:37:16Z</time>
   </trkpt>
   <trkpt lat="48.1229360" lon="17.1209680">
    <ele>137.3</ele>
    <time>2025-09-30T18:37:17Z</time>
   </trkpt>
   <trkpt lat="48.1229360" lon="17.1209680">
    <ele>137.3</ele>
    <time>2025-09-30T18:37:18Z</time>
   </trkpt>
   <trkpt lat="48.1229360" lon="17.1209680">
    <ele>137.3</ele>
    <time>2025-09-30T18:37:19Z</time>
   </trkpt>
   <trkpt lat="48.1229330" lon="17.1209700">
    <ele>137.3</ele>
    <time>2025-09-30T18:37:20Z</time>
   </trkpt>
   <trkpt lat="48.1229360" lon="17.1209710">
    <ele>137.3</ele>
    <time>2025-09-30T18:37:21Z</time>
   </trkpt>
   <trkpt lat="48.1229350" lon="17.1209780">
    <ele>137.3</ele>
    <time>2025-09-30T18:37:22Z</time>
   </trkpt>
   <trkpt lat="48.1229330" lon="17.1209850">
    <ele>137.3</ele>
    <time>2025-09-30T18:37:23Z</time>
   </trkpt>
   <trkpt lat="48.1229370" lon="17.1209780">
    <ele>137.3</ele>
    <time>2025-09-30T18:37:24Z</time>
   </trkpt>
   <trkpt lat="48.1229400" lon="17.1209690">
    <ele>137.3</ele>
    <time>2025-09-30T18:37:25Z</time>
   </trkpt>
   <trkpt lat="48.1229500" lon="17.1209620">
    <ele>137.3</ele>
    <time>2025-09-30T18:37:26Z</time>
   </trkpt>
   <trkpt lat="48.1229640" lon="17.1209510">
    <ele>137.4</ele>
    <time>2025-09-30T18:37:27Z</time>
   </trkpt>
   <trkpt lat="48.1229620" lon="17.1209170">
    <ele>137.4</ele>
    <time>2025-09-30T18:37:28Z</time>
   </trkpt>
   <trkpt lat="48.1229740" lon="17.1209070">
    <ele>137.4</ele>
    <time>2025-09-30T18:37:29Z</time>
   </trkpt>
   <trkpt lat="48.1229940" lon="17.1208970">
    <ele>137.4</ele>
    <time>2025-09-30T18:37:30Z</time>
   </trkpt>
   <trkpt lat="48.1230050" lon="17.1208920">
    <ele>137.4</ele>
    <time>2025-09-30T18:37:31Z</time>
   </trkpt>
   <trkpt lat="48.1230140" lon="17.1208910">
    <ele>137.4</ele>
    <time>2025-09-30T18:37:32Z</time>
   </trkpt>
   <trkpt lat="48.1230230" lon="17.1208910">
    <ele>137.5</ele>
    <time>2025-09-30T18:37:33Z</time>
   </trkpt>
   <trkpt lat="48.1230290" lon="17.1208910">
    <ele>137.5</ele>
    <time>2025-09-30T18:37:34Z</time>
   </trkpt>
   <trkpt lat="48.1230340" lon="17.1208900">
    <ele>137.5</ele>
    <time>2025-09-30T18:37:35Z</time>
   </trkpt>
   <trkpt lat="48.1230350" lon="17.1208890">
    <ele>137.5</ele>
    <time>2025-09-30T18:37:36Z</time>
   </trkpt>
   <trkpt lat="48.1230320" lon="17.1208910">
    <ele>137.5</ele>
    <time>2025-09-30T18:37:37Z</time>
   </trkpt>
   <trkpt lat="48.1230320" lon="17.1208910">
    <ele>137.5</ele>
    <time>2025-09-30T18:37:38Z</time>
   </trkpt>
   <trkpt lat="48.1230320" lon="17.1208880">
    <ele>137.5</ele>
    <time>2025-09-30T18:37:39Z</time>
   </trkpt>
   <trkpt lat="48.1230330" lon="17.1208870">
    <ele>137.5</ele>
    <time>2025-09-30T18:37:40Z</time>
   </trkpt>
   <trkpt lat="48.1230340" lon="17.1208870">
    <ele>137.5</ele>
    <time>2025-09-30T18:37:41Z</time>
   </trkpt>
   <trkpt lat="48.1230340" lon="17.1208880">
    <ele>137.5</ele>
    <time>2025-09-30T18:37:42Z</time>
   </trkpt>
   <trkpt lat="48.1230350" lon="17.1208880">
    <ele>137.5</ele>
    <time>2025-09-30T18:37:43Z</time>
   </trkpt>
   <trkpt lat="48.1230350" lon="17.1208880">
    <ele>137.5</ele>
    <time>2025-09-30T18:37:44Z</time>
   </trkpt>
   <trkpt lat="48.1230350" lon="17.1208870">
    <ele>137.5</ele>
    <time>2025-09-30T18:37:45Z</time>
   </trkpt>
   <trkpt lat="48.1230350" lon="17.1208850">
    <ele>137.5</ele>
    <time>2025-09-30T18:37:46Z</time>
   </trkpt>
   <trkpt lat="48.1230350" lon="17.1208840">
    <ele>137.5</ele>
    <time>2025-09-30T18:37:47Z</time>
   </trkpt>
   <trkpt lat="48.1230360" lon="17.1208810">
    <ele>137.5</ele>
    <time>2025-09-30T18:37:48Z</time>
   </trkpt>
   <trkpt lat="48.1230360" lon="17.1208820">
    <ele>137.5</ele>
    <time>2025-09-30T18:37:49Z</time>
   </trkpt>
   <trkpt lat="48.1230360" lon="17.1208820">
    <ele>137.5</ele>
    <time>2025-09-30T18:37:50Z</time>
   </trkpt>
   <trkpt lat="48.1230360" lon="17.1208810">
    <ele>137.5</ele>
    <time>2025-09-30T18:37:51Z</time>
   </trkpt>
   <trkpt lat="48.1230370" lon="17.1208790">
    <ele>137.5</ele>
    <time>2025-09-30T18:37:52Z</time>
   </trkpt>
   <trkpt lat="48.1230380" lon="17.1208770">
    <ele>137.5</ele>
    <time>2025-09-30T18:37:53Z</time>
   </trkpt>
   <trkpt lat="48.1230380" lon="17.1208770">
    <ele>137.5</ele>
    <time>2025-09-30T18:37:54Z</time>
   </trkpt>
   <trkpt lat="48.1230380" lon="17.1208770">
    <ele>137.5</ele>
    <time>2025-09-30T18:37:55Z</time>
   </trkpt>
   <trkpt lat="48.1230380" lon="17.1208760">
    <ele>137.5</ele>
    <time>2025-09-30T18:37:56Z</time>
   </trkpt>
   <trkpt lat="48.1230390" lon="17.1208770">
    <ele>137.5</ele>
    <time>2025-09-30T18:37:57Z</time>
   </trkpt>
   <trkpt lat="48.1230400" lon="17.1208780">
    <ele>137.5</ele>
    <time>2025-09-30T18:37:58Z</time>
   </trkpt>
   <trkpt lat="48.1230360" lon="17.1208770">
    <ele>137.5</ele>
    <time>2025-09-30T18:37:59Z</time>
   </trkpt>
   <trkpt lat="48.1230360" lon="17.1208770">
    <ele>137.5</ele>
    <time>2025-09-30T18:38:00Z</time>
   </trkpt>
   <trkpt lat="48.1230360" lon="17.1208770">
    <ele>137.5</ele>
    <time>2025-09-30T18:38:01Z</time>
   </trkpt>
   <trkpt lat="48.1230360" lon="17.1208770">
    <ele>137.5</ele>
    <time>2025-09-30T18:38:02Z</time>
   </trkpt>
   <trkpt lat="48.1230360" lon="17.1208770">
    <ele>137.5</ele>
    <time>2025-09-30T18:38:03Z</time>
   </trkpt>
   <trkpt lat="48.1230360" lon="17.1208770">
    <ele>137.5</ele>
    <time>2025-09-30T18:38:04Z</time>
   </trkpt>
   <trkpt lat="48.1230360" lon="17.1208770">
    <ele>137.5</ele>
    <time>2025-09-30T18:38:05Z</time>
   </trkpt>
   <trkpt lat="48.1230550" lon="17.1208670">
    <ele>137.5</ele>
    <time>2025-09-30T18:38:06Z</time>
   </trkpt>
   <trkpt lat="48.1230580" lon="17.1208650">
    <ele>137.5</ele>
    <time>2025-09-30T18:38:07Z</time>
   </trkpt>
   <trkpt lat="48.1230580" lon="17.1208640">
    <ele>137.5</ele>
    <time>2025-09-30T18:38:08Z</time>
   </trkpt>
   <trkpt lat="48.1230600" lon="17.1208590">
    <ele>137.5</ele>
    <time>2025-09-30T18:38:09Z</time>
   </trkpt>
   <trkpt lat="48.1230620" lon="17.1208570">
    <ele>137.5</ele>
    <time>2025-09-30T18:38:10Z</time>
   </trkpt>
   <trkpt lat="48.1230610" lon="17.1208590">
    <ele>137.5</ele>
    <time>2025-09-30T18:38:11Z</time>
   </trkpt>
   <trkpt lat="48.1230610" lon="17.1208590">
    <ele>137.5</ele>
    <time>2025-09-30T18:38:12Z</time>
   </trkpt>
   <trkpt lat="48.1230630" lon="17.1208580">
    <ele>137.5</ele>
    <time>2025-09-30T18:38:13Z</time>
   </trkpt>
   <trkpt lat="48.1230650" lon="17.1208540">
    <ele>137.5</ele>
    <time>2025-09-30T18:38:14Z</time>
   </trkpt>
   <trkpt lat="48.1230650" lon="17.1208520">
    <ele>137.5</ele>
    <time>2025-09-30T18:38:15Z</time>
   </trkpt>
   <trkpt lat="48.1230690" lon="17.1208430">
    <ele>137.5</ele>
    <time>2025-09-30T18:38:16Z</time>
   </trkpt>
   <trkpt lat="48.1230780" lon="17.1208310">
    <ele>137.5</ele>
    <time>2025-09-30T18:38:17Z</time>
   </trkpt>
   <trkpt lat="48.1230870" lon="17.1208220">
    <ele>137.5</ele>
    <time>2025-09-30T18:38:18Z</time>
   </trkpt>
   <trkpt lat="48.1231000" lon="17.1208120">
    <ele>137.5</ele>
    <time>2025-09-30T18:38:19Z</time>
   </trkpt>
   <trkpt lat="48.1231090" lon="17.1208060">
    <ele>137.5</ele>
    <time>2025-09-30T18:38:20Z</time>
   </trkpt>
   <trkpt lat="48.1231200" lon="17.1208040">
    <ele>137.5</ele>
    <time>2025-09-30T18:38:21Z</time>
   </trkpt>
   <trkpt lat="48.1231230" lon="17.1208060">
    <ele>137.5</ele>
    <time>2025-09-30T18:38:22Z</time>
   </trkpt>
   <trkpt lat="48.1231300" lon="17.1208040">
    <ele>137.6</ele>
    <time>2025-09-30T18:38:23Z</time>
   </trkpt>
   <trkpt lat="48.1231400" lon="17.1208120">
    <ele>137.6</ele>
    <time>2025-09-30T18:38:24Z</time>
   </trkpt>
   <trkpt lat="48.1231490" lon="17.1208130">
    <ele>137.6</ele>
    <time>2025-09-30T18:38:25Z</time>
   </trkpt>
   <trkpt lat="48.1231610" lon="17.1208180">
    <ele>137.6</ele>
    <time>2025-09-30T18:38:26Z</time>
   </trkpt>
   <trkpt lat="48.1231630" lon="17.1208190">
    <ele>137.6</ele>
    <time>2025-09-30T18:38:27Z</time>
   </trkpt>
   <trkpt lat="48.1231620" lon="17.1208070">
    <ele>137.6</ele>
    <time>2025-09-30T18:38:28Z</time>
   </trkpt>
   <trkpt lat="48.1231630" lon="17.1208030">
    <ele>137.6</ele>
    <time>2025-09-30T18:38:29Z</time>
   </trkpt>
   <trkpt lat="48.1231640" lon="17.1208030">
    <ele>137.6</ele>
    <time>2025-09-30T18:38:30Z</time>
   </trkpt>
   <trkpt lat="48.1231640" lon="17.1208070">
    <ele>137.6</ele>
    <time>2025-09-30T18:38:31Z</time>
   </trkpt>
   <trkpt lat="48.1231630" lon="17.1208120">
    <ele>137.6</ele>
    <time>2025-09-30T18:38:32Z</time>
   </trkpt>
   <trkpt lat="48.1231630" lon="17.1208180">
    <ele>137.6</ele>
    <time>2025-09-30T18:38:33Z</time>
   </trkpt>
   <trkpt lat="48.1231620" lon="17.1208230">
    <ele>137.6</ele>
    <time>2025-09-30T18:38:34Z</time>
   </trkpt>
   <trkpt lat="48.1231620" lon="17.1208300">
    <ele>137.6</ele>
    <time>2025-09-30T18:38:35Z</time>
   </trkpt>
   <trkpt lat="48.1231620" lon="17.1208350">
    <ele>137.6</ele>
    <time>2025-09-30T18:38:36Z</time>
   </trkpt>
   <trkpt lat="48.1231620" lon="17.1208390">
    <ele>137.6</ele>
    <time>2025-09-30T18:38:37Z</time>
   </trkpt>
   <trkpt lat="48.1231620" lon="17.1208420">
    <ele>137.6</ele>
    <time>2025-09-30T18:38:38Z</time>
   </trkpt>
   <trkpt lat="48.1231620" lon="17.1208460">
    <ele>137.6</ele>
    <time>2025-09-30T18:38:39Z</time>
   </trkpt>
   <trkpt lat="48.1231620" lon="17.1208490">
    <ele>137.6</ele>
    <time>2025-09-30T18:38:40Z</time>
   </trkpt>
   <trkpt lat="48.1231620" lon="17.1208510">
    <ele>137.6</ele>
    <time>2025-09-30T18:38:41Z</time>
   </trkpt>
   <trkpt lat="48.1231620" lon="17.1208520">
    <ele>137.6</ele>
    <time>2025-09-30T18:38:42Z</time>
   </trkpt>
   <trkpt lat="48.1231650" lon="17.1208520">
    <ele>137.6</ele>
    <time>2025-09-30T18:38:43Z</time>
   </trkpt>
   <trkpt lat="48.1231680" lon="17.1208410">
    <ele>137.6</ele>
    <time>2025-09-30T18:38:44Z</time>
   </trkpt>
   <trkpt lat="48.1231670" lon="17.1208270">
    <ele>137.6</ele>
    <time>2025-09-30T18:38:45Z</time>
   </trkpt>
   <trkpt lat="48.1231670" lon="17.1208050">
    <ele>137.6</ele>
    <time>2025-09-30T18:38:46Z</time>
   </trkpt>
   <trkpt lat="48.1231660" lon="17.1207850">
    <ele>137.6</ele>
    <time>2025-09-30T18:38:47Z</time>
   </trkpt>
   <trkpt lat="48.1231650" lon="17.1207720">
    <ele>137.6</ele>
    <time>2025-09-30T18:38:48Z</time>
   </trkpt>
   <trkpt lat="48.1231590" lon="17.1207620">
    <ele>137.6</ele>
    <time>2025-09-30T18:38:49Z</time>
   </trkpt>
   <trkpt lat="48.1231490" lon="17.1207570">
    <ele>137.6</ele>
    <time>2025-09-30T18:38:50Z</time>
   </trkpt>
   <trkpt lat="48.1231440" lon="17.1207520">
    <ele>137.6</ele>
    <time>2025-09-30T18:38:51Z</time>
   </trkpt>
   <trkpt lat="48.1231330" lon="17.1207460">
    <ele>137.6</ele>
    <time>2025-09-30T18:38:52Z</time>
   </trkpt>
   <trkpt lat="48.1231170" lon="17.1207490">
    <ele>137.6</ele>
    <time>2025-09-30T18:38:53Z</time>
   </trkpt>
   <trkpt lat="48.1231010" lon="17.1207570">
    <ele>137.6</ele>
    <time>2025-09-30T18:38:54Z</time>
   </trkpt>
   <trkpt lat="48.1230930" lon="17.1207690">
    <ele>137.6</ele>
    <time>2025-09-30T18:38:55Z</time>
   </trkpt>
   <trkpt lat="48.1230870" lon="17.1207790">
    <ele>137.6</ele>
    <time>2025-09-30T18:38:56Z</time>
   </trkpt>
   <trkpt lat="48.1230770" lon="17.1207820">
    <ele>137.5</ele>
    <time>2025-09-30T18:38:57Z</time>
   </trkpt>
   <trkpt lat="48.1230670" lon="17.1207890">
    <ele>137.5</ele>
    <time>2025-09-30T18:38:58Z</time>
   </trkpt>
   <trkpt lat="48.1230510" lon="17.1207770">
    <ele>137.5</ele>
    <time>2025-09-30T18:38:59Z</time>
   </trkpt>
   <trkpt lat="48.1230390" lon="17.1207680">
    <ele>137.5</ele>
    <time>2025-09-30T18:39:00Z</time>
   </trkpt>
   <trkpt lat="48.1230280" lon="17.1207620">
    <ele>137.5</ele>
    <time>2025-09-30T18:39:01Z</time>
   </trkpt>
   <trkpt lat="48.1230180" lon="17.1207620">
    <ele>137.5</ele>
    <time>2025-09-30T18:39:02Z</time>
   </trkpt>
   <trkpt lat="48.1230070" lon="17.1207680">
    <ele>137.5</ele>
    <time>2025-09-30T18:39:03Z</time>
   </trkpt>
   <trkpt lat="48.1229980" lon="17.1207710">
    <ele>137.5</ele>
    <time>2025-09-30T18:39:04Z</time>
   </trkpt>
   <trkpt lat="48.1229910" lon="17.1207770">
    <ele>137.5</ele>
    <time>2025-09-30T18:39:05Z</time>
   </trkpt>
   <trkpt lat="48.1229850" lon="17.1207850">
    <ele>137.5</ele>
    <time>2025-09-30T18:39:06Z</time>
   </trkpt>
   <trkpt lat="48.1229780" lon="17.1207970">
    <ele>137.4</ele>
    <time>2025-09-30T18:39:07Z</time>
   </trkpt>
   <trkpt lat="48.1229730" lon="17.1208070">
    <ele>137.4</ele>
    <time>2025-09-30T18:39:08Z</time>
   </trkpt>
   <trkpt lat="48.1229660" lon="17.1208160">
    <ele>137.4</ele>
    <time>2025-09-30T18:39:09Z</time>
   </trkpt>
   <trkpt lat="48.1229560" lon="17.1208220">
    <ele>137.4</ele>
    <time>2025-09-30T18:39:10Z</time>
   </trkpt>
   <trkpt lat="48.1229470" lon="17.1208290">
    <ele>137.4</ele>
    <time>2025-09-30T18:39:11Z</time>
   </trkpt>
   <trkpt lat="48.1229350" lon="17.1208250">
    <ele>137.4</ele>
    <time>2025-09-30T18:39:12Z</time>
   </trkpt>
   <trkpt lat="48.1229240" lon="17.1208250">
    <ele>137.3</ele>
    <time>2025-09-30T18:39:13Z</time>
   </trkpt>
   <trkpt lat="48.1229100" lon="17.1208250">
    <ele>137.3</ele>
    <time>2025-09-30T18:39:14Z</time>
   </trkpt>
   <trkpt lat="48.1228970" lon="17.1208210">
    <ele>137.3</ele>
    <time>2025-09-30T18:39:15Z</time>
   </trkpt>
   <trkpt lat="48.1228860" lon="17.1208200">
    <ele>137.3</ele>
    <time>2025-09-30T18:39:16Z</time>
   </trkpt>
   <trkpt lat="48.1228760" lon="17.1208220">
    <ele>137.3</ele>
    <time>2025-09-30T18:39:17Z</time>
   </trkpt>
   <trkpt lat="48.1228650" lon="17.1208170">
    <ele>137.2</ele>
    <time>2025-09-30T18:39:18Z</time>
   </trkpt>
   <trkpt lat="48.1228570" lon="17.1208120">
    <ele>137.2</ele>
    <time>2025-09-30T18:39:19Z</time>
   </trkpt>
   <trkpt lat="48.1228520" lon="17.1208070">
    <ele>137.2</ele>
    <time>2025-09-30T18:39:20Z</time>
   </trkpt>
   <trkpt lat="48.1228500" lon="17.1208040">
    <ele>137.2</ele>
    <time>2025-09-30T18:39:21Z</time>
   </trkpt>
   <trkpt lat="48.1228550" lon="17.1208060">
    <ele>137.2</ele>
    <time>2025-09-30T18:39:22Z</time>
   </trkpt>
   <trkpt lat="48.1228570" lon="17.1208060">
    <ele>137.2</ele>
    <time>2025-09-30T18:39:23Z</time>
   </trkpt>
   <trkpt lat="48.1228540" lon="17.1208020">
    <ele>137.1</ele>
    <time>2025-09-30T18:39:24Z</time>
   </trkpt>
   <trkpt lat="48.1228490" lon="17.1207970">
    <ele>137.1</ele>
    <time>2025-09-30T18:39:25Z</time>
   </trkpt>
   <trkpt lat="48.1228450" lon="17.1207860">
    <ele>137.1</ele>
    <time>2025-09-30T18:39:26Z</time>
   </trkpt>
   <trkpt lat="48.1228430" lon="17.1207820">
    <ele>137.1</ele>
    <time>2025-09-30T18:39:27Z</time>
   </trkpt>
   <trkpt lat="48.1228420" lon="17.1207810">
    <ele>137.1</ele>
    <time>2025-09-30T18:39:28Z</time>
   </trkpt>
   <trkpt lat="48.1228420" lon="17.1207770">
    <ele>137.1</ele>
    <time>2025-09-30T18:39:29Z</time>
   </trkpt>
   <trkpt lat="48.1228430" lon="17.1207740">
    <ele>137.1</ele>
    <time>2025-09-30T18:39:30Z</time>
   </trkpt>
   <trkpt lat="48.1228440" lon="17.1207780">
    <ele>137.1</ele>
    <time>2025-09-30T18:39:31Z</time>
   </trkpt>
   <trkpt lat="48.1228390" lon="17.1207890">
    <ele>137.1</ele>
    <time>2025-09-30T18:39:32Z</time>
   </trkpt>
   <trkpt lat="48.1228350" lon="17.1208020">
    <ele>137.1</ele>
    <time>2025-09-30T18:39:33Z</time>
   </trkpt>
   <trkpt lat="48.1228380" lon="17.1208170">
    <ele>137.1</ele>
    <time>2025-09-30T18:39:34Z</time>
   </trkpt>
   <trkpt lat="48.1228420" lon="17.1208300">
    <ele>137.1</ele>
    <time>2025-09-30T18:39:35Z</time>
   </trkpt>
   <trkpt lat="48.1228440" lon="17.1208420">
    <ele>137.1</ele>
    <time>2025-09-30T18:39:36Z</time>
   </trkpt>
   <trkpt lat="48.1228470" lon="17.1208550">
    <ele>137.1</ele>
    <time>2025-09-30T18:39:37Z</time>
   </trkpt>
   <trkpt lat="48.1228530" lon="17.1208690">
    <ele>137.1</ele>
    <time>2025-09-30T18:39:38Z</time>
   </trkpt>
   <trkpt lat="48.1228580" lon="17.1208810">
    <ele>137.1</ele>
    <time>2025-09-30T18:39:39Z</time>
   </trkpt>
   <trkpt lat="48.1228610" lon="17.1208910">
    <ele>137.1</ele>
    <time>2025-09-30T18:39:40Z</time>
   </trkpt>
   <trkpt lat="48.1228620" lon="17.1209040">
    <ele>137.1</ele>
    <time>2025-09-30T18:39:41Z</time>
   </trkpt>
   <trkpt lat="48.1228610" lon="17.1209200">
    <ele>137.1</ele>
    <time>2025-09-30T18:39:42Z</time>
   </trkpt>
   <trkpt lat="48.1228570" lon="17.1209370">
    <ele>137.1</ele>
    <time>2025-09-30T18:39:43Z</time>
   </trkpt>
   <trkpt lat="48.1228490" lon="17.1209500">
    <ele>137.1</ele>
    <time>2025-09-30T18:39:44Z</time>
   </trkpt>
   <trkpt lat="48.1228410" lon="17.1209630">
    <ele>137.1</ele>
    <time>2025-09-30T18:39:45Z</time>
   </trkpt>
   <trkpt lat="48.1228230" lon="17.1209770">
    <ele>137.1</ele>
    <time>2025-09-30T18:39:46Z</time>
   </trkpt>
   <trkpt lat="48.1228110" lon="17.1209840">
    <ele>137.1</ele>
    <time>2025-09-30T18:39:47Z</time>
   </trkpt>
   <trkpt lat="48.1228000" lon="17.1209920">
    <ele>137.2</ele>
    <time>2025-09-30T18:39:48Z</time>
   </trkpt>
   <trkpt lat="48.1227900" lon="17.1209980">
    <ele>137.2</ele>
    <time>2025-09-30T18:39:49Z</time>
   </trkpt>
   <trkpt lat="48.1227760" lon="17.1210000">
    <ele>137.2</ele>
    <time>2025-09-30T18:39:50Z</time>
   </trkpt>
   <trkpt lat="48.1227650" lon="17.1210030">
    <ele>137.2</ele>
    <time>2025-09-30T18:39:51Z</time>
   </trkpt>
   <trkpt lat="48.1227540" lon="17.1210050">
    <ele>137.2</ele>
    <time>2025-09-30T18:39:52Z</time>
   </trkpt>
   <trkpt lat="48.1227440" lon="17.1210070">
    <ele>137.2</ele>
    <time>2025-09-30T18:39:53Z</time>
   </trkpt>
   <trkpt lat="48.1227290" lon="17.1210110">
    <ele>137.2</ele>
    <time>2025-09-30T18:39:54Z</time>
   </trkpt>
   <trkpt lat="48.1227220" lon="17.1210130">
    <ele>137.2</ele>
    <time>2025-09-30T18:39:55Z</time>
   </trkpt>
   <trkpt lat="48.1227150" lon="17.1210140">
    <ele>137.2</ele>
    <time>2025-09-30T18:39:56Z</time>
   </trkpt>
   <trkpt lat="48.1227080" lon="17.1210150">
    <ele>137.2</ele>
    <time>2025-09-30T18:39:57Z</time>
   </trkpt>
   <trkpt lat="48.1226980" lon="17.1210200">
    <ele>137.2</ele>
    <time>2025-09-30T18:39:58Z</time>
   </trkpt>
   <trkpt lat="48.1226910" lon="17.1210240">
    <ele>137.2</ele>
    <time>2025-09-30T18:39:59Z</time>
   </trkpt>
   <trkpt lat="48.1226820" lon="17.1210310">
    <ele>137.2</ele>
    <time>2025-09-30T18:40:00Z</time>
   </trkpt>
   <trkpt lat="48.1226740" lon="17.1210400">
    <ele>137.2</ele>
    <time>2025-09-30T18:40:01Z</time>
   </trkpt>
   <trkpt lat="48.1226660" lon="17.1210510">
    <ele>137.2</ele>
    <time>2025-09-30T18:40:02Z</time>
   </trkpt>
   <trkpt lat="48.1226590" lon="17.1210570">
    <ele>137.2</ele>
    <time>2025-09-30T18:40:03Z</time>
   </trkpt>
   <trkpt lat="48.1226510" lon="17.1210630">
    <ele>137.2</ele>
    <time>2025-09-30T18:40:04Z</time>
   </trkpt>
   <trkpt lat="48.1226470" lon="17.1210660">
    <ele>137.2</ele>
    <time>2025-09-30T18:40:05Z</time>
   </trkpt>
   <trkpt lat="48.1226440" lon="17.1210680">
    <ele>137.2</ele>
    <time>2025-09-30T18:40:06Z</time>
   </trkpt>
   <trkpt lat="48.1226410" lon="17.1210710">
    <ele>137.2</ele>
    <time>2025-09-30T18:40:07Z</time>
   </trkpt>
   <trkpt lat="48.1226380" lon="17.1210730">
    <ele>137.2</ele>
    <time>2025-09-30T18:40:08Z</time>
   </trkpt>
   <trkpt lat="48.1226340" lon="17.1210760">
    <ele>137.2</ele>
    <time>2025-09-30T18:40:09Z</time>
   </trkpt>
   <trkpt lat="48.1226310" lon="17.1210780">
    <ele>137.3</ele>
    <time>2025-09-30T18:40:10Z</time>
   </trkpt>
   <trkpt lat="48.1226280" lon="17.1210810">
    <ele>137.3</ele>
    <time>2025-09-30T18:40:11Z</time>
   </trkpt>
   <trkpt lat="48.1226250" lon="17.1210830">
    <ele>137.3</ele>
    <time>2025-09-30T18:40:12Z</time>
   </trkpt>
   <trkpt lat="48.1226210" lon="17.1210860">
    <ele>137.3</ele>
    <time>2025-09-30T18:40:13Z</time>
   </trkpt>
   <trkpt lat="48.1226180" lon="17.1210880">
    <ele>137.3</ele>
    <time>2025-09-30T18:40:14Z</time>
   </trkpt>
   <trkpt lat="48.1225860" lon="17.1211110">
    <ele>137.3</ele>
    <time>2025-09-30T18:40:15Z</time>
   </trkpt>
   <trkpt lat="48.1225690" lon="17.1211270">
    <ele>137.3</ele>
    <time>2025-09-30T18:40:16Z</time>
   </trkpt>
   <trkpt lat="48.1225620" lon="17.1211330">
    <ele>137.3</ele>
    <time>2025-09-30T18:40:17Z</time>
   </trkpt>
   <trkpt lat="48.1225580" lon="17.1211340">
    <ele>137.3</ele>
    <time>2025-09-30T18:40:18Z</time>
   </trkpt>
   <trkpt lat="48.1225580" lon="17.1211310">
    <ele>137.3</ele>
    <time>2025-09-30T18:40:19Z</time>
   </trkpt>
   <trkpt lat="48.1225570" lon="17.1211310">
    <ele>137.3</ele>
    <time>2025-09-30T18:40:20Z</time>
   </trkpt>
   <trkpt lat="48.1225580" lon="17.1211310">
    <ele>137.3</ele>
    <time>2025-09-30T18:40:21Z</time>
   </trkpt>
   <trkpt lat="48.1225580" lon="17.1211300">
    <ele>137.3</ele>
    <time>2025-09-30T18:40:22Z</time>
   </trkpt>
   <trkpt lat="48.1225560" lon="17.1211320">
    <ele>137.3</ele>
    <time>2025-09-30T18:40:23Z</time>
   </trkpt>
   <trkpt lat="48.1225540" lon="17.1211330">
    <ele>137.3</ele>
    <time>2025-09-30T18:40:24Z</time>
   </trkpt>
   <trkpt lat="48.1225530" lon="17.1211340">
    <ele>137.3</ele>
    <time>2025-09-30T18:40:25Z</time>
   </trkpt>
   <trkpt lat="48.1225510" lon="17.1211330">
    <ele>137.3</ele>
    <time>2025-09-30T18:40:26Z</time>
   </trkpt>
   <trkpt lat="48.1225510" lon="17.1211330">
    <ele>137.3</ele>
    <time>2025-09-30T18:40:27Z</time>
   </trkpt>
   <trkpt lat="48.1225500" lon="17.1211330">
    <ele>137.3</ele>
    <time>2025-09-30T18:40:28Z</time>
   </trkpt>
   <trkpt lat="48.1225490" lon="17.1211330">
    <ele>137.3</ele>
    <time>2025-09-30T18:40:29Z</time>
   </trkpt>
   <trkpt lat="48.1225480" lon="17.1211310">
    <ele>137.3</ele>
    <time>2025-09-30T18:40:30Z</time>
   </trkpt>
   <trkpt lat="48.1225480" lon="17.1211300">
    <ele>137.3</ele>
    <time>2025-09-30T18:40:31Z</time>
   </trkpt>
   <trkpt lat="48.1225470" lon="17.1211300">
    <ele>137.3</ele>
    <time>2025-09-30T18:40:32Z</time>
   </trkpt>
   <trkpt lat="48.1225460" lon="17.1211300">
    <ele>137.3</ele>
    <time>2025-09-30T18:40:33Z</time>
   </trkpt>
   <trkpt lat="48.1225450" lon="17.1211310">
    <ele>137.3</ele>
    <time>2025-09-30T18:40:34Z</time>
   </trkpt>
   <trkpt lat="48.1225440" lon="17.1211320">
    <ele>137.3</ele>
    <time>2025-09-30T18:40:35Z</time>
   </trkpt>
   <trkpt lat="48.1225440" lon="17.1211330">
    <ele>137.3</ele>
    <time>2025-09-30T18:40:36Z</time>
   </trkpt>
   <trkpt lat="48.1225440" lon="17.1211330">
    <ele>137.3</ele>
    <time>2025-09-30T18:40:37Z</time>
   </trkpt>
   <trkpt lat="48.1225430" lon="17.1211330">
    <ele>137.3</ele>
    <time>2025-09-30T18:40:38Z</time>
   </trkpt>
   <trkpt lat="48.1225430" lon="17.1211330">
    <ele>137.3</ele>
    <time>2025-09-30T18:40:39Z</time>
   </trkpt>
   <trkpt lat="48.1225460" lon="17.1211340">
    <ele>137.3</ele>
    <time>2025-09-30T18:40:40Z</time>
   </trkpt>
   <trkpt lat="48.1225460" lon="17.1211340">
    <ele>137.3</ele>
    <time>2025-09-30T18:40:41Z</time>
   </trkpt>
   <trkpt lat="48.1225460" lon="17.1211340">
    <ele>137.3</ele>
    <time>2025-09-30T18:40:42Z</time>
   </trkpt>
   <trkpt lat="48.1225460" lon="17.1211340">
    <ele>137.3</ele>
    <time>2025-09-30T18:40:43Z</time>
   </trkpt>
   <trkpt lat="48.1225460" lon="17.1211340">
    <ele>137.3</ele>
    <time>2025-09-30T18:40:44Z</time>
   </trkpt>
   <trkpt lat="48.1225510" lon="17.1211500">
    <ele>137.3</ele>
    <time>2025-09-30T18:40:45Z</time>
   </trkpt>
   <trkpt lat="48.1225420" lon="17.1211390">
    <ele>137.3</ele>
    <time>2025-09-30T18:40:46Z</time>
   </trkpt>
   <trkpt lat="48.1225420" lon="17.1211410">
    <ele>137.3</ele>
    <time>2025-09-30T18:40:47Z</time>
   </trkpt>
   <trkpt lat="48.1225430" lon="17.1211440">
    <ele>137.3</ele>
    <time>2025-09-30T18:40:48Z</time>
   </trkpt>
   <trkpt lat="48.1225440" lon="17.1211440">
    <ele>137.3</ele>
    <time>2025-09-30T18:40:49Z</time>
   </trkpt>
   <trkpt lat="48.1225430" lon="17.1211430">
    <ele>137.3</ele>
    <time>2025-09-30T18:40:50Z</time>
   </trkpt>
   <trkpt lat="48.1225430" lon="17.1211430">
    <ele>137.3</ele>
    <time>2025-09-30T18:40:51Z</time>
   </trkpt>
   <trkpt lat="48.1225440" lon="17.1211550">
    <ele>137.3</ele>
    <time>2025-09-30T18:40:52Z</time>
   </trkpt>
   <trkpt lat="48.1225420" lon="17.1211670">
    <ele>137.3</ele>
    <time>2025-09-30T18:40:53Z</time>
   </trkpt>
   <trkpt lat="48.1225360" lon="17.1211840">
    <ele>137.3</ele>
    <time>2025-09-30T18:40:55Z</time>
   </trkpt>
   <trkpt lat="48.1225230" lon="17.1212030">
    <ele>137.3</ele>
    <time>2025-09-30T18:40:56Z</time>
   </trkpt>
   <trkpt lat="48.1225100" lon="17.1212180">
    <ele>137.3</ele>
    <time>2025-09-30T18:40:57Z</time>
   </trkpt>
   <trkpt lat="48.1224970" lon="17.1212280">
    <ele>137.3</ele>
    <time>2025-09-30T18:40:58Z</time>
   </trkpt>
   <trkpt lat="48.1224850" lon="17.1212350">
    <ele>137.3</ele>
    <time>2025-09-30T18:40:59Z</time>
   </trkpt>
   <trkpt lat="48.1224770" lon="17.1212420">
    <ele>137.3</ele>
    <time>2025-09-30T18:41:00Z</time>
   </trkpt>
   <trkpt lat="48.1224660" lon="17.1212340">
    <ele>137.3</ele>
    <time>2025-09-30T18:41:01Z</time>
   </trkpt>
   <trkpt lat="48.1224550" lon="17.1212220">
    <ele>137.4</ele>
    <time>2025-09-30T18:41:02Z</time>
   </trkpt>
   <trkpt lat="48.1224420" lon="17.1212110">
    <ele>137.4</ele>
    <time>2025-09-30T18:41:03Z</time>
   </trkpt>
   <trkpt lat="48.1224330" lon="17.1212040">
    <ele>137.4</ele>
    <time>2025-09-30T18:41:04Z</time>
   </trkpt>
   <trkpt lat="48.1224250" lon="17.1212050">
    <ele>137.4</ele>
    <time>2025-09-30T18:41:05Z</time>
   </trkpt>
   <trkpt lat="48.1224170" lon="17.1212090">
    <ele>137.4</ele>
    <time>2025-09-30T18:41:06Z</time>
   </trkpt>
   <trkpt lat="48.1224150" lon="17.1212180">
    <ele>137.4</ele>
    <time>2025-09-30T18:41:07Z</time>
   </trkpt>
   <trkpt lat="48.1224180" lon="17.1212250">
    <ele>137.4</ele>
    <time>2025-09-30T18:41:08Z</time>
   </trkpt>
   <trkpt lat="48.1224140" lon="17.1212240">
    <ele>137.4</ele>
    <time>2025-09-30T18:41:09Z</time>
   </trkpt>
   <trkpt lat="48.1224100" lon="17.1212230">
    <ele>137.4</ele>
    <time>2025-09-30T18:41:10Z</time>
   </trkpt>
   <trkpt lat="48.1224100" lon="17.1212210">
    <ele>137.4</ele>
    <time>2025-09-30T18:41:11Z</time>
   </trkpt>
   <trkpt lat="48.1224080" lon="17.1212210">
    <ele>137.4</ele>
    <time>2025-09-30T18:41:12Z</time>
   </trkpt>
   <trkpt lat="48.1224060" lon="17.1212210">
    <ele>137.4</ele>
    <time>2025-09-30T18:41:13Z</time>
   </trkpt>
   <trkpt lat="48.1224040" lon="17.1212200">
    <ele>137.4</ele>
    <time>2025-09-30T18:41:14Z</time>
   </trkpt>
   <trkpt lat="48.1224030" lon="17.1212200">
    <ele>137.4</ele>
    <time>2025-09-30T18:41:15Z</time>
   </trkpt>
   <trkpt lat="48.1224010" lon="17.1212190">
    <ele>137.4</ele>
    <time>2025-09-30T18:41:16Z</time>
   </trkpt>
   <trkpt lat="48.1224010" lon="17.1212190">
    <ele>137.4</ele>
    <time>2025-09-30T18:41:17Z</time>
   </trkpt>
   <trkpt lat="48.1223970" lon="17.1212290">
    <ele>137.4</ele>
    <time>2025-09-30T18:41:18Z</time>
   </trkpt>
   <trkpt lat="48.1223980" lon="17.1212390">
    <ele>137.4</ele>
    <time>2025-09-30T18:41:19Z</time>
   </trkpt>
   <trkpt lat="48.1224010" lon="17.1212480">
    <ele>137.4</ele>
    <time>2025-09-30T18:41:20Z</time>
   </trkpt>
   <trkpt lat="48.1224010" lon="17.1212620">
    <ele>137.4</ele>
    <time>2025-09-30T18:41:21Z</time>
   </trkpt>
   <trkpt lat="48.1223940" lon="17.1212810">
    <ele>137.4</ele>
    <time>2025-09-30T18:41:22Z</time>
   </trkpt>
   <trkpt lat="48.1223810" lon="17.1212930">
    <ele>137.4</ele>
    <time>2025-09-30T18:41:23Z</time>
   </trkpt>
   <trkpt lat="48.1223680" lon="17.1212990">
    <ele>137.4</ele>
    <time>2025-09-30T18:41:24Z</time>
   </trkpt>
   <trkpt lat="48.1223570" lon="17.1213050">
    <ele>137.3</ele>
    <time>2025-09-30T18:41:25Z</time>
   </trkpt>
   <trkpt lat="48.1223470" lon="17.1213140">
    <ele>137.3</ele>
    <time>2025-09-30T18:41:26Z</time>
   </trkpt>
   <trkpt lat="48.1223390" lon="17.1213240">
    <ele>137.3</ele>
    <time>2025-09-30T18:41:27Z</time>
   </trkpt>
   <trkpt lat="48.1223310" lon="17.1213340">
    <ele>137.3</ele>
    <time>2025-09-30T18:41:28Z</time>
   </trkpt>
   <trkpt lat="48.1223240" lon="17.1213460">
    <ele>137.3</ele>
    <time>2025-09-30T18:41:29Z</time>
   </trkpt>
   <trkpt lat="48.1223150" lon="17.1213550">
    <ele>137.3</ele>
    <time>2025-09-30T18:41:30Z</time>
   </trkpt>
   <trkpt lat="48.1223150" lon="17.1213590">
    <ele>137.3</ele>
    <time>2025-09-30T18:41:31Z</time>
   </trkpt>
   <trkpt lat="48.1223160" lon="17.1213620">
    <ele>137.3</ele>
    <time>2025-09-30T18:41:32Z</time>
   </trkpt>
   <trkpt lat="48.1223190" lon="17.1213630">
    <ele>137.3</ele>
    <time>2025-09-30T18:41:33Z</time>
   </trkpt>
   <trkpt lat="48.1223240" lon="17.1213630">
    <ele>137.3</ele>
    <time>2025-09-30T18:41:34Z</time>
   </trkpt>
   <trkpt lat="48.1223250" lon="17.1213630">
    <ele>137.3</ele>
    <time>2025-09-30T18:41:35Z</time>
   </trkpt>
   <trkpt lat="48.1223270" lon="17.1213630">
    <ele>137.3</ele>
    <time>2025-09-30T18:41:36Z</time>
   </trkpt>
   <trkpt lat="48.1223290" lon="17.1213640">
    <ele>137.3</ele>
    <time>2025-09-30T18:41:37Z</time>
   </trkpt>
   <trkpt lat="48.1223310" lon="17.1213650">
    <ele>137.3</ele>
    <time>2025-09-30T18:41:38Z</time>
   </trkpt>
   <trkpt lat="48.1223330" lon="17.1213660">
    <ele>137.3</ele>
    <time>2025-09-30T18:41:39Z</time>
   </trkpt>
   <trkpt lat="48.1223350" lon="17.1213680">
    <ele>137.3</ele>
    <time>2025-09-30T18:41:40Z</time>
   </trkpt>
   <trkpt lat="48.1223370" lon="17.1213690">
    <ele>137.3</ele>
    <time>2025-09-30T18:41:41Z</time>
   </trkpt>
   <trkpt lat="48.1223390" lon="17.1213720">
    <ele>137.3</ele>
    <time>2025-09-30T18:41:42Z</time>
   </trkpt>
   <trkpt lat="48.1223390" lon="17.1213730">
    <ele>137.3</ele>
    <time>2025-09-30T18:41:43Z</time>
   </trkpt>
   <trkpt lat="48.1223410" lon="17.1213760">
    <ele>137.3</ele>
    <time>2025-09-30T18:41:44Z</time>
   </trkpt>
   <trkpt lat="48.1223420" lon="17.1213760">
    <ele>137.3</ele>
    <time>2025-09-30T18:41:45Z</time>
   </trkpt>
   <trkpt lat="48.1223390" lon="17.1213730">
    <ele>137.3</ele>
    <time>2025-09-30T18:41:46Z</time>
   </trkpt>
   <trkpt lat="48.1223380" lon="17.1213710">
    <ele>137.3</ele>
    <time>2025-09-30T18:41:47Z</time>
   </trkpt>
   <trkpt lat="48.1223400" lon="17.1213690">
    <ele>137.3</ele>
    <time>2025-09-30T18:41:48Z</time>
   </trkpt>
   <trkpt lat="48.1223420" lon="17.1213670">
    <ele>137.3</ele>
    <time>2025-09-30T18:41:49Z</time>
   </trkpt>
   <trkpt lat="48.1223420" lon="17.1213660">
    <ele>137.3</ele>
    <time>2025-09-30T18:41:50Z</time>
   </trkpt>
   <trkpt lat="48.1223450" lon="17.1213640">
    <ele>137.3</ele>
    <time>2025-09-30T18:41:51Z</time>
   </trkpt>
   <trkpt lat="48.1223480" lon="17.1213640">
    <ele>137.3</ele>
    <time>2025-09-30T18:41:52Z</time>
   </trkpt>
   <trkpt lat="48.1223660" lon="17.1213570">
    <ele>137.3</ele>
    <time>2025-09-30T18:41:53Z</time>
   </trkpt>
   <trkpt lat="48.1223770" lon="17.1213510">
    <ele>137.3</ele>
    <time>2025-09-30T18:41:54Z</time>
   </trkpt>
   <trkpt lat="48.1223880" lon="17.1213460">
    <ele>137.3</ele>
    <time>2025-09-30T18:41:55Z</time>
   </trkpt>
   <trkpt lat="48.1223980" lon="17.1213170">
    <ele>137.3</ele>
    <time>2025-09-30T18:41:56Z</time>
   </trkpt>
   <trkpt lat="48.1224000" lon="17.1212990">
    <ele>137.3</ele>
    <time>2025-09-30T18:41:57Z</time>
   </trkpt>
   <trkpt lat="48.1224010" lon="17.1212820">
    <ele>137.3</ele>
    <time>2025-09-30T18:41:58Z</time>
   </trkpt>
   <trkpt lat="48.1224010" lon="17.1212580">
    <ele>137.3</ele>
    <time>2025-09-30T18:41:59Z</time>
   </trkpt>
   <trkpt lat="48.1224000" lon="17.1212390">
    <ele>137.3</ele>
    <time>2025-09-30T18:42:00Z</time>
   </trkpt>
   <trkpt lat="48.1224000" lon="17.1212210">
    <ele>137.3</ele>
    <time>2025-09-30T18:42:01Z</time>
   </trkpt>
   <trkpt lat="48.1223970" lon="17.1212040">
    <ele>137.3</ele>
    <time>2025-09-30T18:42:02Z</time>
   </trkpt>
   <trkpt lat="48.1223910" lon="17.1211880">
    <ele>137.3</ele>
    <time>2025-09-30T18:42:03Z</time>
   </trkpt>
   <trkpt lat="48.1223850" lon="17.1211750">
    <ele>137.3</ele>
    <time>2025-09-30T18:42:04Z</time>
   </trkpt>
   <trkpt lat="48.1223800" lon="17.1211640">
    <ele>137.3</ele>
    <time>2025-09-30T18:42:05Z</time>
   </trkpt>
   <trkpt lat="48.1223760" lon="17.1211510">
    <ele>137.3</ele>
    <time>2025-09-30T18:42:06Z</time>
   </trkpt>
   <trkpt lat="48.1223740" lon="17.1211450">
    <ele>137.3</ele>
    <time>2025-09-30T18:42:07Z</time>
   </trkpt>
   <trkpt lat="48.1223690" lon="17.1211320">
    <ele>137.2</ele>
    <time>2025-09-30T18:42:08Z</time>
   </trkpt>
   <trkpt lat="48.1223620" lon="17.1211190">
    <ele>137.2</ele>
    <time>2025-09-30T18:42:09Z</time>
   </trkpt>
   <trkpt lat="48.1223590" lon="17.1211060">
    <ele>137.2</ele>
    <time>2025-09-30T18:42:10Z</time>
   </trkpt>
   <trkpt lat="48.1223590" lon="17.1211050">
    <ele>137.2</ele>
    <time>2025-09-30T18:42:11Z</time>
   </trkpt>
   <trkpt lat="48.1223600" lon="17.1211070">
    <ele>137.2</ele>
    <time>2025-09-30T18:42:12Z</time>
   </trkpt>
   <trkpt lat="48.1223600" lon="17.1211110">
    <ele>137.2</ele>
    <time>2025-09-30T18:42:13Z</time>
   </trkpt>
   <trkpt lat="48.1223590" lon="17.1211110">
    <ele>137.2</ele>
    <time>2025-09-30T18:42:14Z</time>
   </trkpt>
   <trkpt lat="48.1223570" lon="17.1211100">
    <ele>137.2</ele>
    <time>2025-09-30T18:42:15Z</time>
   </trkpt>
   <trkpt lat="48.1223550" lon="17.1211100">
    <ele>137.2</ele>
    <time>2025-09-30T18:42:16Z</time>
   </trkpt>
   <trkpt lat="48.1223520" lon="17.1211080">
    <ele>137.2</ele>
    <time>2025-09-30T18:42:17Z</time>
   </trkpt>
   <trkpt lat="48.1223510" lon="17.1211070">
    <ele>137.2</ele>
    <time>2025-09-30T18:42:18Z</time>
   </trkpt>
   <trkpt lat="48.1223490" lon="17.1211060">
    <ele>137.2</ele>
    <time>2025-09-30T18:42:19Z</time>
   </trkpt>
   <trkpt lat="48.1223470" lon="17.1211060">
    <ele>137.2</ele>
    <time>2025-09-30T18:42:20Z</time>
   </trkpt>
   <trkpt lat="48.1223460" lon="17.1211050">
    <ele>137.2</ele>
    <time>2025-09-30T18:42:21Z</time>
   </trkpt>
   <trkpt lat="48.1223450" lon="17.1211040">
    <ele>137.2</ele>
    <time>2025-09-30T18:42:22Z</time>
   </trkpt>
   <trkpt lat="48.1223440" lon="17.1211030">
    <ele>137.2</ele>
    <time>2025-09-30T18:42:23Z</time>
   </trkpt>
   <trkpt lat="48.1223440" lon="17.1211020">
    <ele>137.2</ele>
    <time>2025-09-30T18:42:24Z</time>
   </trkpt>
   <trkpt lat="48.1223440" lon="17.1211020">
    <ele>137.2</ele>
    <time>2025-09-30T18:42:25Z</time>
   </trkpt>
   <trkpt lat="48.1223430" lon="17.1211020">
    <ele>137.2</ele>
    <time>2025-09-30T18:42:26Z</time>
   </trkpt>
   <trkpt lat="48.1223420" lon="17.1211000">
    <ele>137.2</ele>
    <time>2025-09-30T18:42:27Z</time>
   </trkpt>
   <trkpt lat="48.1223410" lon="17.1210990">
    <ele>137.2</ele>
    <time>2025-09-30T18:42:28Z</time>
   </trkpt>
   <trkpt lat="48.1223410" lon="17.1210990">
    <ele>137.2</ele>
    <time>2025-09-30T18:42:29Z</time>
   </trkpt>
   <trkpt lat="48.1223420" lon="17.1210990">
    <ele>137.2</ele>
    <time>2025-09-30T18:42:30Z</time>
   </trkpt>
   <trkpt lat="48.1223420" lon="17.1210990">
    <ele>137.2</ele>
    <time>2025-09-30T18:42:31Z</time>
   </trkpt>
   <trkpt lat="48.1223400" lon="17.1210980">
    <ele>137.2</ele>
    <time>2025-09-30T18:42:32Z</time>
   </trkpt>
   <trkpt lat="48.1223400" lon="17.1210970">
    <ele>137.2</ele>
    <time>2025-09-30T18:42:33Z</time>
   </trkpt>
   <trkpt lat="48.1223400" lon="17.1210970">
    <ele>137.2</ele>
    <time>2025-09-30T18:42:34Z</time>
   </trkpt>
   <trkpt lat="48.1223400" lon="17.1210970">
    <ele>137.2</ele>
    <time>2025-09-30T18:42:35Z</time>
   </trkpt>
   <trkpt lat="48.1223410" lon="17.1210690">
    <ele>137.2</ele>
    <time>2025-09-30T18:42:36Z</time>
   </trkpt>
   <trkpt lat="48.1223450" lon="17.1210580">
    <ele>137.2</ele>
    <time>2025-09-30T18:42:37Z</time>
   </trkpt>
   <trkpt lat="48.1223430" lon="17.1210580">
    <ele>137.2</ele>
    <time>2025-09-30T18:42:38Z</time>
   </trkpt>
   <trkpt lat="48.1223410" lon="17.1210630">
    <ele>137.1</ele>
    <time>2025-09-30T18:42:39Z</time>
   </trkpt>
   <trkpt lat="48.1223410" lon="17.1210630">
    <ele>137.1</ele>
    <time>2025-09-30T18:42:40Z</time>
   </trkpt>
   <trkpt lat="48.1223450" lon="17.1210640">
    <ele>137.1</ele>
    <time>2025-09-30T18:42:41Z</time>
   </trkpt>
   <trkpt lat="48.1223460" lon="17.1210640">
    <ele>137.1</ele>
    <time>2025-09-30T18:42:42Z</time>
   </trkpt>
   <trkpt lat="48.1223460" lon="17.1210640">
    <ele>137.1</ele>
    <time>2025-09-30T18:42:43Z</time>
   </trkpt>
   <trkpt lat="48.1223470" lon="17.1210640">
    <ele>137.1</ele>
    <time>2025-09-30T18:42:44Z</time>
   </trkpt>
   <trkpt lat="48.1223480" lon="17.1210630">
    <ele>137.1</ele>
    <time>2025-09-30T18:42:45Z</time>
   </trkpt>
   <trkpt lat="48.1223480" lon="17.1210620">
    <ele>137.1</ele>
    <time>2025-09-30T18:42:46Z</time>
   </trkpt>
   <trkpt lat="48.1223520" lon="17.1210620">
    <ele>137.1</ele>
    <time>2025-09-30T18:42:47Z</time>
   </trkpt>
   <trkpt lat="48.1223580" lon="17.1210660">
    <ele>137.1</ele>
    <time>2025-09-30T18:42:48Z</time>
   </trkpt>
   <trkpt lat="48.1223610" lon="17.1210650">
    <ele>137.1</ele>
    <time>2025-09-30T18:42:49Z</time>
   </trkpt>
   <trkpt lat="48.1223610" lon="17.1210630">
    <ele>137.1</ele>
    <time>2025-09-30T18:42:50Z</time>
   </trkpt>
   <trkpt lat="48.1223640" lon="17.1210590">
    <ele>137.1</ele>
    <time>2025-09-30T18:42:51Z</time>
   </trkpt>
   <trkpt lat="48.1223670" lon="17.1210550">
    <ele>137.1</ele>
    <time>2025-09-30T18:42:52Z</time>
   </trkpt>
   <trkpt lat="48.1223690" lon="17.1210520">
    <ele>137.1</ele>
    <time>2025-09-30T18:42:53Z</time>
   </trkpt>
   <trkpt lat="48.1223700" lon="17.1210490">
    <ele>137.1</ele>
    <time>2025-09-30T18:42:54Z</time>
   </trkpt>
   <trkpt lat="48.1223710" lon="17.1210460">
    <ele>137.1</ele>
    <time>2025-09-30T18:42:55Z</time>
   </trkpt>
   <trkpt lat="48.1223720" lon="17.1210420">
    <ele>137.1</ele>
    <time>2025-09-30T18:42:56Z</time>
   </trkpt>
   <trkpt lat="48.1223710" lon="17.1210320">
    <ele>137.1</ele>
    <time>2025-09-30T18:42:57Z</time>
   </trkpt>
   <trkpt lat="48.1223720" lon="17.1210290">
    <ele>137.1</ele>
    <time>2025-09-30T18:42:58Z</time>
   </trkpt>
   <trkpt lat="48.1223730" lon="17.1210270">
    <ele>137.1</ele>
    <time>2025-09-30T18:42:59Z</time>
   </trkpt>
   <trkpt lat="48.1223740" lon="17.1210280">
    <ele>137.1</ele>
    <time>2025-09-30T18:43:00Z</time>
   </trkpt>
   <trkpt lat="48.1223750" lon="17.1210280">
    <ele>137.1</ele>
    <time>2025-09-30T18:43:01Z</time>
   </trkpt>
   <trkpt lat="48.1223750" lon="17.1210290">
    <ele>137.1</ele>
    <time>2025-09-30T18:43:02Z</time>
   </trkpt>
   <trkpt lat="48.1223750" lon="17.1210280">
    <ele>137.1</ele>
    <time>2025-09-30T18:43:03Z</time>
   </trkpt>
   <trkpt lat="48.1223730" lon="17.1210280">
    <ele>137.1</ele>
    <time>2025-09-30T18:43:04Z</time>
   </trkpt>
   <trkpt lat="48.1223610" lon="17.1210110">
    <ele>137.1</ele>
    <time>2025-09-30T18:43:05Z</time>
   </trkpt>
   <trkpt lat="48.1223600" lon="17.1210050">
    <ele>137.1</ele>
    <time>2025-09-30T18:43:06Z</time>
   </trkpt>
   <trkpt lat="48.1223620" lon="17.1210080">
    <ele>137.1</ele>
    <time>2025-09-30T18:43:07Z</time>
   </trkpt>
   <trkpt lat="48.1223620" lon="17.1210080">
    <ele>137.1</ele>
    <time>2025-09-30T18:43:08Z</time>
   </trkpt>
   <trkpt lat="48.1223650" lon="17.1210030">
    <ele>137.1</ele>
    <time>2025-09-30T18:43:09Z</time>
   </trkpt>
   <trkpt lat="48.1223610" lon="17.1209910">
    <ele>137.0</ele>
    <time>2025-09-30T18:43:10Z</time>
   </trkpt>
   <trkpt lat="48.1223570" lon="17.1209830">
    <ele>137.0</ele>
    <time>2025-09-30T18:43:11Z</time>
   </trkpt>
   <trkpt lat="48.1223530" lon="17.1209770">
    <ele>137.0</ele>
    <time>2025-09-30T18:43:12Z</time>
   </trkpt>
   <trkpt lat="48.1223490" lon="17.1209660">
    <ele>137.0</ele>
    <time>2025-09-30T18:43:13Z</time>
   </trkpt>
   <trkpt lat="48.1223530" lon="17.1209590">
    <ele>137.0</ele>
    <time>2025-09-30T18:43:14Z</time>
   </trkpt>
   <trkpt lat="48.1223530" lon="17.1209570">
    <ele>137.0</ele>
    <time>2025-09-30T18:43:15Z</time>
   </trkpt>
   <trkpt lat="48.1223520" lon="17.1209550">
    <ele>137.0</ele>
    <time>2025-09-30T18:43:16Z</time>
   </trkpt>
   <trkpt lat="48.1223520" lon="17.1209540">
    <ele>137.0</ele>
    <time>2025-09-30T18:43:17Z</time>
   </trkpt>
   <trkpt lat="48.1223520" lon="17.1209520">
    <ele>137.0</ele>
    <time>2025-09-30T18:43:18Z</time>
   </trkpt>
   <trkpt lat="48.1223520" lon="17.1209500">
    <ele>137.0</ele>
    <time>2025-09-30T18:43:19Z</time>
   </trkpt>
   <trkpt lat="48.1223510" lon="17.1209480">
    <ele>137.0</ele>
    <time>2025-09-30T18:43:20Z</time>
   </trkpt>
   <trkpt lat="48.1223510" lon="17.1209460">
    <ele>137.0</ele>
    <time>2025-09-30T18:43:21Z</time>
   </trkpt>
   <trkpt lat="48.1223510" lon="17.1209440">
    <ele>137.0</ele>
    <time>2025-09-30T18:43:22Z</time>
   </trkpt>
   <trkpt lat="48.1223510" lon="17.1209420">
    <ele>137.0</ele>
    <time>2025-09-30T18:43:23Z</time>
   </trkpt>
   <trkpt lat="48.1223500" lon="17.1209410">
    <ele>137.0</ele>
    <time>2025-09-30T18:43:24Z</time>
   </trkpt>
   <trkpt lat="48.1223500" lon="17.1209390">
    <ele>137.0</ele>
    <time>2025-09-30T18:43:25Z</time>
   </trkpt>
   <trkpt lat="48.1223500" lon="17.1209370">
    <ele>137.0</ele>
    <time>2025-09-30T18:43:26Z</time>
   </trkpt>
   <trkpt lat="48.1223500" lon="17.1209350">
    <ele>137.0</ele>
    <time>2025-09-30T18:43:27Z</time>
   </trkpt>
   <trkpt lat="48.1223490" lon="17.1209330">
    <ele>137.0</ele>
    <time>2025-09-30T18:43:28Z</time>
   </trkpt>
   <trkpt lat="48.1223490" lon="17.1209310">
    <ele>137.0</ele>
    <time>2025-09-30T18:43:29Z</time>
   </trkpt>
   <trkpt lat="48.1223490" lon="17.1209290">
    <ele>137.0</ele>
    <time>2025-09-30T18:43:30Z</time>
   </trkpt>
   <trkpt lat="48.1223490" lon="17.1209280">
    <ele>137.0</ele>
    <time>2025-09-30T18:43:31Z</time>
   </trkpt>
   <trkpt lat="48.1223490" lon="17.1209260">
    <ele>137.0</ele>
    <time>2025-09-30T18:43:32Z</time>
   </trkpt>
   <trkpt lat="48.1223480" lon="17.1209240">
    <ele>137.0</ele>
    <time>2025-09-30T18:43:33Z</time>
   </trkpt>
   <trkpt lat="48.1223480" lon="17.1209220">
    <ele>137.0</ele>
    <time>2025-09-30T18:43:34Z</time>
   </trkpt>
   <trkpt lat="48.1223480" lon="17.1209200">
    <ele>137.0</ele>
    <time>2025-09-30T18:43:35Z</time>
   </trkpt>
   <trkpt lat="48.1223480" lon="17.1209180">
    <ele>137.0</ele>
    <time>2025-09-30T18:43:36Z</time>
   </trkpt>
   <trkpt lat="48.1223470" lon="17.1209170">
    <ele>137.0</ele>
    <time>2025-09-30T18:43:37Z</time>
   </trkpt>
   <trkpt lat="48.1223470" lon="17.1209150">
    <ele>137.0</ele>
    <time>2025-09-30T18:43:38Z</time>
   </trkpt>
   <trkpt lat="48.1223470" lon="17.1209130">
    <ele>137.0</ele>
    <time>2025-09-30T18:43:39Z</time>
   </trkpt>
   <trkpt lat="48.1223470" lon="17.1209110">
    <ele>137.0</ele>
    <time>2025-09-30T18:43:40Z</time>
   </trkpt>
   <trkpt lat="48.1223460" lon="17.1209090">
    <ele>137.0</ele>
    <time>2025-09-30T18:43:41Z</time>
   </trkpt>
   <trkpt lat="48.1223460" lon="17.1209070">
    <ele>137.0</ele>
    <time>2025-09-30T18:43:42Z</time>
   </trkpt>
   <trkpt lat="48.1223460" lon="17.1209050">
    <ele>137.0</ele>
    <time>2025-09-30T18:43:43Z</time>
   </trkpt>
   <trkpt lat="48.1223460" lon="17.1209040">
    <ele>137.0</ele>
    <time>2025-09-30T18:43:44Z</time>
   </trkpt>
   <trkpt lat="48.1223450" lon="17.1209020">
    <ele>137.0</ele>
    <time>2025-09-30T18:43:45Z</time>
   </trkpt>
   <trkpt lat="48.1223450" lon="17.1209000">
    <ele>137.0</ele>
    <time>2025-09-30T18:43:46Z</time>
   </trkpt>
   <trkpt lat="48.1223450" lon="17.1208980">
    <ele>137.0</ele>
    <time>2025-09-30T18:43:47Z</time>
   </trkpt>
   <trkpt lat="48.1223300" lon="17.1208740">
    <ele>137.0</ele>
    <time>2025-09-30T18:43:48Z</time>
   </trkpt>
   <trkpt lat="48.1223200" lon="17.1208580">
    <ele>137.0</ele>
    <time>2025-09-30T18:43:49Z</time>
   </trkpt>
   <trkpt lat="48.1223090" lon="17.1208430">
    <ele>137.1</ele>
    <time>2025-09-30T18:43:50Z</time>
   </trkpt>
   <trkpt lat="48.1222990" lon="17.1208440">
    <ele>137.1</ele>
    <time>2025-09-30T18:43:51Z</time>
   </trkpt>
   <trkpt lat="48.1222900" lon="17.1208410">
    <ele>137.1</ele>
    <time>2025-09-30T18:43:52Z</time>
   </trkpt>
   <trkpt lat="48.1222910" lon="17.1208350">
    <ele>137.1</ele>
    <time>2025-09-30T18:43:53Z</time>
   </trkpt>
   <trkpt lat="48.1222920" lon="17.1208300">
    <ele>137.1</ele>
    <time>2025-09-30T18:43:54Z</time>
   </trkpt>
   <trkpt lat="48.1222970" lon="17.1208280">
    <ele>137.1</ele>
    <time>2025-09-30T18:43:55Z</time>
   </trkpt>
   <trkpt lat="48.1223010" lon="17.1208290">
    <ele>137.1</ele>
    <time>2025-09-30T18:43:56Z</time>
   </trkpt>
   <trkpt lat="48.1223110" lon="17.1208320">
    <ele>137.1</ele>
    <time>2025-09-30T18:43:57Z</time>
   </trkpt>
   <trkpt lat="48.1223110" lon="17.1208350">
    <ele>137.1</ele>
    <time>2025-09-30T18:43:58Z</time>
   </trkpt>
   <trkpt lat="48.1223100" lon="17.1208370">
    <ele>137.1</ele>
    <time>2025-09-30T18:43:59Z</time>
   </trkpt>
   <trkpt lat="48.1223080" lon="17.1208380">
    <ele>137.1</ele>
    <time>2025-09-30T18:44:00Z</time>
   </trkpt>
   <trkpt lat="48.1223070" lon="17.1208360">
    <ele>137.1</ele>
    <time>2025-09-30T18:44:01Z</time>
   </trkpt>
   <trkpt lat="48.1223070" lon="17.1208330">
    <ele>137.1</ele>
    <time>2025-09-30T18:44:02Z</time>
   </trkpt>
   <trkpt lat="48.1223080" lon="17.1208290">
    <ele>137.1</ele>
    <time>2025-09-30T18:44:03Z</time>
   </trkpt>
   <trkpt lat="48.1223090" lon="17.1208250">
    <ele>137.1</ele>
    <time>2025-09-30T18:44:04Z</time>
   </trkpt>
   <trkpt lat="48.1223090" lon="17.1208210">
    <ele>137.1</ele>
    <time>2025-09-30T18:44:05Z</time>
   </trkpt>
   <trkpt lat="48.1223110" lon="17.1208170">
    <ele>137.1</ele>
    <time>2025-09-30T18:44:06Z</time>
   </trkpt>
   <trkpt lat="48.1223130" lon="17.1208130">
    <ele>137.1</ele>
    <time>2025-09-30T18:44:07Z</time>
   </trkpt>
   <trkpt lat="48.1223160" lon="17.1208080">
    <ele>137.1</ele>
    <time>2025-09-30T18:44:08Z</time>
   </trkpt>
   <trkpt lat="48.1223160" lon="17.1208050">
    <ele>137.1</ele>
    <time>2025-09-30T18:44:09Z</time>
   </trkpt>
   <trkpt lat="48.1223170" lon="17.1207980">
    <ele>137.1</ele>
    <time>2025-09-30T18:44:10Z</time>
   </trkpt>
   <trkpt lat="48.1223170" lon="17.1207930">
    <ele>137.1</ele>
    <time>2025-09-30T18:44:11Z</time>
   </trkpt>
   <trkpt lat="48.1223170" lon="17.1207910">
    <ele>137.1</ele>
    <time>2025-09-30T18:44:12Z</time>
   </trkpt>
   <trkpt lat="48.1223170" lon="17.1207910">
    <ele>137.1</ele>
    <time>2025-09-30T18:44:13Z</time>
   </trkpt>
   <trkpt lat="48.1223160" lon="17.1207880">
    <ele>137.1</ele>
    <time>2025-09-30T18:44:14Z</time>
   </trkpt>
   <trkpt lat="48.1223140" lon="17.1207840">
    <ele>137.1</ele>
    <time>2025-09-30T18:44:15Z</time>
   </trkpt>
   <trkpt lat="48.1223130" lon="17.1207810">
    <ele>137.2</ele>
    <time>2025-09-30T18:44:16Z</time>
   </trkpt>
   <trkpt lat="48.1223120" lon="17.1207780">
    <ele>137.2</ele>
    <time>2025-09-30T18:44:17Z</time>
   </trkpt>
   <trkpt lat="48.1223110" lon="17.1207760">
    <ele>137.2</ele>
    <time>2025-09-30T18:44:18Z</time>
   </trkpt>
   <trkpt lat="48.1223100" lon="17.1207720">
    <ele>137.2</ele>
    <time>2025-09-30T18:44:19Z</time>
   </trkpt>
   <trkpt lat="48.1223100" lon="17.1207710">
    <ele>137.2</ele>
    <time>2025-09-30T18:44:20Z</time>
   </trkpt>
   <trkpt lat="48.1223100" lon="17.1207710">
    <ele>137.2</ele>
    <time>2025-09-30T18:44:21Z</time>
   </trkpt>
   <trkpt lat="48.1223100" lon="17.1207710">
    <ele>137.2</ele>
    <time>2025-09-30T18:44:22Z</time>
   </trkpt>
   <trkpt lat="48.1223100" lon="17.1207710">
    <ele>137.2</ele>
    <time>2025-09-30T18:44:23Z</time>
   </trkpt>
   <trkpt lat="48.1223100" lon="17.1207710">
    <ele>137.2</ele>
    <time>2025-09-30T18:44:24Z</time>
   </trkpt>
   <trkpt lat="48.1223100" lon="17.1207710">
    <ele>137.2</ele>
    <time>2025-09-30T18:44:25Z</time>
   </trkpt>
   <trkpt lat="48.1223100" lon="17.1207710">
    <ele>137.2</ele>
    <time>2025-09-30T18:44:26Z</time>
   </trkpt>
   <trkpt lat="48.1223100" lon="17.1207710">
    <ele>137.2</ele>
    <time>2025-09-30T18:44:27Z</time>
   </trkpt>
   <trkpt lat="48.1223100" lon="17.1207710">
    <ele>137.2</ele>
    <time>2025-09-30T18:44:28Z</time>
   </trkpt>
   <trkpt lat="48.1223100" lon="17.1207710">
    <ele>137.2</ele>
    <time>2025-09-30T18:44:29Z</time>
   </trkpt>
   <trkpt lat="48.1223100" lon="17.1207710">
    <ele>137.2</ele>
    <time>2025-09-30T18:44:30Z</time>
   </trkpt>
   <trkpt lat="48.1223100" lon="17.1207710">
    <ele>137.2</ele>
    <time>2025-09-30T18:44:31Z</time>
   </trkpt>
   <trkpt lat="48.1223100" lon="17.1207710">
    <ele>137.2</ele>
    <time>2025-09-30T18:44:32Z</time>
   </trkpt>
   <trkpt lat="48.1223100" lon="17.1207710">
    <ele>137.2</ele>
    <time>2025-09-30T18:44:33Z</time>
   </trkpt>
   <trkpt lat="48.1223100" lon="17.1207710">
    <ele>137.2</ele>
    <time>2025-09-30T18:44:34Z</time>
   </trkpt>
   <trkpt lat="48.1223100" lon="17.1207710">
    <ele>137.2</ele>
    <time>2025-09-30T18:44:35Z</time>
   </trkpt>
   <trkpt lat="48.1223100" lon="17.1207710">
    <ele>137.2</ele>
    <time>2025-09-30T18:44:36Z</time>
   </trkpt>
   <trkpt lat="48.1223100" lon="17.1207710">
    <ele>137.2</ele>
    <time>2025-09-30T18:44:37Z</time>
   </trkpt>
   <trkpt lat="48.1223100" lon="17.1207710">
    <ele>137.2</ele>
    <time>2025-09-30T18:44:38Z</time>
   </trkpt>
   <trkpt lat="48.1223100" lon="17.1207710">
    <ele>137.2</ele>
    <time>2025-09-30T18:44:39Z</time>
   </trkpt>
   <trkpt lat="48.1223180" lon="17.1207820">
    <ele>137.2</ele>
    <time>2025-09-30T18:44:40Z</time>
   </trkpt>
   <trkpt lat="48.1223160" lon="17.1207860">
    <ele>137.2</ele>
    <time>2025-09-30T18:44:41Z</time>
   </trkpt>
   <trkpt lat="48.1223100" lon="17.1207920">
    <ele>137.2</ele>
    <time>2025-09-30T18:44:42Z</time>
   </trkpt>
   <trkpt lat="48.1223010" lon="17.1207910">
    <ele>137.2</ele>
    <time>2025-09-30T18:44:43Z</time>
   </trkpt>
   <trkpt lat="48.1222990" lon="17.1207940">
    <ele>137.2</ele>
    <time>2025-09-30T18:44:44Z</time>
   </trkpt>
   <trkpt lat="48.1222940" lon="17.1207910">
    <ele>137.2</ele>
    <time>2025-09-30T18:44:45Z</time>
   </trkpt>
   <trkpt lat="48.1222850" lon="17.1207780">
    <ele>137.2</ele>
    <time>2025-09-30T18:44:46Z</time>
   </trkpt>
   <trkpt lat="48.1222740" lon="17.1207600">
    <ele>137.2</ele>
    <time>2025-09-30T18:44:47Z</time>
   </trkpt>
   <trkpt lat="48.1222630" lon="17.1207480">
    <ele>137.3</ele>
    <time>2025-09-30T18:44:48Z</time>
   </trkpt>
   <trkpt lat="48.1222540" lon="17.1207410">
    <ele>137.3</ele>
    <time>2025-09-30T18:44:49Z</time>
   </trkpt>
   <trkpt lat="48.1222500" lon="17.1207390">
    <ele>137.3</ele>
    <time>2025-09-30T18:44:50Z</time>
   </trkpt>
   <trkpt lat="48.1222520" lon="17.1207390">
    <ele>137.3</ele>
    <time>2025-09-30T18:44:51Z</time>
   </trkpt>
   <trkpt lat="48.1222550" lon="17.1207350">
    <ele>137.3</ele>
    <time>2025-09-30T18:44:52Z</time>
   </trkpt>
   <trkpt lat="48.1222590" lon="17.1207330">
    <ele>137.3</ele>
    <time>2025-09-30T18:44:53Z</time>
   </trkpt>
   <trkpt lat="48.1222600" lon="17.1207290">
    <ele>137.3</ele>
    <time>2025-09-30T18:44:54Z</time>
   </trkpt>
   <trkpt lat="48.1222610" lon="17.1207280">
    <ele>137.3</ele>
    <time>2025-09-30T18:44:55Z</time>
   </trkpt>
   <trkpt lat="48.1222630" lon="17.1207260">
    <ele>137.3</ele>
    <time>2025-09-30T18:44:56Z</time>
   </trkpt>
   <trkpt lat="48.1222650" lon="17.1207250">
    <ele>137.3</ele>
    <time>2025-09-30T18:44:57Z</time>
   </trkpt>
   <trkpt lat="48.1222630" lon="17.1207260">
    <ele>137.3</ele>
    <time>2025-09-30T18:44:58Z</time>
   </trkpt>
   <trkpt lat="48.1222590" lon="17.1207210">
    <ele>137.3</ele>
    <time>2025-09-30T18:44:59Z</time>
   </trkpt>
   <trkpt lat="48.1222530" lon="17.1207130">
    <ele>137.3</ele>
    <time>2025-09-30T18:45:00Z</time>
   </trkpt>
   <trkpt lat="48.1222470" lon="17.1206990">
    <ele>137.3</ele>
    <time>2025-09-30T18:45:01Z</time>
   </trkpt>
   <trkpt lat="48.1222390" lon="17.1206850">
    <ele>137.3</ele>
    <time>2025-09-30T18:45:02Z</time>
   </trkpt>
   <trkpt lat="48.1222330" lon="17.1206650">
    <ele>137.4</ele>
    <time>2025-09-30T18:45:03Z</time>
   </trkpt>
   <trkpt lat="48.1222300" lon="17.1206510">
    <ele>137.4</ele>
    <time>2025-09-30T18:45:04Z</time>
   </trkpt>
   <trkpt lat="48.1222270" lon="17.1206400">
    <ele>137.4</ele>
    <time>2025-09-30T18:45:05Z</time>
   </trkpt>
   <trkpt lat="48.1222230" lon="17.1206270">
    <ele>137.4</ele>
    <time>2025-09-30T18:45:06Z</time>
   </trkpt>
   <trkpt lat="48.1222240" lon="17.1206190">
    <ele>137.4</ele>
    <time>2025-09-30T18:45:07Z</time>
   </trkpt>
   <trkpt lat="48.1222230" lon="17.1206110">
    <ele>137.4</ele>
    <time>2025-09-30T18:45:08Z</time>
   </trkpt>
   <trkpt lat="48.1222200" lon="17.1205970">
    <ele>137.5</ele>
    <time>2025-09-30T18:45:09Z</time>
   </trkpt>
   <trkpt lat="48.1222190" lon="17.1205910">
    <ele>137.5</ele>
    <time>2025-09-30T18:45:10Z</time>
   </trkpt>
   <trkpt lat="48.1222170" lon="17.1205840">
    <ele>137.5</ele>
    <time>2025-09-30T18:45:11Z</time>
   </trkpt>
   <trkpt lat="48.1222150" lon="17.1205770">
    <ele>137.5</ele>
    <time>2025-09-30T18:45:12Z</time>
   </trkpt>
   <trkpt lat="48.1222130" lon="17.1205710">
    <ele>137.5</ele>
    <time>2025-09-30T18:45:13Z</time>
   </trkpt>
   <trkpt lat="48.1222120" lon="17.1205640">
    <ele>137.5</ele>
    <time>2025-09-30T18:45:14Z</time>
   </trkpt>
   <trkpt lat="48.1222100" lon="17.1205580">
    <ele>137.5</ele>
    <time>2025-09-30T18:45:15Z</time>
   </trkpt>
   <trkpt lat="48.1222080" lon="17.1205510">
    <ele>137.5</ele>
    <time>2025-09-30T18:45:16Z</time>
   </trkpt>
   <trkpt lat="48.1222030" lon="17.1205350">
    <ele>137.5</ele>
    <time>2025-09-30T18:45:17Z</time>
   </trkpt>
   <trkpt lat="48.1221990" lon="17.1205210">
    <ele>137.5</ele>
    <time>2025-09-30T18:45:18Z</time>
   </trkpt>
   <trkpt lat="48.1221960" lon="17.1205060">
    <ele>137.5</ele>
    <time>2025-09-30T18:45:19Z</time>
   </trkpt>
   <trkpt lat="48.1221920" lon="17.1204940">
    <ele>137.5</ele>
    <time>2025-09-30T18:45:20Z</time>
   </trkpt>
   <trkpt lat="48.1221880" lon="17.1204790">
    <ele>137.5</ele>
    <time>2025-09-30T18:45:21Z</time>
   </trkpt>
   <trkpt lat="48.1221900" lon="17.1204740">
    <ele>137.6</ele>
    <time>2025-09-30T18:45:22Z</time>
   </trkpt>
   <trkpt lat="48.1221910" lon="17.1204650">
    <ele>137.6</ele>
    <time>2025-09-30T18:45:23Z</time>
   </trkpt>
   <trkpt lat="48.1221930" lon="17.1204600">
    <ele>137.6</ele>
    <time>2025-09-30T18:45:24Z</time>
   </trkpt>
   <trkpt lat="48.1221940" lon="17.1204550">
    <ele>137.6</ele>
    <time>2025-09-30T18:45:25Z</time>
   </trkpt>
   <trkpt lat="48.1221950" lon="17.1204510">
    <ele>137.6</ele>
    <time>2025-09-30T18:45:26Z</time>
   </trkpt>
   <trkpt lat="48.1221980" lon="17.1204430">
    <ele>137.6</ele>
    <time>2025-09-30T18:45:27Z</time>
   </trkpt>
   <trkpt lat="48.1222020" lon="17.1204410">
    <ele>137.6</ele>
    <time>2025-09-30T18:45:28Z</time>
   </trkpt>
   <trkpt lat="48.1222050" lon="17.1204400">
    <ele>137.6</ele>
    <time>2025-09-30T18:45:29Z</time>
   </trkpt>
   <trkpt lat="48.1222070" lon="17.1204390">
    <ele>137.6</ele>
    <time>2025-09-30T18:45:30Z</time>
   </trkpt>
   <trkpt lat="48.1222100" lon="17.1204380">
    <ele>137.6</ele>
    <time>2025-09-30T18:45:31Z</time>
   </trkpt>
   <trkpt lat="48.1222120" lon="17.1204370">
    <ele>137.6</ele>
    <time>2025-09-30T18:45:32Z</time>
   </trkpt>
   <trkpt lat="48.1222140" lon="17.1204360">
    <ele>137.6</ele>
    <time>2025-09-30T18:45:33Z</time>
   </trkpt>
   <trkpt lat="48.1222170" lon="17.1204340">
    <ele>137.6</ele>
    <time>2025-09-30T18:45:34Z</time>
   </trkpt>
   <trkpt lat="48.1222190" lon="17.1204310">
    <ele>137.6</ele>
    <time>2025-09-30T18:45:35Z</time>
   </trkpt>
   <trkpt lat="48.1222210" lon="17.1204290">
    <ele>137.6</ele>
    <time>2025-09-30T18:45:36Z</time>
   </trkpt>
   <trkpt lat="48.1222220" lon="17.1204290">
    <ele>137.6</ele>
    <time>2025-09-30T18:45:37Z</time>
   </trkpt>
   <trkpt lat="48.1222240" lon="17.1204280">
    <ele>137.6</ele>
    <time>2025-09-30T18:45:38Z</time>
   </trkpt>
   <trkpt lat="48.1222270" lon="17.1204250">
    <ele>137.6</ele>
    <time>2025-09-30T18:45:39Z</time>
   </trkpt>
   <trkpt lat="48.1222270" lon="17.1204240">
    <ele>137.6</ele>
    <time>2025-09-30T18:45:40Z</time>
   </trkpt>
   <trkpt lat="48.1222270" lon="17.1204240">
    <ele>137.6</ele>
    <time>2025-09-30T18:45:41Z</time>
   </trkpt>
   <trkpt lat="48.1222290" lon="17.1204190">
    <ele>137.6</ele>
    <time>2025-09-30T18:45:42Z</time>
   </trkpt>
   <trkpt lat="48.1222290" lon="17.1204210">
    <ele>137.6</ele>
    <time>2025-09-30T18:45:43Z</time>
   </trkpt>
   <trkpt lat="48.1222290" lon="17.1204160">
    <ele>137.6</ele>
    <time>2025-09-30T18:45:44Z</time>
   </trkpt>
   <trkpt lat="48.1222270" lon="17.1204130">
    <ele>137.6</ele>
    <time>2025-09-30T18:45:45Z</time>
   </trkpt>
   <trkpt lat="48.1222250" lon="17.1204090">
    <ele>137.6</ele>
    <time>2025-09-30T18:45:46Z</time>
   </trkpt>
   <trkpt lat="48.1222270" lon="17.1204000">
    <ele>137.6</ele>
    <time>2025-09-30T18:45:47Z</time>
   </trkpt>
   <trkpt lat="48.1222230" lon="17.1203770">
    <ele>137.6</ele>
    <time>2025-09-30T18:45:48Z</time>
   </trkpt>
   <trkpt lat="48.1222170" lon="17.1203620">
    <ele>137.6</ele>
    <time>2025-09-30T18:45:49Z</time>
   </trkpt>
   <trkpt lat="48.1222120" lon="17.1203470">
    <ele>137.6</ele>
    <time>2025-09-30T18:45:50Z</time>
   </trkpt>
   <trkpt lat="48.1222060" lon="17.1203320">
    <ele>137.6</ele>
    <time>2025-09-30T18:45:51Z</time>
   </trkpt>
   <trkpt lat="48.1222000" lon="17.1203140">
    <ele>137.7</ele>
    <time>2025-09-30T18:45:52Z</time>
   </trkpt>
   <trkpt lat="48.1221940" lon="17.1202940">
    <ele>137.7</ele>
    <time>2025-09-30T18:45:53Z</time>
   </trkpt>
   <trkpt lat="48.1221840" lon="17.1202750">
    <ele>137.7</ele>
    <time>2025-09-30T18:45:54Z</time>
   </trkpt>
   <trkpt lat="48.1221760" lon="17.1202600">
    <ele>137.7</ele>
    <time>2025-09-30T18:45:55Z</time>
   </trkpt>
   <trkpt lat="48.1221760" lon="17.1202520">
    <ele>137.7</ele>
    <time>2025-09-30T18:45:56Z</time>
   </trkpt>
   <trkpt lat="48.1221780" lon="17.1202530">
    <ele>137.7</ele>
    <time>2025-09-30T18:45:57Z</time>
   </trkpt>
   <trkpt lat="48.1221780" lon="17.1202560">
    <ele>137.7</ele>
    <time>2025-09-30T18:45:58Z</time>
   </trkpt>
   <trkpt lat="48.1221770" lon="17.1202580">
    <ele>137.7</ele>
    <time>2025-09-30T18:45:59Z</time>
   </trkpt>
   <trkpt lat="48.1221750" lon="17.1202560">
    <ele>137.7</ele>
    <time>2025-09-30T18:46:00Z</time>
   </trkpt>
   <trkpt lat="48.1221750" lon="17.1202540">
    <ele>137.7</ele>
    <time>2025-09-30T18:46:01Z</time>
   </trkpt>
   <trkpt lat="48.1221740" lon="17.1202530">
    <ele>137.7</ele>
    <time>2025-09-30T18:46:02Z</time>
   </trkpt>
   <trkpt lat="48.1221730" lon="17.1202540">
    <ele>137.7</ele>
    <time>2025-09-30T18:46:03Z</time>
   </trkpt>
   <trkpt lat="48.1221730" lon="17.1202540">
    <ele>137.7</ele>
    <time>2025-09-30T18:46:04Z</time>
   </trkpt>
   <trkpt lat="48.1221720" lon="17.1202550">
    <ele>137.7</ele>
    <time>2025-09-30T18:46:05Z</time>
   </trkpt>
   <trkpt lat="48.1221710" lon="17.1202510">
    <ele>137.7</ele>
    <time>2025-09-30T18:46:06Z</time>
   </trkpt>
   <trkpt lat="48.1221690" lon="17.1202450">
    <ele>137.7</ele>
    <time>2025-09-30T18:46:07Z</time>
   </trkpt>
   <trkpt lat="48.1221670" lon="17.1202410">
    <ele>137.7</ele>
    <time>2025-09-30T18:46:08Z</time>
   </trkpt>
   <trkpt lat="48.1221650" lon="17.1202190">
    <ele>137.7</ele>
    <time>2025-09-30T18:46:09Z</time>
   </trkpt>
   <trkpt lat="48.1221620" lon="17.1201950">
    <ele>137.7</ele>
    <time>2025-09-30T18:46:10Z</time>
   </trkpt>
   <trkpt lat="48.1221610" lon="17.1201780">
    <ele>137.7</ele>
    <time>2025-09-30T18:46:11Z</time>
   </trkpt>
   <trkpt lat="48.1221620" lon="17.1201600">
    <ele>137.7</ele>
    <time>2025-09-30T18:46:12Z</time>
   </trkpt>
   <trkpt lat="48.1221580" lon="17.1201430">
    <ele>137.7</ele>
    <time>2025-09-30T18:46:13Z</time>
   </trkpt>
   <trkpt lat="48.1221500" lon="17.1201260">
    <ele>137.7</ele>
    <time>2025-09-30T18:46:14Z</time>
   </trkpt>
   <trkpt lat="48.1221420" lon="17.1201120">
    <ele>137.8</ele>
    <time>2025-09-30T18:46:15Z</time>
   </trkpt>
   <trkpt lat="48.1221370" lon="17.1201020">
    <ele>137.8</ele>
    <time>2025-09-30T18:46:16Z</time>
   </trkpt>
   <trkpt lat="48.1221340" lon="17.1200940">
    <ele>137.8</ele>
    <time>2025-09-30T18:46:17Z</time>
   </trkpt>
   <trkpt lat="48.1221310" lon="17.1200880">
    <ele>137.8</ele>
    <time>2025-09-30T18:46:18Z</time>
   </trkpt>
   <trkpt lat="48.1221170" lon="17.1200710">
    <ele>137.8</ele>
    <time>2025-09-30T18:46:19Z</time>
   </trkpt>
   <trkpt lat="48.1221080" lon="17.1200640">
    <ele>137.8</ele>
    <time>2025-09-30T18:46:20Z</time>
   </trkpt>
   <trkpt lat="48.1221000" lon="17.1200570">
    <ele>137.8</ele>
    <time>2025-09-30T18:46:21Z</time>
   </trkpt>
   <trkpt lat="48.1220870" lon="17.1200550">
    <ele>137.8</ele>
    <time>2025-09-30T18:46:22Z</time>
   </trkpt>
   <trkpt lat="48.1220780" lon="17.1200480">
    <ele>137.8</ele>
    <time>2025-09-30T18:46:23Z</time>
   </trkpt>
   <trkpt lat="48.1220710" lon="17.1200490">
    <ele>137.8</ele>
    <time>2025-09-30T18:46:24Z</time>
   </trkpt>
   <trkpt lat="48.1220690" lon="17.1200450">
    <ele>137.8</ele>
    <time>2025-09-30T18:46:25Z</time>
   </trkpt>
   <trkpt lat="48.1220670" lon="17.1200400">
    <ele>137.8</ele>
    <time>2025-09-30T18:46:26Z</time>
   </trkpt>
   <trkpt lat="48.1220620" lon="17.1200280">
    <ele>137.8</ele>
    <time>2025-09-30T18:46:27Z</time>
   </trkpt>
   <trkpt lat="48.1220550" lon="17.1200130">
    <ele>137.8</ele>
    <time>2025-09-30T18:46:28Z</time>
   </trkpt>
   <trkpt lat="48.1220420" lon="17.1199860">
    <ele>137.8</ele>
    <time>2025-09-30T18:46:29Z</time>
   </trkpt>
   <trkpt lat="48.1220370" lon="17.1199670">
    <ele>137.8</ele>
    <time>2025-09-30T18:46:30Z</time>
   </trkpt>
   <trkpt lat="48.1220330" lon="17.1199380">
    <ele>137.9</ele>
    <time>2025-09-30T18:46:31Z</time>
   </trkpt>
   <trkpt lat="48.1220310" lon="17.1199260">
    <ele>137.9</ele>
    <time>2025-09-30T18:46:32Z</time>
   </trkpt>
   <trkpt lat="48.1220300" lon="17.1199130">
    <ele>137.9</ele>
    <time>2025-09-30T18:46:33Z</time>
   </trkpt>
   <trkpt lat="48.1220220" lon="17.1198950">
    <ele>137.9</ele>
    <time>2025-09-30T18:46:34Z</time>
   </trkpt>
   <trkpt lat="48.1220230" lon="17.1198900">
    <ele>137.9</ele>
    <time>2025-09-30T18:46:35Z</time>
   </trkpt>
   <trkpt lat="48.1220230" lon="17.1198850">
    <ele>137.9</ele>
    <time>2025-09-30T18:46:36Z</time>
   </trkpt>
   <trkpt lat="48.1220250" lon="17.1198870">
    <ele>137.9</ele>
    <time>2025-09-30T18:46:37Z</time>
   </trkpt>
   <trkpt lat="48.1220270" lon="17.1198900">
    <ele>137.9</ele>
    <time>2025-09-30T18:46:38Z</time>
   </trkpt>
   <trkpt lat="48.1220270" lon="17.1198910">
    <ele>137.9</ele>
    <time>2025-09-30T18:46:39Z</time>
   </trkpt>
   <trkpt lat="48.1220240" lon="17.1198870">
    <ele>137.9</ele>
    <time>2025-09-30T18:46:40Z</time>
   </trkpt>
   <trkpt lat="48.1220230" lon="17.1198860">
    <ele>137.9</ele>
    <time>2025-09-30T18:46:41Z</time>
   </trkpt>
   <trkpt lat="48.1220240" lon="17.1198850">
    <ele>137.9</ele>
    <time>2025-09-30T18:46:42Z</time>
   </trkpt>
   <trkpt lat="48.1220240" lon="17.1198850">
    <ele>137.9</ele>
    <time>2025-09-30T18:46:43Z</time>
   </trkpt>
   <trkpt lat="48.1220250" lon="17.1198840">
    <ele>137.9</ele>
    <time>2025-09-30T18:46:44Z</time>
   </trkpt>
   <trkpt lat="48.1220260" lon="17.1198850">
    <ele>137.9</ele>
    <time>2025-09-30T18:46:45Z</time>
   </trkpt>
   <trkpt lat="48.1220270" lon="17.1198850">
    <ele>137.9</ele>
    <time>2025-09-30T18:46:46Z</time>
   </trkpt>
   <trkpt lat="48.1220280" lon="17.1198860">
    <ele>137.9</ele>
    <time>2025-09-30T18:46:47Z</time>
   </trkpt>
   <trkpt lat="48.1220300" lon="17.1198870">
    <ele>137.9</ele>
    <time>2025-09-30T18:46:48Z</time>
   </trkpt>
   <trkpt lat="48.1220310" lon="17.1198900">
    <ele>137.9</ele>
    <time>2025-09-30T18:46:49Z</time>
   </trkpt>
   <trkpt lat="48.1220280" lon="17.1198890">
    <ele>137.9</ele>
    <time>2025-09-30T18:46:50Z</time>
   </trkpt>
   <trkpt lat="48.1220280" lon="17.1198900">
    <ele>137.9</ele>
    <time>2025-09-30T18:46:51Z</time>
   </trkpt>
   <trkpt lat="48.1220280" lon="17.1198900">
    <ele>137.9</ele>
    <time>2025-09-30T18:46:52Z</time>
   </trkpt>
   <trkpt lat="48.1220290" lon="17.1198890">
    <ele>137.9</ele>
    <time>2025-09-30T18:46:53Z</time>
   </trkpt>
   <trkpt lat="48.1220380" lon="17.1198890">
    <ele>137.9</ele>
    <time>2025-09-30T18:46:54Z</time>
   </trkpt>
   <trkpt lat="48.1220400" lon="17.1198890">
    <ele>137.9</ele>
    <time>2025-09-30T18:46:55Z</time>
   </trkpt>
   <trkpt lat="48.1220400" lon="17.1198890">
    <ele>137.9</ele>
    <time>2025-09-30T18:46:56Z</time>
   </trkpt>
   <trkpt lat="48.1220400" lon="17.1198890">
    <ele>137.9</ele>
    <time>2025-09-30T18:46:57Z</time>
   </trkpt>
   <trkpt lat="48.1220400" lon="17.1198890">
    <ele>137.9</ele>
    <time>2025-09-30T18:46:58Z</time>
   </trkpt>
   <trkpt lat="48.1220400" lon="17.1198890">
    <ele>137.9</ele>
    <time>2025-09-30T18:46:59Z</time>
   </trkpt>
   <trkpt lat="48.1220400" lon="17.1198890">
    <ele>137.9</ele>
    <time>2025-09-30T18:47:00Z</time>
   </trkpt>
   <trkpt lat="48.1220400" lon="17.1198890">
    <ele>137.9</ele>
    <time>2025-09-30T18:47:01Z</time>
   </trkpt>
   <trkpt lat="48.1220400" lon="17.1198890">
    <ele>137.9</ele>
    <time>2025-09-30T18:47:02Z</time>
   </trkpt>
   <trkpt lat="48.1220400" lon="17.1198890">
    <ele>137.9</ele>
    <time>2025-09-30T18:47:03Z</time>
   </trkpt>
   <trkpt lat="48.1220400" lon="17.1198890">
    <ele>137.9</ele>
    <time>2025-09-30T18:47:04Z</time>
   </trkpt>
   <trkpt lat="48.1220400" lon="17.1198890">
    <ele>137.9</ele>
    <time>2025-09-30T18:47:05Z</time>
   </trkpt>
   <trkpt lat="48.1220400" lon="17.1198890">
    <ele>137.9</ele>
    <time>2025-09-30T18:47:06Z</time>
   </trkpt>
   <trkpt lat="48.1220400" lon="17.1198890">
    <ele>137.9</ele>
    <time>2025-09-30T18:47:07Z</time>
   </trkpt>
   <trkpt lat="48.1220400" lon="17.1198890">
    <ele>137.9</ele>
    <time>2025-09-30T18:47:08Z</time>
   </trkpt>
   <trkpt lat="48.1220400" lon="17.1198890">
    <ele>137.9</ele>
    <time>2025-09-30T18:47:09Z</time>
   </trkpt>
   <trkpt lat="48.1220400" lon="17.1198890">
    <ele>137.9</ele>
    <time>2025-09-30T18:47:10Z</time>
   </trkpt>
   <trkpt lat="48.1220400" lon="17.1198890">
    <ele>137.9</ele>
    <time>2025-09-30T18:47:11Z</time>
   </trkpt>
   <trkpt lat="48.1220400" lon="17.1198890">
    <ele>137.9</ele>
    <time>2025-09-30T18:47:12Z</time>
   </trkpt>
   <trkpt lat="48.1220400" lon="17.1198890">
    <ele>137.9</ele>
    <time>2025-09-30T18:47:13Z</time>
   </trkpt>
   <trkpt lat="48.1220400" lon="17.1198890">
    <ele>137.9</ele>
    <time>2025-09-30T18:47:14Z</time>
   </trkpt>
   <trkpt lat="48.1220400" lon="17.1198890">
    <ele>137.9</ele>
    <time>2025-09-30T18:47:15Z</time>
   </trkpt>
   <trkpt lat="48.1220400" lon="17.1198890">
    <ele>137.9</ele>
    <time>2025-09-30T18:47:16Z</time>
   </trkpt>
   <trkpt lat="48.1220400" lon="17.1198890">
    <ele>137.9</ele>
    <time>2025-09-30T18:47:17Z</time>
   </trkpt>
   <trkpt lat="48.1220400" lon="17.1198890">
    <ele>137.9</ele>
    <time>2025-09-30T18:47:18Z</time>
   </trkpt>
   <trkpt lat="48.1220400" lon="17.1198890">
    <ele>137.9</ele>
    <time>2025-09-30T18:47:19Z</time>
   </trkpt>
   <trkpt lat="48.1220400" lon="17.1198890">
    <ele>137.9</ele>
    <time>2025-09-30T18:47:20Z</time>
   </trkpt>
   <trkpt lat="48.1220350" lon="17.1198750">
    <ele>137.9</ele>
    <time>2025-09-30T18:47:21Z</time>
   </trkpt>
   <trkpt lat="48.1220320" lon="17.1198610">
    <ele>137.9</ele>
    <time>2025-09-30T18:47:22Z</time>
   </trkpt>
   <trkpt lat="48.1220260" lon="17.1198440">
    <ele>137.9</ele>
    <time>2025-09-30T18:47:23Z</time>
   </trkpt>
   <trkpt lat="48.1220250" lon="17.1198390">
    <ele>137.9</ele>
    <time>2025-09-30T18:47:24Z</time>
   </trkpt>
   <trkpt lat="48.1220220" lon="17.1198200">
    <ele>137.9</ele>
    <time>2025-09-30T18:47:25Z</time>
   </trkpt>
   <trkpt lat="48.1220070" lon="17.1197820">
    <ele>138.0</ele>
    <time>2025-09-30T18:47:26Z</time>
   </trkpt>
   <trkpt lat="48.1220000" lon="17.1197710">
    <ele>138.0</ele>
    <time>2025-09-30T18:47:27Z</time>
   </trkpt>
   <trkpt lat="48.1219860" lon="17.1197560">
    <ele>138.0</ele>
    <time>2025-09-30T18:47:28Z</time>
   </trkpt>
   <trkpt lat="48.1219750" lon="17.1197400">
    <ele>138.0</ele>
    <time>2025-09-30T18:47:29Z</time>
   </trkpt>
   <trkpt lat="48.1219670" lon="17.1197250">
    <ele>138.0</ele>
    <time>2025-09-30T18:47:30Z</time>
   </trkpt>
   <trkpt lat="48.1219630" lon="17.1197190">
    <ele>138.0</ele>
    <time>2025-09-30T18:47:31Z</time>
   </trkpt>
   <trkpt lat="48.1219580" lon="17.1197150">
    <ele>138.0</ele>
    <time>2025-09-30T18:47:32Z</time>
   </trkpt>
   <trkpt lat="48.1219550" lon="17.1197170">
    <ele>138.0</ele>
    <time>2025-09-30T18:47:33Z</time>
   </trkpt>
   <trkpt lat="48.1219480" lon="17.1197210">
    <ele>138.0</ele>
    <time>2025-09-30T18:47:34Z</time>
   </trkpt>
   <trkpt lat="48.1219400" lon="17.1197100">
    <ele>138.1</ele>
    <time>2025-09-30T18:47:35Z</time>
   </trkpt>
   <trkpt lat="48.1219340" lon="17.1197030">
    <ele>138.1</ele>
    <time>2025-09-30T18:47:36Z</time>
   </trkpt>
   <trkpt lat="48.1219320" lon="17.1197020">
    <ele>138.1</ele>
    <time>2025-09-30T18:47:37Z</time>
   </trkpt>
   <trkpt lat="48.1219310" lon="17.1197010">
    <ele>138.1</ele>
    <time>2025-09-30T18:47:38Z</time>
   </trkpt>
   <trkpt lat="48.1219300" lon="17.1197010">
    <ele>138.1</ele>
    <time>2025-09-30T18:47:39Z</time>
   </trkpt>
   <trkpt lat="48.1219290" lon="17.1197000">
    <ele>138.1</ele>
    <time>2025-09-30T18:47:40Z</time>
   </trkpt>
   <trkpt lat="48.1219280" lon="17.1197000">
    <ele>138.1</ele>
    <time>2025-09-30T18:47:41Z</time>
   </trkpt>
   <trkpt lat="48.1219270" lon="17.1197000">
    <ele>138.1</ele>
    <time>2025-09-30T18:47:42Z</time>
   </trkpt>
   <trkpt lat="48.1219260" lon="17.1197000">
    <ele>138.1</ele>
    <time>2025-09-30T18:47:43Z</time>
   </trkpt>
   <trkpt lat="48.1219240" lon="17.1196960">
    <ele>138.1</ele>
    <time>2025-09-30T18:47:44Z</time>
   </trkpt>
   <trkpt lat="48.1219230" lon="17.1196910">
    <ele>138.1</ele>
    <time>2025-09-30T18:47:45Z</time>
   </trkpt>
   <trkpt lat="48.1219130" lon="17.1196830">
    <ele>138.1</ele>
    <time>2025-09-30T18:47:46Z</time>
   </trkpt>
   <trkpt lat="48.1219060" lon="17.1196780">
    <ele>138.1</ele>
    <time>2025-09-30T18:47:48Z</time>
   </trkpt>
   <trkpt lat="48.1219010" lon="17.1196740">
    <ele>138.1</ele>
    <time>2025-09-30T18:47:49Z</time>
   </trkpt>
   <trkpt lat="48.1218970" lon="17.1196670">
    <ele>138.1</ele>
    <time>2025-09-30T18:47:50Z</time>
   </trkpt>
   <trkpt lat="48.1218980" lon="17.1196590">
    <ele>138.1</ele>
    <time>2025-09-30T18:47:51Z</time>
   </trkpt>
   <trkpt lat="48.1218980" lon="17.1196570">
    <ele>138.1</ele>
    <time>2025-09-30T18:47:52Z</time>
   </trkpt>
   <trkpt lat="48.1218980" lon="17.1196550">
    <ele>138.1</ele>
    <time>2025-09-30T18:47:53Z</time>
   </trkpt>
   <trkpt lat="48.1218990" lon="17.1196550">
    <ele>138.1</ele>
    <time>2025-09-30T18:47:54Z</time>
   </trkpt>
   <trkpt lat="48.1219000" lon="17.1196530">
    <ele>138.1</ele>
    <time>2025-09-30T18:47:55Z</time>
   </trkpt>
   <trkpt lat="48.1219010" lon="17.1196520">
    <ele>138.1</ele>
    <time>2025-09-30T18:47:56Z</time>
   </trkpt>
   <trkpt lat="48.1219020" lon="17.1196510">
    <ele>138.1</ele>
    <time>2025-09-30T18:47:57Z</time>
   </trkpt>
   <trkpt lat="48.1219020" lon="17.1196500">
    <ele>138.1</ele>
    <time>2025-09-30T18:47:58Z</time>
   </trkpt>
   <trkpt lat="48.1219030" lon="17.1196490">
    <ele>138.1</ele>
    <time>2025-09-30T18:47:59Z</time>
   </trkpt>
   <trkpt lat="48.1219020" lon="17.1196480">
    <ele>138.1</ele>
    <time>2025-09-30T18:48:00Z</time>
   </trkpt>
   <trkpt lat="48.1219020" lon="17.1196490">
    <ele>138.1</ele>
    <time>2025-09-30T18:48:01Z</time>
   </trkpt>
   <trkpt lat="48.1219010" lon="17.1196490">
    <ele>138.1</ele>
    <time>2025-09-30T18:48:02Z</time>
   </trkpt>
   <trkpt lat="48.1219010" lon="17.1196490">
    <ele>138.1</ele>
    <time>2025-09-30T18:48:03Z</time>
   </trkpt>
   <trkpt lat="48.1219020" lon="17.1196490">
    <ele>138.1</ele>
    <time>2025-09-30T18:48:04Z</time>
   </trkpt>
   <trkpt lat="48.1219020" lon="17.1196490">
    <ele>138.1</ele>
    <time>2025-09-30T18:48:05Z</time>
   </trkpt>
   <trkpt lat="48.1219020" lon="17.1196480">
    <ele>138.1</ele>
    <time>2025-09-30T18:48:06Z</time>
   </trkpt>
   <trkpt lat="48.1219020" lon="17.1196480">
    <ele>138.1</ele>
    <time>2025-09-30T18:48:07Z</time>
   </trkpt>
   <trkpt lat="48.1219020" lon="17.1196480">
    <ele>138.1</ele>
    <time>2025-09-30T18:48:08Z</time>
   </trkpt>
   <trkpt lat="48.1219020" lon="17.1196490">
    <ele>138.1</ele>
    <time>2025-09-30T18:48:09Z</time>
   </trkpt>
   <trkpt lat="48.1219010" lon="17.1196480">
    <ele>138.1</ele>
    <time>2025-09-30T18:48:10Z</time>
   </trkpt>
   <trkpt lat="48.1219020" lon="17.1196470">
    <ele>138.1</ele>
    <time>2025-09-30T18:48:11Z</time>
   </trkpt>
   <trkpt lat="48.1219020" lon="17.1196470">
    <ele>138.1</ele>
    <time>2025-09-30T18:48:12Z</time>
   </trkpt>
   <trkpt lat="48.1219020" lon="17.1196470">
    <ele>138.1</ele>
    <time>2025-09-30T18:48:13Z</time>
   </trkpt>
   <trkpt lat="48.1219020" lon="17.1196470">
    <ele>138.1</ele>
    <time>2025-09-30T18:48:14Z</time>
   </trkpt>
   <trkpt lat="48.1219020" lon="17.1196470">
    <ele>138.1</ele>
    <time>2025-09-30T18:48:15Z</time>
   </trkpt>
   <trkpt lat="48.1219020" lon="17.1196470">
    <ele>138.1</ele>
    <time>2025-09-30T18:48:16Z</time>
   </trkpt>
   <trkpt lat="48.1218910" lon="17.1196270">
    <ele>138.1</ele>
    <time>2025-09-30T18:48:17Z</time>
   </trkpt>
   <trkpt lat="48.1218860" lon="17.1196280">
    <ele>138.2</ele>
    <time>2025-09-30T18:48:18Z</time>
   </trkpt>
   <trkpt lat="48.1218850" lon="17.1196290">
    <ele>138.2</ele>
    <time>2025-09-30T18:48:19Z</time>
   </trkpt>
   <trkpt lat="48.1218850" lon="17.1196290">
    <ele>138.2</ele>
    <time>2025-09-30T18:48:20Z</time>
   </trkpt>
   <trkpt lat="48.1218850" lon="17.1196290">
    <ele>138.2</ele>
    <time>2025-09-30T18:48:21Z</time>
   </trkpt>
   <trkpt lat="48.1218850" lon="17.1196290">
    <ele>138.2</ele>
    <time>2025-09-30T18:48:22Z</time>
   </trkpt>
   <trkpt lat="48.1218850" lon="17.1196290">
    <ele>138.2</ele>
    <time>2025-09-30T18:48:23Z</time>
   </trkpt>
   <trkpt lat="48.1218850" lon="17.1196290">
    <ele>138.2</ele>
    <time>2025-09-30T18:48:24Z</time>
   </trkpt>
   <trkpt lat="48.1218850" lon="17.1196290">
    <ele>138.2</ele>
    <time>2025-09-30T18:48:25Z</time>
   </trkpt>
   <trkpt lat="48.1218850" lon="17.1196290">
    <ele>138.2</ele>
    <time>2025-09-30T18:48:26Z</time>
   </trkpt>
   <trkpt lat="48.1218850" lon="17.1196290">
    <ele>138.2</ele>
    <time>2025-09-30T18:48:27Z</time>
   </trkpt>
   <trkpt lat="48.1218850" lon="17.1196290">
    <ele>138.2</ele>
    <time>2025-09-30T18:48:28Z</time>
   </trkpt>
   <trkpt lat="48.1218850" lon="17.1196290">
    <ele>138.2</ele>
    <time>2025-09-30T18:48:29Z</time>
   </trkpt>
   <trkpt lat="48.1218850" lon="17.1196290">
    <ele>138.2</ele>
    <time>2025-09-30T18:48:30Z</time>
   </trkpt>
   <trkpt lat="48.1218850" lon="17.1196290">
    <ele>138.2</ele>
    <time>2025-09-30T18:48:31Z</time>
   </trkpt>
   <trkpt lat="48.1218850" lon="17.1196290">
    <ele>138.2</ele>
    <time>2025-09-30T18:48:32Z</time>
   </trkpt>
   <trkpt lat="48.1218850" lon="17.1196290">
    <ele>138.2</ele>
    <time>2025-09-30T18:48:33Z</time>
   </trkpt>
   <trkpt lat="48.1218850" lon="17.1196290">
    <ele>138.2</ele>
    <time>2025-09-30T18:48:34Z</time>
   </trkpt>
   <trkpt lat="48.1218850" lon="17.1196290">
    <ele>138.2</ele>
    <time>2025-09-30T18:48:35Z</time>
   </trkpt>
   <trkpt lat="48.1218850" lon="17.1196290">
    <ele>138.2</ele>
    <time>2025-09-30T18:48:36Z</time>
   </trkpt>
   <trkpt lat="48.1218850" lon="17.1196290">
    <ele>138.2</ele>
    <time>2025-09-30T18:48:37Z</time>
   </trkpt>
   <trkpt lat="48.1218850" lon="17.1196290">
    <ele>138.2</ele>
    <time>2025-09-30T18:48:38Z</time>
   </trkpt>
   <trkpt lat="48.1218850" lon="17.1196290">
    <ele>138.2</ele>
    <time>2025-09-30T18:48:39Z</time>
   </trkpt>
   <trkpt lat="48.1218850" lon="17.1196290">
    <ele>138.2</ele>
    <time>2025-09-30T18:48:40Z</time>
   </trkpt>
   <trkpt lat="48.1218850" lon="17.1196290">
    <ele>138.2</ele>
    <time>2025-09-30T18:48:41Z</time>
   </trkpt>
   <trkpt lat="48.1218850" lon="17.1196290">
    <ele>138.2</ele>
    <time>2025-09-30T18:48:42Z</time>
   </trkpt>
   <trkpt lat="48.1218850" lon="17.1196290">
    <ele>138.2</ele>
    <time>2025-09-30T18:48:43Z</time>
   </trkpt>
   <trkpt lat="48.1218850" lon="17.1196290">
    <ele>138.2</ele>
    <time>2025-09-30T18:48:44Z</time>
   </trkpt>
   <trkpt lat="48.1218850" lon="17.1196290">
    <ele>138.2</ele>
    <time>2025-09-30T18:48:45Z</time>
   </trkpt>
   <trkpt lat="48.1218850" lon="17.1196290">
    <ele>138.2</ele>
    <time>2025-09-30T18:48:46Z</time>
   </trkpt>
   <trkpt lat="48.1218850" lon="17.1196290">
    <ele>138.2</ele>
    <time>2025-09-30T18:48:47Z</time>
   </trkpt>
   <trkpt lat="48.1218850" lon="17.1196290">
    <ele>138.2</ele>
    <time>2025-09-30T18:48:48Z</time>
   </trkpt>
   <trkpt lat="48.1218850" lon="17.1196290">
    <ele>138.2</ele>
    <time>2025-09-30T18:48:49Z</time>
   </trkpt>
   <trkpt lat="48.1218850" lon="17.1196290">
    <ele>138.2</ele>
    <time>2025-09-30T18:48:50Z</time>
   </trkpt>
   <trkpt lat="48.1218850" lon="17.1196290">
    <ele>138.2</ele>
    <time>2025-09-30T18:48:51Z</time>
   </trkpt>
   <trkpt lat="48.1218850" lon="17.1196290">
    <ele>138.2</ele>
    <time>2025-09-30T18:48:52Z</time>
   </trkpt>
   <trkpt lat="48.1218850" lon="17.1196290">
    <ele>138.2</ele>
    <time>2025-09-30T18:48:53Z</time>
   </trkpt>
   <trkpt lat="48.1218850" lon="17.1196290">
    <ele>138.2</ele>
    <time>2025-09-30T18:48:54Z</time>
   </trkpt>
   <trkpt lat="48.1218850" lon="17.1196290">
    <ele>138.2</ele>
    <time>2025-09-30T18:48:55Z</time>
   </trkpt>
   <trkpt lat="48.1218850" lon="17.1196290">
    <ele>138.2</ele>
    <time>2025-09-30T18:48:56Z</time>
   </trkpt>
   <trkpt lat="48.1218850" lon="17.1196290">
    <ele>138.2</ele>
    <time>2025-09-30T18:48:57Z</time>
   </trkpt>
   <trkpt lat="48.1218850" lon="17.1196290">
    <ele>138.2</ele>
    <time>2025-09-30T18:48:58Z</time>
   </trkpt>
   <trkpt lat="48.1218850" lon="17.1196290">
    <ele>138.2</ele>
    <time>2025-09-30T18:48:59Z</time>
   </trkpt>
   <trkpt lat="48.1218850" lon="17.1196290">
    <ele>138.2</ele>
    <time>2025-09-30T18:49:00Z</time>
   </trkpt>
   <trkpt lat="48.1218850" lon="17.1196290">
    <ele>138.2</ele>
    <time>2025-09-30T18:49:01Z</time>
   </trkpt>
   <trkpt lat="48.1218850" lon="17.1196290">
    <ele>138.2</ele>
    <time>2025-09-30T18:49:02Z</time>
   </trkpt>
   <trkpt lat="48.1218850" lon="17.1196290">
    <ele>138.2</ele>
    <time>2025-09-30T18:49:03Z</time>
   </trkpt>
   <trkpt lat="48.1218850" lon="17.1196290">
    <ele>138.2</ele>
    <time>2025-09-30T18:49:04Z</time>
   </trkpt>
   <trkpt lat="48.1218850" lon="17.1196290">
    <ele>138.2</ele>
    <time>2025-09-30T18:49:05Z</time>
   </trkpt>
   <trkpt lat="48.1218850" lon="17.1196290">
    <ele>138.2</ele>
    <time>2025-09-30T18:49:06Z</time>
   </trkpt>
   <trkpt lat="48.1218870" lon="17.1196290">
    <ele>138.2</ele>
    <time>2025-09-30T18:49:07Z</time>
   </trkpt>
   <trkpt lat="48.1218830" lon="17.1196160">
    <ele>138.2</ele>
    <time>2025-09-30T18:49:08Z</time>
   </trkpt>
   <trkpt lat="48.1218780" lon="17.1196020">
    <ele>138.2</ele>
    <time>2025-09-30T18:49:09Z</time>
   </trkpt>
   <trkpt lat="48.1218750" lon="17.1195880">
    <ele>138.2</ele>
    <time>2025-09-30T18:49:10Z</time>
   </trkpt>
   <trkpt lat="48.1218710" lon="17.1195770">
    <ele>138.2</ele>
    <time>2025-09-30T18:49:11Z</time>
   </trkpt>
   <trkpt lat="48.1218700" lon="17.1195750">
    <ele>138.2</ele>
    <time>2025-09-30T18:49:12Z</time>
   </trkpt>
   <trkpt lat="48.1218700" lon="17.1195750">
    <ele>138.2</ele>
    <time>2025-09-30T18:49:13Z</time>
   </trkpt>
   <trkpt lat="48.1218550" lon="17.1195470">
    <ele>138.2</ele>
    <time>2025-09-30T18:49:14Z</time>
   </trkpt>
   <trkpt lat="48.1218520" lon="17.1195430">
    <ele>138.2</ele>
    <time>2025-09-30T18:49:15Z</time>
   </trkpt>
   <trkpt lat="48.1218480" lon="17.1195190">
    <ele>138.2</ele>
    <time>2025-09-30T18:49:16Z</time>
   </trkpt>
   <trkpt lat="48.1218450" lon="17.1195130">
    <ele>138.2</ele>
    <time>2025-09-30T18:49:17Z</time>
   </trkpt>
   <trkpt lat="48.1218400" lon="17.1195020">
    <ele>138.3</ele>
    <time>2025-09-30T18:49:18Z</time>
   </trkpt>
   <trkpt lat="48.1218330" lon="17.1194880">
    <ele>138.3</ele>
    <time>2025-09-30T18:49:19Z</time>
   </trkpt>
   <trkpt lat="48.1218270" lon="17.1194750">
    <ele>138.3</ele>
    <time>2025-09-30T18:49:20Z</time>
   </trkpt>
   <trkpt lat="48.1218210" lon="17.1194610">
    <ele>138.3</ele>
    <time>2025-09-30T18:49:21Z</time>
   </trkpt>
   <trkpt lat="48.1218160" lon="17.1194490">
    <ele>138.3</ele>
    <time>2025-09-30T18:49:22Z</time>
   </trkpt>
   <trkpt lat="48.1218110" lon="17.1194340">
    <ele>138.3</ele>
    <time>2025-09-30T18:49:23Z</time>
   </trkpt>
   <trkpt lat="48.1218050" lon="17.1194180">
    <ele>138.3</ele>
    <time>2025-09-30T18:49:24Z</time>
   </trkpt>
   <trkpt lat="48.1218010" lon="17.1194000">
    <ele>138.3</ele>
    <time>2025-09-30T18:49:25Z</time>
   </trkpt>
   <trkpt lat="48.1217970" lon="17.1193850">
    <ele>138.3</ele>
    <time>2025-09-30T18:49:26Z</time>
   </trkpt>
   <trkpt lat="48.1217940" lon="17.1193700">
    <ele>138.3</ele>
    <time>2025-09-30T18:49:27Z</time>
   </trkpt>
   <trkpt lat="48.1217920" lon="17.1193650">
    <ele>138.3</ele>
    <time>2025-09-30T18:49:28Z</time>
   </trkpt>
   <trkpt lat="48.1217920" lon="17.1193590">
    <ele>138.3</ele>
    <time>2025-09-30T18:49:29Z</time>
   </trkpt>
   <trkpt lat="48.1217910" lon="17.1193560">
    <ele>138.3</ele>
    <time>2025-09-30T18:49:30Z</time>
   </trkpt>
   <trkpt lat="48.1217920" lon="17.1193480">
    <ele>138.3</ele>
    <time>2025-09-30T18:49:31Z</time>
   </trkpt>
   <trkpt lat="48.1217900" lon="17.1193280">
    <ele>138.3</ele>
    <time>2025-09-30T18:49:32Z</time>
   </trkpt>
   <trkpt lat="48.1217850" lon="17.1193070">
    <ele>138.3</ele>
    <time>2025-09-30T18:49:33Z</time>
   </trkpt>
   <trkpt lat="48.1217840" lon="17.1192910">
    <ele>138.3</ele>
    <time>2025-09-30T18:49:34Z</time>
   </trkpt>
   <trkpt lat="48.1217850" lon="17.1192750">
    <ele>138.3</ele>
    <time>2025-09-30T18:49:35Z</time>
   </trkpt>
   <trkpt lat="48.1217790" lon="17.1192660">
    <ele>138.3</ele>
    <time>2025-09-30T18:49:36Z</time>
   </trkpt>
   <trkpt lat="48.1217760" lon="17.1192710">
    <ele>138.3</ele>
    <time>2025-09-30T18:49:37Z</time>
   </trkpt>
   <trkpt lat="48.1217790" lon="17.1192800">
    <ele>138.3</ele>
    <time>2025-09-30T18:49:38Z</time>
   </trkpt>
   <trkpt lat="48.1217800" lon="17.1192770">
    <ele>138.3</ele>
    <time>2025-09-30T18:49:39Z</time>
   </trkpt>
   <trkpt lat="48.1217800" lon="17.1192740">
    <ele>138.3</ele>
    <time>2025-09-30T18:49:40Z</time>
   </trkpt>
   <trkpt lat="48.1217800" lon="17.1192740">
    <ele>138.3</ele>
    <time>2025-09-30T18:49:41Z</time>
   </trkpt>
   <trkpt lat="48.1217800" lon="17.1192730">
    <ele>138.3</ele>
    <time>2025-09-30T18:49:42Z</time>
   </trkpt>
   <trkpt lat="48.1217790" lon="17.1192740">
    <ele>138.3</ele>
    <time>2025-09-30T18:49:43Z</time>
   </trkpt>
   <trkpt lat="48.1217780" lon="17.1192750">
    <ele>138.3</ele>
    <time>2025-09-30T18:49:44Z</time>
   </trkpt>
   <trkpt lat="48.1217770" lon="17.1192790">
    <ele>138.3</ele>
    <time>2025-09-30T18:49:45Z</time>
   </trkpt>
   <trkpt lat="48.1217730" lon="17.1192850">
    <ele>138.3</ele>
    <time>2025-09-30T18:49:46Z</time>
   </trkpt>
   <trkpt lat="48.1217670" lon="17.1192840">
    <ele>138.3</ele>
    <time>2025-09-30T18:49:47Z</time>
   </trkpt>
   <trkpt lat="48.1217520" lon="17.1192670">
    <ele>138.3</ele>
    <time>2025-09-30T18:49:48Z</time>
   </trkpt>
   <trkpt lat="48.1217250" lon="17.1192530">
    <ele>138.3</ele>
    <time>2025-09-30T18:49:49Z</time>
   </trkpt>
   <trkpt lat="48.1217090" lon="17.1192550">
    <ele>138.3</ele>
    <time>2025-09-30T18:49:50Z</time>
   </trkpt>
   <trkpt lat="48.1216970" lon="17.1192640">
    <ele>138.3</ele>
    <time>2025-09-30T18:49:51Z</time>
   </trkpt>
   <trkpt lat="48.1216890" lon="17.1192740">
    <ele>138.3</ele>
    <time>2025-09-30T18:49:52Z</time>
   </trkpt>
   <trkpt lat="48.1216820" lon="17.1192810">
    <ele>138.3</ele>
    <time>2025-09-30T18:49:53Z</time>
   </trkpt>
   <trkpt lat="48.1216770" lon="17.1192870">
    <ele>138.3</ele>
    <time>2025-09-30T18:49:54Z</time>
   </trkpt>
   <trkpt lat="48.1216700" lon="17.1192910">
    <ele>138.3</ele>
    <time>2025-09-30T18:49:55Z</time>
   </trkpt>
   <trkpt lat="48.1216670" lon="17.1192920">
    <ele>138.3</ele>
    <time>2025-09-30T18:49:56Z</time>
   </trkpt>
   <trkpt lat="48.1216660" lon="17.1192920">
    <ele>138.3</ele>
    <time>2025-09-30T18:49:57Z</time>
   </trkpt>
   <trkpt lat="48.1216710" lon="17.1192900">
    <ele>138.3</ele>
    <time>2025-09-30T18:49:58Z</time>
   </trkpt>
   <trkpt lat="48.1216720" lon="17.1192910">
    <ele>138.3</ele>
    <time>2025-09-30T18:49:59Z</time>
   </trkpt>
   <trkpt lat="48.1216720" lon="17.1192900">
    <ele>138.3</ele>
    <time>2025-09-30T18:50:00Z</time>
   </trkpt>
   <trkpt lat="48.1216720" lon="17.1192900">
    <ele>138.3</ele>
    <time>2025-09-30T18:50:01Z</time>
   </trkpt>
   <trkpt lat="48.1216720" lon="17.1192890">
    <ele>138.3</ele>
    <time>2025-09-30T18:50:02Z</time>
   </trkpt>
   <trkpt lat="48.1216720" lon="17.1192880">
    <ele>138.3</ele>
    <time>2025-09-30T18:50:03Z</time>
   </trkpt>
   <trkpt lat="48.1216720" lon="17.1192890">
    <ele>138.3</ele>
    <time>2025-09-30T18:50:04Z</time>
   </trkpt>
   <trkpt lat="48.1216710" lon="17.1192900">
    <ele>138.3</ele>
    <time>2025-09-30T18:50:05Z</time>
   </trkpt>
   <trkpt lat="48.1216700" lon="17.1192900">
    <ele>138.3</ele>
    <time>2025-09-30T18:50:06Z</time>
   </trkpt>
   <trkpt lat="48.1216690" lon="17.1192910">
    <ele>138.3</ele>
    <time>2025-09-30T18:50:07Z</time>
   </trkpt>
   <trkpt lat="48.1216690" lon="17.1192910">
    <ele>138.3</ele>
    <time>2025-09-30T18:50:08Z</time>
   </trkpt>
   <trkpt lat="48.1216700" lon="17.1192900">
    <ele>138.3</ele>
    <time>2025-09-30T18:50:09Z</time>
   </trkpt>
   <trkpt lat="48.1216700" lon="17.1192890">
    <ele>138.3</ele>
    <time>2025-09-30T18:50:10Z</time>
   </trkpt>
   <trkpt lat="48.1216700" lon="17.1192890">
    <ele>138.3</ele>
    <time>2025-09-30T18:50:11Z</time>
   </trkpt>
   <trkpt lat="48.1216700" lon="17.1192890">
    <ele>138.3</ele>
    <time>2025-09-30T18:50:12Z</time>
   </trkpt>
   <trkpt lat="48.1216710" lon="17.1192880">
    <ele>138.3</ele>
    <time>2025-09-30T18:50:13Z</time>
   </trkpt>
   <trkpt lat="48.1216710" lon="17.1192870">
    <ele>138.3</ele>
    <time>2025-09-30T18:50:14Z</time>
   </trkpt>
   <trkpt lat="48.1216730" lon="17.1192880">
    <ele>138.3</ele>
    <time>2025-09-30T18:50:15Z</time>
   </trkpt>
   <trkpt lat="48.1216730" lon="17.1192880">
    <ele>138.3</ele>
    <time>2025-09-30T18:50:16Z</time>
   </trkpt>
   <trkpt lat="48.1216730" lon="17.1192880">
    <ele>138.3</ele>
    <time>2025-09-30T18:50:17Z</time>
   </trkpt>
   <trkpt lat="48.1216860" lon="17.1192890">
    <ele>138.3</ele>
    <time>2025-09-30T18:50:18Z</time>
   </trkpt>
   <trkpt lat="48.1216740" lon="17.1192850">
    <ele>138.3</ele>
    <time>2025-09-30T18:50:19Z</time>
   </trkpt>
   <trkpt lat="48.1216750" lon="17.1192860">
    <ele>138.3</ele>
    <time>2025-09-30T18:50:20Z</time>
   </trkpt>
   <trkpt lat="48.1216770" lon="17.1192870">
    <ele>138.3</ele>
    <time>2025-09-30T18:50:21Z</time>
   </trkpt>
   <trkpt lat="48.1216810" lon="17.1192870">
    <ele>138.3</ele>
    <time>2025-09-30T18:50:22Z</time>
   </trkpt>
   <trkpt lat="48.1216890" lon="17.1192800">
    <ele>138.3</ele>
    <time>2025-09-30T18:50:23Z</time>
   </trkpt>
   <trkpt lat="48.1216980" lon="17.1192750">
    <ele>138.3</ele>
    <time>2025-09-30T18:50:24Z</time>
   </trkpt>
   <trkpt lat="48.1217060" lon="17.1192580">
    <ele>138.3</ele>
    <time>2025-09-30T18:50:25Z</time>
   </trkpt>
   <trkpt lat="48.1217050" lon="17.1192400">
    <ele>138.3</ele>
    <time>2025-09-30T18:50:26Z</time>
   </trkpt>
   <trkpt lat="48.1216960" lon="17.1192230">
    <ele>138.3</ele>
    <time>2025-09-30T18:50:27Z</time>
   </trkpt>
   <trkpt lat="48.1216880" lon="17.1192140">
    <ele>138.3</ele>
    <time>2025-09-30T18:50:28Z</time>
   </trkpt>
   <trkpt lat="48.1216930" lon="17.1192120">
    <ele>138.3</ele>
    <time>2025-09-30T18:50:29Z</time>
   </trkpt>
   <trkpt lat="48.1216990" lon="17.1192070">
    <ele>138.3</ele>
    <time>2025-09-30T18:50:30Z</time>
   </trkpt>
   <trkpt lat="48.1217030" lon="17.1192030">
    <ele>138.3</ele>
    <time>2025-09-30T18:50:31Z</time>
   </trkpt>
   <trkpt lat="48.1217070" lon="17.1191970">
    <ele>138.3</ele>
    <time>2025-09-30T18:50:32Z</time>
   </trkpt>
   <trkpt lat="48.1217110" lon="17.1191850">
    <ele>138.3</ele>
    <time>2025-09-30T18:50:33Z</time>
   </trkpt>
   <trkpt lat="48.1217100" lon="17.1191760">
    <ele>138.3</ele>
    <time>2025-09-30T18:50:34Z</time>
   </trkpt>
   <trkpt lat="48.1217090" lon="17.1191730">
    <ele>138.3</ele>
    <time>2025-09-30T18:50:35Z</time>
   </trkpt>
   <trkpt lat="48.1217090" lon="17.1191730">
    <ele>138.3</ele>
    <time>2025-09-30T18:50:36Z</time>
   </trkpt>
   <trkpt lat="48.1217100" lon="17.1191720">
    <ele>138.3</ele>
    <time>2025-09-30T18:50:37Z</time>
   </trkpt>
   <trkpt lat="48.1217110" lon="17.1191710">
    <ele>138.3</ele>
    <time>2025-09-30T18:50:38Z</time>
   </trkpt>
   <trkpt lat="48.1217130" lon="17.1191700">
    <ele>138.3</ele>
    <time>2025-09-30T18:50:39Z</time>
   </trkpt>
   <trkpt lat="48.1217140" lon="17.1191680">
    <ele>138.3</ele>
    <time>2025-09-30T18:50:40Z</time>
   </trkpt>
   <trkpt lat="48.1217130" lon="17.1191680">
    <ele>138.3</ele>
    <time>2025-09-30T18:50:41Z</time>
   </trkpt>
   <trkpt lat="48.1217170" lon="17.1191610">
    <ele>138.3</ele>
    <time>2025-09-30T18:50:42Z</time>
   </trkpt>
   <trkpt lat="48.1217170" lon="17.1191520">
    <ele>138.2</ele>
    <time>2025-09-30T18:50:43Z</time>
   </trkpt>
   <trkpt lat="48.1217100" lon="17.1191340">
    <ele>138.2</ele>
    <time>2025-09-30T18:50:44Z</time>
   </trkpt>
   <trkpt lat="48.1217040" lon="17.1191180">
    <ele>138.2</ele>
    <time>2025-09-30T18:50:45Z</time>
   </trkpt>
   <trkpt lat="48.1217000" lon="17.1191010">
    <ele>138.2</ele>
    <time>2025-09-30T18:50:46Z</time>
   </trkpt>
   <trkpt lat="48.1216960" lon="17.1190880">
    <ele>138.2</ele>
    <time>2025-09-30T18:50:47Z</time>
   </trkpt>
   <trkpt lat="48.1216960" lon="17.1190750">
    <ele>138.2</ele>
    <time>2025-09-30T18:50:48Z</time>
   </trkpt>
   <trkpt lat="48.1216950" lon="17.1190630">
    <ele>138.2</ele>
    <time>2025-09-30T18:50:49Z</time>
   </trkpt>
   <trkpt lat="48.1216970" lon="17.1190490">
    <ele>138.2</ele>
    <time>2025-09-30T18:50:50Z</time>
   </trkpt>
   <trkpt lat="48.1217010" lon="17.1190360">
    <ele>138.2</ele>
    <time>2025-09-30T18:50:51Z</time>
   </trkpt>
   <trkpt lat="48.1216980" lon="17.1190280">
    <ele>138.2</ele>
    <time>2025-09-30T18:50:52Z</time>
   </trkpt>
   <trkpt lat="48.1216930" lon="17.1190190">
    <ele>138.2</ele>
    <time>2025-09-30T18:50:53Z</time>
   </trkpt>
   <trkpt lat="48.1216890" lon="17.1190120">
    <ele>138.2</ele>
    <time>2025-09-30T18:50:54Z</time>
   </trkpt>
   <trkpt lat="48.1216790" lon="17.1190000">
    <ele>138.2</ele>
    <time>2025-09-30T18:50:55Z</time>
   </trkpt>
   <trkpt lat="48.1216800" lon="17.1189930">
    <ele>138.2</ele>
    <time>2025-09-30T18:50:56Z</time>
   </trkpt>
   <trkpt lat="48.1216840" lon="17.1189870">
    <ele>138.2</ele>
    <time>2025-09-30T18:50:57Z</time>
   </trkpt>
   <trkpt lat="48.1216890" lon="17.1189830">
    <ele>138.2</ele>
    <time>2025-09-30T18:50:58Z</time>
   </trkpt>
   <trkpt lat="48.1216920" lon="17.1189840">
    <ele>138.2</ele>
    <time>2025-09-30T18:50:59Z</time>
   </trkpt>
   <trkpt lat="48.1216930" lon="17.1189770">
    <ele>138.2</ele>
    <time>2025-09-30T18:51:00Z</time>
   </trkpt>
   <trkpt lat="48.1216890" lon="17.1189700">
    <ele>138.2</ele>
    <time>2025-09-30T18:51:01Z</time>
   </trkpt>
   <trkpt lat="48.1216860" lon="17.1189660">
    <ele>138.2</ele>
    <time>2025-09-30T18:51:02Z</time>
   </trkpt>
   <trkpt lat="48.1216860" lon="17.1189620">
    <ele>138.2</ele>
    <time>2025-09-30T18:51:04Z</time>
   </trkpt>
   <trkpt lat="48.1216860" lon="17.1189520">
    <ele>138.2</ele>
    <time>2025-09-30T18:51:05Z</time>
   </trkpt>
   <trkpt lat="48.1216860" lon="17.1189420">
    <ele>138.2</ele>
    <time>2025-09-30T18:51:06Z</time>
   </trkpt>
   <trkpt lat="48.1216840" lon="17.1189330">
    <ele>138.2</ele>
    <time>2025-09-30T18:51:07Z</time>
   </trkpt>
   <trkpt lat="48.1216830" lon="17.1189240">
    <ele>138.2</ele>
    <time>2025-09-30T18:51:08Z</time>
   </trkpt>
   <trkpt lat="48.1216830" lon="17.1189200">
    <ele>138.2</ele>
    <time>2025-09-30T18:51:09Z</time>
   </trkpt>
   <trkpt lat="48.1216830" lon="17.1189180">
    <ele>138.2</ele>
    <time>2025-09-30T18:51:10Z</time>
   </trkpt>
   <trkpt lat="48.1216830" lon="17.1189160">
    <ele>138.1</ele>
    <time>2025-09-30T18:51:11Z</time>
   </trkpt>
   <trkpt lat="48.1216810" lon="17.1189130">
    <ele>138.1</ele>
    <time>2025-09-30T18:51:12Z</time>
   </trkpt>
   <trkpt lat="48.1216800" lon="17.1189110">
    <ele>138.1</ele>
    <time>2025-09-30T18:51:13Z</time>
   </trkpt>
   <trkpt lat="48.1216780" lon="17.1189080">
    <ele>138.1</ele>
    <time>2025-09-30T18:51:14Z</time>
   </trkpt>
   <trkpt lat="48.1216770" lon="17.1189060">
    <ele>138.1</ele>
    <time>2025-09-30T18:51:15Z</time>
   </trkpt>
   <trkpt lat="48.1216760" lon="17.1189050">
    <ele>138.1</ele>
    <time>2025-09-30T18:51:16Z</time>
   </trkpt>
   <trkpt lat="48.1216750" lon="17.1189030">
    <ele>138.1</ele>
    <time>2025-09-30T18:51:17Z</time>
   </trkpt>
   <trkpt lat="48.1216730" lon="17.1189010">
    <ele>138.1</ele>
    <time>2025-09-30T18:51:18Z</time>
   </trkpt>
   <trkpt lat="48.1216720" lon="17.1188990">
    <ele>138.1</ele>
    <time>2025-09-30T18:51:19Z</time>
   </trkpt>
   <trkpt lat="48.1216710" lon="17.1188980">
    <ele>138.1</ele>
    <time>2025-09-30T18:51:20Z</time>
   </trkpt>
   <trkpt lat="48.1216700" lon="17.1188960">
    <ele>138.1</ele>
    <time>2025-09-30T18:51:21Z</time>
   </trkpt>
   <trkpt lat="48.1216690" lon="17.1188940">
    <ele>138.1</ele>
    <time>2025-09-30T18:51:22Z</time>
   </trkpt>
   <trkpt lat="48.1216680" lon="17.1188920">
    <ele>138.1</ele>
    <time>2025-09-30T18:51:23Z</time>
   </trkpt>
   <trkpt lat="48.1216670" lon="17.1188910">
    <ele>138.1</ele>
    <time>2025-09-30T18:51:24Z</time>
   </trkpt>
   <trkpt lat="48.1216660" lon="17.1188890">
    <ele>138.1</ele>
    <time>2025-09-30T18:51:25Z</time>
   </trkpt>
   <trkpt lat="48.1216650" lon="17.1188870">
    <ele>138.1</ele>
    <time>2025-09-30T18:51:26Z</time>
   </trkpt>
   <trkpt lat="48.1216640" lon="17.1188850">
    <ele>138.1</ele>
    <time>2025-09-30T18:51:27Z</time>
   </trkpt>
   <trkpt lat="48.1216620" lon="17.1188840">
    <ele>138.1</ele>
    <time>2025-09-30T18:51:28Z</time>
   </trkpt>
   <trkpt lat="48.1216610" lon="17.1188820">
    <ele>138.1</ele>
    <time>2025-09-30T18:51:29Z</time>
   </trkpt>
   <trkpt lat="48.1216600" lon="17.1188800">
    <ele>138.1</ele>
    <time>2025-09-30T18:51:30Z</time>
   </trkpt>
   <trkpt lat="48.1216590" lon="17.1188780">
    <ele>138.1</ele>
    <time>2025-09-30T18:51:31Z</time>
   </trkpt>
   <trkpt lat="48.1216580" lon="17.1188770">
    <ele>138.1</ele>
    <time>2025-09-30T18:51:32Z</time>
   </trkpt>
   <trkpt lat="48.1216570" lon="17.1188750">
    <ele>138.1</ele>
    <time>2025-09-30T18:51:33Z</time>
   </trkpt>
   <trkpt lat="48.1216560" lon="17.1188730">
    <ele>138.1</ele>
    <time>2025-09-30T18:51:34Z</time>
   </trkpt>
   <trkpt lat="48.1216550" lon="17.1188710">
    <ele>138.1</ele>
    <time>2025-09-30T18:51:35Z</time>
   </trkpt>
   <trkpt lat="48.1216540" lon="17.1188700">
    <ele>138.1</ele>
    <time>2025-09-30T18:51:36Z</time>
   </trkpt>
   <trkpt lat="48.1216520" lon="17.1188680">
    <ele>138.1</ele>
    <time>2025-09-30T18:51:37Z</time>
   </trkpt>
   <trkpt lat="48.1216510" lon="17.1188660">
    <ele>138.1</ele>
    <time>2025-09-30T18:51:38Z</time>
   </trkpt>
   <trkpt lat="48.1216500" lon="17.1188640">
    <ele>138.1</ele>
    <time>2025-09-30T18:51:39Z</time>
   </trkpt>
   <trkpt lat="48.1216490" lon="17.1188630">
    <ele>138.1</ele>
    <time>2025-09-30T18:51:40Z</time>
   </trkpt>
   <trkpt lat="48.1216480" lon="17.1188610">
    <ele>138.1</ele>
    <time>2025-09-30T18:51:41Z</time>
   </trkpt>
   <trkpt lat="48.1216400" lon="17.1188490">
    <ele>138.1</ele>
    <time>2025-09-30T18:51:42Z</time>
   </trkpt>
   <trkpt lat="48.1216320" lon="17.1188380">
    <ele>138.1</ele>
    <time>2025-09-30T18:51:43Z</time>
   </trkpt>
   <trkpt lat="48.1216250" lon="17.1188230">
    <ele>138.1</ele>
    <time>2025-09-30T18:51:44Z</time>
   </trkpt>
   <trkpt lat="48.1216090" lon="17.1188010">
    <ele>138.1</ele>
    <time>2025-09-30T18:51:45Z</time>
   </trkpt>
   <trkpt lat="48.1216050" lon="17.1187890">
    <ele>138.1</ele>
    <time>2025-09-30T18:51:46Z</time>
   </trkpt>
   <trkpt lat="48.1216010" lon="17.1187780">
    <ele>138.1</ele>
    <time>2025-09-30T18:51:47Z</time>
   </trkpt>
   <trkpt lat="48.1215970" lon="17.1187660">
    <ele>138.1</ele>
    <time>2025-09-30T18:51:48Z</time>
   </trkpt>
   <trkpt lat="48.1215880" lon="17.1187390">
    <ele>138.1</ele>
    <time>2025-09-30T18:51:49Z</time>
   </trkpt>
   <trkpt lat="48.1215830" lon="17.1187270">
    <ele>138.1</ele>
    <time>2025-09-30T18:51:50Z</time>
   </trkpt>
   <trkpt lat="48.1215770" lon="17.1187150">
    <ele>138.1</ele>
    <time>2025-09-30T18:51:51Z</time>
   </trkpt>
   <trkpt lat="48.1215670" lon="17.1186780">
    <ele>138.1</ele>
    <time>2025-09-30T18:51:52Z</time>
   </trkpt>
   <trkpt lat="48.1215620" lon="17.1186640">
    <ele>138.1</ele>
    <time>2025-09-30T18:51:53Z</time>
   </trkpt>
   <trkpt lat="48.1215570" lon="17.1186490">
    <ele>138.1</ele>
    <time>2025-09-30T18:51:54Z</time>
   </trkpt>
   <trkpt lat="48.1215460" lon="17.1186390">
    <ele>138.1</ele>
    <time>2025-09-30T18:51:55Z</time>
   </trkpt>
   <trkpt lat="48.1215380" lon="17.1186300">
    <ele>138.1</ele>
    <time>2025-09-30T18:51:56Z</time>
   </trkpt>
   <trkpt lat="48.1215300" lon="17.1186240">
    <ele>138.1</ele>
    <time>2025-09-30T18:51:57Z</time>
   </trkpt>
   <trkpt lat="48.1215220" lon="17.1186160">
    <ele>138.0</ele>
    <time>2025-09-30T18:51:58Z</time>
   </trkpt>
   <trkpt lat="48.1215240" lon="17.1186070">
    <ele>138.0</ele>
    <time>2025-09-30T18:51:59Z</time>
   </trkpt>
   <trkpt lat="48.1215220" lon="17.1185990">
    <ele>138.0</ele>
    <time>2025-09-30T18:52:00Z</time>
   </trkpt>
   <trkpt lat="48.1215200" lon="17.1185840">
    <ele>138.0</ele>
    <time>2025-09-30T18:52:01Z</time>
   </trkpt>
   <trkpt lat="48.1215130" lon="17.1185660">
    <ele>138.0</ele>
    <time>2025-09-30T18:52:02Z</time>
   </trkpt>
   <trkpt lat="48.1215000" lon="17.1185460">
    <ele>138.0</ele>
    <time>2025-09-30T18:52:03Z</time>
   </trkpt>
   <trkpt lat="48.1214930" lon="17.1184930">
    <ele>138.0</ele>
    <time>2025-09-30T18:52:04Z</time>
   </trkpt>
   <trkpt lat="48.1214940" lon="17.1184650">
    <ele>138.0</ele>
    <time>2025-09-30T18:52:05Z</time>
   </trkpt>
   <trkpt lat="48.1214920" lon="17.1184180">
    <ele>138.0</ele>
    <time>2025-09-30T18:52:06Z</time>
   </trkpt>
   <trkpt lat="48.1214880" lon="17.1184100">
    <ele>138.0</ele>
    <time>2025-09-30T18:52:07Z</time>
   </trkpt>
   <trkpt lat="48.1214800" lon="17.1184070">
    <ele>138.0</ele>
    <time>2025-09-30T18:52:08Z</time>
   </trkpt>
   <trkpt lat="48.1214710" lon="17.1184060">
    <ele>138.0</ele>
    <time>2025-09-30T18:52:09Z</time>
   </trkpt>
   <trkpt lat="48.1214650" lon="17.1184070">
    <ele>138.0</ele>
    <time>2025-09-30T18:52:10Z</time>
   </trkpt>
   <trkpt lat="48.1214630" lon="17.1184080">
    <ele>138.0</ele>
    <time>2025-09-30T18:52:11Z</time>
   </trkpt>
   <trkpt lat="48.1214640" lon="17.1184100">
    <ele>138.0</ele>
    <time>2025-09-30T18:52:12Z</time>
   </trkpt>
   <trkpt lat="48.1214630" lon="17.1184100">
    <ele>138.0</ele>
    <time>2025-09-30T18:52:13Z</time>
   </trkpt>
   <trkpt lat="48.1214600" lon="17.1184080">
    <ele>138.0</ele>
    <time>2025-09-30T18:52:14Z</time>
   </trkpt>
   <trkpt lat="48.1214580" lon="17.1184080">
    <ele>138.0</ele>
    <time>2025-09-30T18:52:15Z</time>
   </trkpt>
   <trkpt lat="48.1214570" lon="17.1184070">
    <ele>138.0</ele>
    <time>2025-09-30T18:52:16Z</time>
   </trkpt>
   <trkpt lat="48.1214560" lon="17.1184070">
    <ele>138.0</ele>
    <time>2025-09-30T18:52:17Z</time>
   </trkpt>
   <trkpt lat="48.1214550" lon="17.1184070">
    <ele>138.0</ele>
    <time>2025-09-30T18:52:18Z</time>
   </trkpt>
   <trkpt lat="48.1214540" lon="17.1184070">
    <ele>138.0</ele>
    <time>2025-09-30T18:52:19Z</time>
   </trkpt>
   <trkpt lat="48.1214520" lon="17.1184080">
    <ele>138.0</ele>
    <time>2025-09-30T18:52:20Z</time>
   </trkpt>
   <trkpt lat="48.1214510" lon="17.1184080">
    <ele>138.0</ele>
    <time>2025-09-30T18:52:21Z</time>
   </trkpt>
   <trkpt lat="48.1214500" lon="17.1184110">
    <ele>138.0</ele>
    <time>2025-09-30T18:52:22Z</time>
   </trkpt>
   <trkpt lat="48.1214480" lon="17.1184150">
    <ele>138.0</ele>
    <time>2025-09-30T18:52:23Z</time>
   </trkpt>
   <trkpt lat="48.1214480" lon="17.1184160">
    <ele>138.0</ele>
    <time>2025-09-30T18:52:24Z</time>
   </trkpt>
   <trkpt lat="48.1214470" lon="17.1184170">
    <ele>138.0</ele>
    <time>2025-09-30T18:52:25Z</time>
   </trkpt>
   <trkpt lat="48.1214470" lon="17.1184170">
    <ele>138.0</ele>
    <time>2025-09-30T18:52:26Z</time>
   </trkpt>
   <trkpt lat="48.1214460" lon="17.1184180">
    <ele>138.0</ele>
    <time>2025-09-30T18:52:27Z</time>
   </trkpt>
   <trkpt lat="48.1214450" lon="17.1184180">
    <ele>138.0</ele>
    <time>2025-09-30T18:52:28Z</time>
   </trkpt>
   <trkpt lat="48.1214460" lon="17.1184190">
    <ele>138.0</ele>
    <time>2025-09-30T18:52:29Z</time>
   </trkpt>
   <trkpt lat="48.1214520" lon="17.1184370">
    <ele>138.0</ele>
    <time>2025-09-30T18:52:30Z</time>
   </trkpt>
   <trkpt lat="48.1214530" lon="17.1184440">
    <ele>138.0</ele>
    <time>2025-09-30T18:52:31Z</time>
   </trkpt>
   <trkpt lat="48.1214510" lon="17.1184520">
    <ele>138.0</ele>
    <time>2025-09-30T18:52:32Z</time>
   </trkpt>
   <trkpt lat="48.1214530" lon="17.1184600">
    <ele>138.0</ele>
    <time>2025-09-30T18:52:33Z</time>
   </trkpt>
   <trkpt lat="48.1214550" lon="17.1184710">
    <ele>138.0</ele>
    <time>2025-09-30T18:52:34Z</time>
   </trkpt>
   <trkpt lat="48.1214550" lon="17.1184790">
    <ele>138.0</ele>
    <time>2025-09-30T18:52:35Z</time>
   </trkpt>
   <trkpt lat="48.1214550" lon="17.1184840">
    <ele>138.0</ele>
    <time>2025-09-30T18:52:36Z</time>
   </trkpt>
   <trkpt lat="48.1214530" lon="17.1184860">
    <ele>138.0</ele>
    <time>2025-09-30T18:52:37Z</time>
   </trkpt>
   <trkpt lat="48.1214530" lon="17.1184900">
    <ele>138.0</ele>
    <time>2025-09-30T18:52:38Z</time>
   </trkpt>
   <trkpt lat="48.1214530" lon="17.1184920">
    <ele>138.1</ele>
    <time>2025-09-30T18:52:39Z</time>
   </trkpt>
   <trkpt lat="48.1214500" lon="17.1184990">
    <ele>138.1</ele>
    <time>2025-09-30T18:52:40Z</time>
   </trkpt>
   <trkpt lat="48.1214450" lon="17.1185050">
    <ele>138.1</ele>
    <time>2025-09-30T18:52:41Z</time>
   </trkpt>
   <trkpt lat="48.1214380" lon="17.1185030">
    <ele>138.1</ele>
    <time>2025-09-30T18:52:42Z</time>
   </trkpt>
   <trkpt lat="48.1214300" lon="17.1185080">
    <ele>138.1</ele>
    <time>2025-09-30T18:52:43Z</time>
   </trkpt>
   <trkpt lat="48.1214230" lon="17.1185110">
    <ele>138.1</ele>
    <time>2025-09-30T18:52:44Z</time>
   </trkpt>
   <trkpt lat="48.1214160" lon="17.1185170">
    <ele>138.1</ele>
    <time>2025-09-30T18:52:45Z</time>
   </trkpt>
   <trkpt lat="48.1214010" lon="17.1185050">
    <ele>138.1</ele>
    <time>2025-09-30T18:52:46Z</time>
   </trkpt>
   <trkpt lat="48.1213910" lon="17.1185030">
    <ele>138.1</ele>
    <time>2025-09-30T18:52:47Z</time>
   </trkpt>
   <trkpt lat="48.1213790" lon="17.1185050">
    <ele>138.1</ele>
    <time>2025-09-30T18:52:48Z</time>
   </trkpt>
   <trkpt lat="48.1213660" lon="17.1185080">
    <ele>138.1</ele>
    <time>2025-09-30T18:52:49Z</time>
   </trkpt>
   <trkpt lat="48.1213560" lon="17.1185120">
    <ele>138.1</ele>
    <time>2025-09-30T18:52:50Z</time>
   </trkpt>
   <trkpt lat="48.1213450" lon="17.1185160">
    <ele>138.1</ele>
    <time>2025-09-30T18:52:51Z</time>
   </trkpt>
   <trkpt lat="48.1213360" lon="17.1185210">
    <ele>138.1</ele>
    <time>2025-09-30T18:52:52Z</time>
   </trkpt>
   <trkpt lat="48.1213300" lon="17.1185250">
    <ele>138.1</ele>
    <time>2025-09-30T18:52:53Z</time>
   </trkpt>
   <trkpt lat="48.1213280" lon="17.1185260">
    <ele>138.1</ele>
    <time>2025-09-30T18:52:54Z</time>
   </trkpt>
   <trkpt lat="48.1213320" lon="17.1185240">
    <ele>138.1</ele>
    <time>2025-09-30T18:52:55Z</time>
   </trkpt>
   <trkpt lat="48.1213410" lon="17.1185200">
    <ele>138.1</ele>
    <time>2025-09-30T18:52:56Z</time>
   </trkpt>
   <trkpt lat="48.1213470" lon="17.1185180">
    <ele>138.1</ele>
    <time>2025-09-30T18:52:57Z</time>
   </trkpt>
   <trkpt lat="48.1213490" lon="17.1185170">
    <ele>138.1</ele>
    <time>2025-09-30T18:52:58Z</time>
   </trkpt>
   <trkpt lat="48.1213500" lon="17.1185160">
    <ele>138.1</ele>
    <time>2025-09-30T18:52:59Z</time>
   </trkpt>
   <trkpt lat="48.1213500" lon="17.1185150">
    <ele>138.1</ele>
    <time>2025-09-30T18:53:00Z</time>
   </trkpt>
   <trkpt lat="48.1213510" lon="17.1185160">
    <ele>138.1</ele>
    <time>2025-09-30T18:53:01Z</time>
   </trkpt>
   <trkpt lat="48.1213520" lon="17.1185160">
    <ele>138.1</ele>
    <time>2025-09-30T18:53:02Z</time>
   </trkpt>
   <trkpt lat="48.1213530" lon="17.1185150">
    <ele>138.1</ele>
    <time>2025-09-30T18:53:03Z</time>
   </trkpt>
   <trkpt lat="48.1213520" lon="17.1185160">
    <ele>138.1</ele>
    <time>2025-09-30T18:53:04Z</time>
   </trkpt>
   <trkpt lat="48.1213520" lon="17.1185160">
    <ele>138.1</ele>
    <time>2025-09-30T18:53:05Z</time>
   </trkpt>
   <trkpt lat="48.1213520" lon="17.1185170">
    <ele>138.1</ele>
    <time>2025-09-30T18:53:06Z</time>
   </trkpt>
   <trkpt lat="48.1213570" lon="17.1185160">
    <ele>138.1</ele>
    <time>2025-09-30T18:53:07Z</time>
   </trkpt>
   <trkpt lat="48.1213630" lon="17.1185210">
    <ele>138.1</ele>
    <time>2025-09-30T18:53:08Z</time>
   </trkpt>
   <trkpt lat="48.1213660" lon="17.1185260">
    <ele>138.1</ele>
    <time>2025-09-30T18:53:09Z</time>
   </trkpt>
   <trkpt lat="48.1213700" lon="17.1185320">
    <ele>138.1</ele>
    <time>2025-09-30T18:53:10Z</time>
   </trkpt>
   <trkpt lat="48.1213740" lon="17.1185380">
    <ele>138.1</ele>
    <time>2025-09-30T18:53:11Z</time>
   </trkpt>
   <trkpt lat="48.1213780" lon="17.1185440">
    <ele>138.1</ele>
    <time>2025-09-30T18:53:12Z</time>
   </trkpt>
   <trkpt lat="48.1213810" lon="17.1185490">
    <ele>138.1</ele>
    <time>2025-09-30T18:53:13Z</time>
   </trkpt>
   <trkpt lat="48.1213850" lon="17.1185550">
    <ele>138.1</ele>
    <time>2025-09-30T18:53:14Z</time>
   </trkpt>
   <trkpt lat="48.1213700" lon="17.1185180">
    <ele>138.1</ele>
    <time>2025-09-30T18:53:15Z</time>
   </trkpt>
   <trkpt lat="48.1213740" lon="17.1185150">
    <ele>138.1</ele>
    <time>2025-09-30T18:53:16Z</time>
   </trkpt>
   <trkpt lat="48.1213800" lon="17.1185190">
    <ele>138.1</ele>
    <time>2025-09-30T18:53:17Z</time>
   </trkpt>
   <trkpt lat="48.1213930" lon="17.1185290">
    <ele>138.1</ele>
    <time>2025-09-30T18:53:18Z</time>
   </trkpt>
   <trkpt lat="48.1214020" lon="17.1185350">
    <ele>138.0</ele>
    <time>2025-09-30T18:53:19Z</time>
   </trkpt>
   <trkpt lat="48.1214060" lon="17.1185370">
    <ele>138.0</ele>
    <time>2025-09-30T18:53:20Z</time>
   </trkpt>
   <trkpt lat="48.1214290" lon="17.1185360">
    <ele>138.0</ele>
    <time>2025-09-30T18:53:21Z</time>
   </trkpt>
   <trkpt lat="48.1214600" lon="17.1185370">
    <ele>138.0</ele>
    <time>2025-09-30T18:53:22Z</time>
   </trkpt>
   <trkpt lat="48.1214730" lon="17.1185320">
    <ele>138.0</ele>
    <time>2025-09-30T18:53:23Z</time>
   </trkpt>
   <trkpt lat="48.1214810" lon="17.1185190">
    <ele>138.0</ele>
    <time>2025-09-30T18:53:24Z</time>
   </trkpt>
   <trkpt lat="48.1214770" lon="17.1184900">
    <ele>138.0</ele>
    <time>2025-09-30T18:53:25Z</time>
   </trkpt>
   <trkpt lat="48.1214660" lon="17.1184510">
    <ele>138.0</ele>
    <time>2025-09-30T18:53:26Z</time>
   </trkpt>
   <trkpt lat="48.1214600" lon="17.1184380">
    <ele>138.0</ele>
    <time>2025-09-30T18:53:27Z</time>
   </trkpt>
   <trkpt lat="48.1214390" lon="17.1184020">
    <ele>138.0</ele>
    <time>2025-09-30T18:53:28Z</time>
   </trkpt>
   <trkpt lat="48.1214350" lon="17.1183960">
    <ele>138.0</ele>
    <time>2025-09-30T18:53:29Z</time>
   </trkpt>
   <trkpt lat="48.1214260" lon="17.1183770">
    <ele>138.0</ele>
    <time>2025-09-30T18:53:30Z</time>
   </trkpt>
   <trkpt lat="48.1214160" lon="17.1183560">
    <ele>138.0</ele>
    <time>2025-09-30T18:53:31Z</time>
   </trkpt>
   <trkpt lat="48.1214090" lon="17.1183370">
    <ele>138.0</ele>
    <time>2025-09-30T18:53:32Z</time>
   </trkpt>
   <trkpt lat="48.1214010" lon="17.1183130">
    <ele>138.0</ele>
    <time>2025-09-30T18:53:33Z</time>
   </trkpt>
   <trkpt lat="48.1213960" lon="17.1182910">
    <ele>138.1</ele>
    <time>2025-09-30T18:53:34Z</time>
   </trkpt>
   <trkpt lat="48.1213980" lon="17.1182760">
    <ele>138.1</ele>
    <time>2025-09-30T18:53:35Z</time>
   </trkpt>
   <trkpt lat="48.1213970" lon="17.1182620">
    <ele>138.1</ele>
    <time>2025-09-30T18:53:36Z</time>
   </trkpt>
   <trkpt lat="48.1213790" lon="17.1182510">
    <ele>138.1</ele>
    <time>2025-09-30T18:53:37Z</time>
   </trkpt>
   <trkpt lat="48.1213720" lon="17.1182480">
    <ele>138.1</ele>
    <time>2025-09-30T18:53:38Z</time>
   </trkpt>
   <trkpt lat="48.1213650" lon="17.1182450">
    <ele>138.1</ele>
    <time>2025-09-30T18:53:39Z</time>
   </trkpt>
   <trkpt lat="48.1213630" lon="17.1182460">
    <ele>138.1</ele>
    <time>2025-09-30T18:53:40Z</time>
   </trkpt>
   <trkpt lat="48.1213650" lon="17.1182420">
    <ele>138.1</ele>
    <time>2025-09-30T18:53:41Z</time>
   </trkpt>
   <trkpt lat="48.1213650" lon="17.1182360">
    <ele>138.1</ele>
    <time>2025-09-30T18:53:42Z</time>
   </trkpt>
   <trkpt lat="48.1213560" lon="17.1182220">
    <ele>138.1</ele>
    <time>2025-09-30T18:53:43Z</time>
   </trkpt>
   <trkpt lat="48.1213570" lon="17.1181990">
    <ele>138.1</ele>
    <time>2025-09-30T18:53:44Z</time>
   </trkpt>
   <trkpt lat="48.1213830" lon="17.1181650">
    <ele>138.1</ele>
    <time>2025-09-30T18:53:45Z</time>
   </trkpt>
   <trkpt lat="48.1213900" lon="17.1181550">
    <ele>138.1</ele>
    <time>2025-09-30T18:53:46Z</time>
   </trkpt>
   <trkpt lat="48.1213980" lon="17.1181400">
    <ele>138.1</ele>
    <time>2025-09-30T18:53:47Z</time>
   </trkpt>
   <trkpt lat="48.1214050" lon="17.1181170">
    <ele>138.1</ele>
    <time>2025-09-30T18:53:48Z</time>
   </trkpt>
   <trkpt lat="48.1214090" lon="17.1180970">
    <ele>138.1</ele>
    <time>2025-09-30T18:53:49Z</time>
   </trkpt>
   <trkpt lat="48.1214130" lon="17.1180810">
    <ele>138.1</ele>
    <time>2025-09-30T18:53:50Z</time>
   </trkpt>
   <trkpt lat="48.1214170" lon="17.1180670">
    <ele>138.1</ele>
    <time>2025-09-30T18:53:51Z</time>
   </trkpt>
   <trkpt lat="48.1214190" lon="17.1180520">
    <ele>138.1</ele>
    <time>2025-09-30T18:53:52Z</time>
   </trkpt>
   <trkpt lat="48.1214200" lon="17.1180340">
    <ele>138.1</ele>
    <time>2025-09-30T18:53:53Z</time>
   </trkpt>
   <trkpt lat="48.1214210" lon="17.1180210">
    <ele>138.1</ele>
    <time>2025-09-30T18:53:54Z</time>
   </trkpt>
   <trkpt lat="48.1214220" lon="17.1180070">
    <ele>138.1</ele>
    <time>2025-09-30T18:53:55Z</time>
   </trkpt>
   <trkpt lat="48.1214230" lon="17.1180060">
    <ele>138.1</ele>
    <time>2025-09-30T18:53:56Z</time>
   </trkpt>
   <trkpt lat="48.1214230" lon="17.1180050">
    <ele>138.1</ele>
    <time>2025-09-30T18:53:57Z</time>
   </trkpt>
   <trkpt lat="48.1214230" lon="17.1180040">
    <ele>138.1</ele>
    <time>2025-09-30T18:53:58Z</time>
   </trkpt>
   <trkpt lat="48.1214230" lon="17.1180030">
    <ele>138.1</ele>
    <time>2025-09-30T18:53:59Z</time>
   </trkpt>
   <trkpt lat="48.1214240" lon="17.1180020">
    <ele>138.1</ele>
    <time>2025-09-30T18:54:00Z</time>
   </trkpt>
   <trkpt lat="48.1214240" lon="17.1180010">
    <ele>138.1</ele>
    <time>2025-09-30T18:54:01Z</time>
   </trkpt>
   <trkpt lat="48.1214240" lon="17.1180000">
    <ele>138.1</ele>
    <time>2025-09-30T18:54:02Z</time>
   </trkpt>
   <trkpt lat="48.1214240" lon="17.1179990">
    <ele>138.1</ele>
    <time>2025-09-30T18:54:03Z</time>
   </trkpt>
   <trkpt lat="48.1214250" lon="17.1179980">
    <ele>138.1</ele>
    <time>2025-09-30T18:54:04Z</time>
   </trkpt>
   <trkpt lat="48.1214250" lon="17.1179970">
    <ele>138.1</ele>
    <time>2025-09-30T18:54:05Z</time>
   </trkpt>
   <trkpt lat="48.1214250" lon="17.1179960">
    <ele>138.1</ele>
    <time>2025-09-30T18:54:06Z</time>
   </trkpt>
   <trkpt lat="48.1214250" lon="17.1179950">
    <ele>138.1</ele>
    <time>2025-09-30T18:54:07Z</time>
   </trkpt>
   <trkpt lat="48.1214260" lon="17.1179940">
    <ele>138.1</ele>
    <time>2025-09-30T18:54:08Z</time>
   </trkpt>
   <trkpt lat="48.1214260" lon="17.1179930">
    <ele>138.1</ele>
    <time>2025-09-30T18:54:09Z</time>
   </trkpt>
   <trkpt lat="48.1214260" lon="17.1179920">
    <ele>138.1</ele>
    <time>2025-09-30T18:54:10Z</time>
   </trkpt>
   <trkpt lat="48.1214270" lon="17.1179910">
    <ele>138.1</ele>
    <time>2025-09-30T18:54:11Z</time>
   </trkpt>
   <trkpt lat="48.1214270" lon="17.1179900">
    <ele>138.1</ele>
    <time>2025-09-30T18:54:12Z</time>
   </trkpt>
   <trkpt lat="48.1214270" lon="17.1179890">
    <ele>138.1</ele>
    <time>2025-09-30T18:54:13Z</time>
   </trkpt>
   <trkpt lat="48.1214270" lon="17.1179880">
    <ele>138.1</ele>
    <time>2025-09-30T18:54:14Z</time>
   </trkpt>
   <trkpt lat="48.1214280" lon="17.1179880">
    <ele>138.1</ele>
    <time>2025-09-30T18:54:15Z</time>
   </trkpt>
   <trkpt lat="48.1214280" lon="17.1179870">
    <ele>138.1</ele>
    <time>2025-09-30T18:54:16Z</time>
   </trkpt>
   <trkpt lat="48.1214280" lon="17.1179860">
    <ele>138.1</ele>
    <time>2025-09-30T18:54:17Z</time>
   </trkpt>
   <trkpt lat="48.1214280" lon="17.1179850">
    <ele>138.1</ele>
    <time>2025-09-30T18:54:18Z</time>
   </trkpt>
   <trkpt lat="48.1214290" lon="17.1179840">
    <ele>138.1</ele>
    <time>2025-09-30T18:54:19Z</time>
   </trkpt>
   <trkpt lat="48.1214290" lon="17.1179830">
    <ele>138.1</ele>
    <time>2025-09-30T18:54:20Z</time>
   </trkpt>
   <trkpt lat="48.1214290" lon="17.1179820">
    <ele>138.1</ele>
    <time>2025-09-30T18:54:21Z</time>
   </trkpt>
   <trkpt lat="48.1214300" lon="17.1179810">
    <ele>138.1</ele>
    <time>2025-09-30T18:54:22Z</time>
   </trkpt>
   <trkpt lat="48.1214300" lon="17.1179800">
    <ele>138.1</ele>
    <time>2025-09-30T18:54:23Z</time>
   </trkpt>
   <trkpt lat="48.1214300" lon="17.1179790">
    <ele>138.1</ele>
    <time>2025-09-30T18:54:24Z</time>
   </trkpt>
   <trkpt lat="48.1214300" lon="17.1179780">
    <ele>138.1</ele>
    <time>2025-09-30T18:54:25Z</time>
   </trkpt>
   <trkpt lat="48.1214310" lon="17.1179770">
    <ele>138.1</ele>
    <time>2025-09-30T18:54:26Z</time>
   </trkpt>
   <trkpt lat="48.1214310" lon="17.1179760">
    <ele>138.1</ele>
    <time>2025-09-30T18:54:27Z</time>
   </trkpt>
   <trkpt lat="48.1214310" lon="17.1179750">
    <ele>138.1</ele>
    <time>2025-09-30T18:54:28Z</time>
   </trkpt>
   <trkpt lat="48.1214310" lon="17.1179740">
    <ele>138.1</ele>
    <time>2025-09-30T18:54:29Z</time>
   </trkpt>
   <trkpt lat="48.1214320" lon="17.1179730">
    <ele>138.1</ele>
    <time>2025-09-30T18:54:30Z</time>
   </trkpt>
   <trkpt lat="48.1214320" lon="17.1179720">
    <ele>138.1</ele>
    <time>2025-09-30T18:54:31Z</time>
   </trkpt>
   <trkpt lat="48.1214320" lon="17.1179710">
    <ele>138.1</ele>
    <time>2025-09-30T18:54:32Z</time>
   </trkpt>
   <trkpt lat="48.1214320" lon="17.1179700">
    <ele>138.1</ele>
    <time>2025-09-30T18:54:33Z</time>
   </trkpt>
   <trkpt lat="48.1214330" lon="17.1179690">
    <ele>138.1</ele>
    <time>2025-09-30T18:54:34Z</time>
   </trkpt>
   <trkpt lat="48.1214330" lon="17.1179680">
    <ele>138.1</ele>
    <time>2025-09-30T18:54:35Z</time>
   </trkpt>
   <trkpt lat="48.1214440" lon="17.1179430">
    <ele>138.0</ele>
    <time>2025-09-30T18:54:36Z</time>
   </trkpt>
   <trkpt lat="48.1214480" lon="17.1179310">
    <ele>138.0</ele>
    <time>2025-09-30T18:54:37Z</time>
   </trkpt>
   <trkpt lat="48.1214530" lon="17.1179190">
    <ele>138.0</ele>
    <time>2025-09-30T18:54:38Z</time>
   </trkpt>
   <trkpt lat="48.1214550" lon="17.1179090">
    <ele>138.0</ele>
    <time>2025-09-30T18:54:39Z</time>
   </trkpt>
   <trkpt lat="48.1214560" lon="17.1179080">
    <ele>138.0</ele>
    <time>2025-09-30T18:54:40Z</time>
   </trkpt>
   <trkpt lat="48.1214540" lon="17.1178980">
    <ele>138.0</ele>
    <time>2025-09-30T18:54:41Z</time>
   </trkpt>
   <trkpt lat="48.1214520" lon="17.1178890">
    <ele>138.0</ele>
    <time>2025-09-30T18:54:42Z</time>
   </trkpt>
   <trkpt lat="48.1214540" lon="17.1178680">
    <ele>138.0</ele>
    <time>2025-09-30T18:54:43Z</time>
   </trkpt>
   <trkpt lat="48.1214550" lon="17.1178540">
    <ele>138.0</ele>
    <time>2025-09-30T18:54:44Z</time>
   </trkpt>
   <trkpt lat="48.1214750" lon="17.1178300">
    <ele>138.0</ele>
    <time>2025-09-30T18:54:45Z</time>
   </trkpt>
   <trkpt lat="48.1214860" lon="17.1178170">
    <ele>138.0</ele>
    <time>2025-09-30T18:54:46Z</time>
   </trkpt>
   <trkpt lat="48.1214900" lon="17.1178060">
    <ele>138.0</ele>
    <time>2025-09-30T18:54:47Z</time>
   </trkpt>
   <trkpt lat="48.1214860" lon="17.1178070">
    <ele>138.0</ele>
    <time>2025-09-30T18:54:48Z</time>
   </trkpt>
   <trkpt lat="48.1214800" lon="17.1178130">
    <ele>138.0</ele>
    <time>2025-09-30T18:54:49Z</time>
   </trkpt>
   <trkpt lat="48.1214780" lon="17.1178150">
    <ele>138.0</ele>
    <time>2025-09-30T18:54:50Z</time>
   </trkpt>
   <trkpt lat="48.1214770" lon="17.1178110">
    <ele>138.0</ele>
    <time>2025-09-30T18:54:51Z</time>
   </trkpt>
   <trkpt lat="48.1214760" lon="17.1178090">
    <ele>138.0</ele>
    <time>2025-09-30T18:54:52Z</time>
   </trkpt>
   <trkpt lat="48.1214780" lon="17.1178040">
    <ele>138.0</ele>
    <time>2025-09-30T18:54:53Z</time>
   </trkpt>
   <trkpt lat="48.1214770" lon="17.1177970">
    <ele>138.0</ele>
    <time>2025-09-30T18:54:54Z</time>
   </trkpt>
   <trkpt lat="48.1214760" lon="17.1177870">
    <ele>138.0</ele>
    <time>2025-09-30T18:54:55Z</time>
   </trkpt>
   <trkpt lat="48.1214770" lon="17.1177540">
    <ele>138.0</ele>
    <time>2025-09-30T18:54:56Z</time>
   </trkpt>
   <trkpt lat="48.1214790" lon="17.1177390">
    <ele>138.0</ele>
    <time>2025-09-30T18:54:57Z</time>
   </trkpt>
   <trkpt lat="48.1214820" lon="17.1177250">
    <ele>138.0</ele>
    <time>2025-09-30T18:54:58Z</time>
   </trkpt>
   <trkpt lat="48.1214880" lon="17.1177040">
    <ele>138.0</ele>
    <time>2025-09-30T18:54:59Z</time>
   </trkpt>
   <trkpt lat="48.1214940" lon="17.1176890">
    <ele>138.0</ele>
    <time>2025-09-30T18:55:00Z</time>
   </trkpt>
   <trkpt lat="48.1215000" lon="17.1176770">
    <ele>138.0</ele>
    <time>2025-09-30T18:55:01Z</time>
   </trkpt>
   <trkpt lat="48.1215040" lon="17.1176680">
    <ele>138.0</ele>
    <time>2025-09-30T18:55:02Z</time>
   </trkpt>
   <trkpt lat="48.1215100" lon="17.1176560">
    <ele>138.0</ele>
    <time>2025-09-30T18:55:03Z</time>
   </trkpt>
   <trkpt lat="48.1215150" lon="17.1176400">
    <ele>138.0</ele>
    <time>2025-09-30T18:55:04Z</time>
   </trkpt>
   <trkpt lat="48.1215180" lon="17.1176300">
    <ele>138.0</ele>
    <time>2025-09-30T18:55:05Z</time>
   </trkpt>
   <trkpt lat="48.1215210" lon="17.1176170">
    <ele>138.0</ele>
    <time>2025-09-30T18:55:06Z</time>
   </trkpt>
   <trkpt lat="48.1215200" lon="17.1176080">
    <ele>138.0</ele>
    <time>2025-09-30T18:55:07Z</time>
   </trkpt>
   <trkpt lat="48.1215180" lon="17.1175940">
    <ele>138.0</ele>
    <time>2025-09-30T18:55:08Z</time>
   </trkpt>
   <trkpt lat="48.1215170" lon="17.1175840">
    <ele>137.9</ele>
    <time>2025-09-30T18:55:09Z</time>
   </trkpt>
   <trkpt lat="48.1215160" lon="17.1175800">
    <ele>137.9</ele>
    <time>2025-09-30T18:55:10Z</time>
   </trkpt>
   <trkpt lat="48.1215180" lon="17.1175810">
    <ele>137.9</ele>
    <time>2025-09-30T18:55:11Z</time>
   </trkpt>
   <trkpt lat="48.1215200" lon="17.1175840">
    <ele>137.9</ele>
    <time>2025-09-30T18:55:12Z</time>
   </trkpt>
   <trkpt lat="48.1215070" lon="17.1175500">
    <ele>137.9</ele>
    <time>2025-09-30T18:55:13Z</time>
   </trkpt>
   <trkpt lat="48.1214950" lon="17.1175450">
    <ele>137.9</ele>
    <time>2025-09-30T18:55:14Z</time>
   </trkpt>
   <trkpt lat="48.1214810" lon="17.1175500">
    <ele>137.9</ele>
    <time>2025-09-30T18:55:15Z</time>
   </trkpt>
   <trkpt lat="48.1214710" lon="17.1175580">
    <ele>137.9</ele>
    <time>2025-09-30T18:55:16Z</time>
   </trkpt>
   <trkpt lat="48.1214620" lon="17.1175650">
    <ele>137.9</ele>
    <time>2025-09-30T18:55:17Z</time>
   </trkpt>
   <trkpt lat="48.1214540" lon="17.1175700">
    <ele>137.9</ele>
    <time>2025-09-30T18:55:18Z</time>
   </trkpt>
   <trkpt lat="48.1214460" lon="17.1175760">
    <ele>137.9</ele>
    <time>2025-09-30T18:55:19Z</time>
   </trkpt>
   <trkpt lat="48.1214370" lon="17.1175830">
    <ele>137.9</ele>
    <time>2025-09-30T18:55:20Z</time>
   </trkpt>
   <trkpt lat="48.1214290" lon="17.1175920">
    <ele>137.9</ele>
    <time>2025-09-30T18:55:21Z</time>
   </trkpt>
   <trkpt lat="48.1214210" lon="17.1176010">
    <ele>137.9</ele>
    <time>2025-09-30T18:55:22Z</time>
   </trkpt>
   <trkpt lat="48.1214120" lon="17.1176120">
    <ele>137.9</ele>
    <time>2025-09-30T18:55:23Z</time>
   </trkpt>
   <trkpt lat="48.1214010" lon="17.1176210">
    <ele>137.9</ele>
    <time>2025-09-30T18:55:24Z</time>
   </trkpt>
   <trkpt lat="48.1213940" lon="17.1176170">
    <ele>137.9</ele>
    <time>2025-09-30T18:55:25Z</time>
   </trkpt>
   <trkpt lat="48.1213910" lon="17.1176020">
    <ele>137.9</ele>
    <time>2025-09-30T18:55:26Z</time>
   </trkpt>
   <trkpt lat="48.1213940" lon="17.1175960">
    <ele>137.9</ele>
    <time>2025-09-30T18:55:27Z</time>
   </trkpt>
   <trkpt lat="48.1213970" lon="17.1175940">
    <ele>137.9</ele>
    <time>2025-09-30T18:55:28Z</time>
   </trkpt>
   <trkpt lat="48.1213990" lon="17.1175910">
    <ele>137.9</ele>
    <time>2025-09-30T18:55:29Z</time>
   </trkpt>
   <trkpt lat="48.1213990" lon="17.1175910">
    <ele>137.9</ele>
    <time>2025-09-30T18:55:30Z</time>
   </trkpt>
   <trkpt lat="48.1213920" lon="17.1175940">
    <ele>137.9</ele>
    <time>2025-09-30T18:55:31Z</time>
   </trkpt>
   <trkpt lat="48.1213810" lon="17.1175970">
    <ele>137.9</ele>
    <time>2025-09-30T18:55:32Z</time>
   </trkpt>
   <trkpt lat="48.1213670" lon="17.1175990">
    <ele>137.9</ele>
    <time>2025-09-30T18:55:33Z</time>
   </trkpt>
   <trkpt lat="48.1213540" lon="17.1176010">
    <ele>137.9</ele>
    <time>2025-09-30T18:55:34Z</time>
   </trkpt>
   <trkpt lat="48.1213370" lon="17.1176010">
    <ele>137.9</ele>
    <time>2025-09-30T18:55:35Z</time>
   </trkpt>
   <trkpt lat="48.1213200" lon="17.1176040">
    <ele>137.9</ele>
    <time>2025-09-30T18:55:36Z</time>
   </trkpt>
   <trkpt lat="48.1213030" lon="17.1176040">
    <ele>137.9</ele>
    <time>2025-09-30T18:55:37Z</time>
   </trkpt>
   <trkpt lat="48.1212890" lon="17.1176090">
    <ele>137.9</ele>
    <time>2025-09-30T18:55:38Z</time>
   </trkpt>
   <trkpt lat="48.1212780" lon="17.1176140">
    <ele>137.9</ele>
    <time>2025-09-30T18:55:39Z</time>
   </trkpt>
   <trkpt lat="48.1212680" lon="17.1176210">
    <ele>137.9</ele>
    <time>2025-09-30T18:55:40Z</time>
   </trkpt>
   <trkpt lat="48.1212610" lon="17.1176210">
    <ele>137.9</ele>
    <time>2025-09-30T18:55:41Z</time>
   </trkpt>
   <trkpt lat="48.1212590" lon="17.1176200">
    <ele>137.9</ele>
    <time>2025-09-30T18:55:42Z</time>
   </trkpt>
   <trkpt lat="48.1212600" lon="17.1176180">
    <ele>137.9</ele>
    <time>2025-09-30T18:55:43Z</time>
   </trkpt>
   <trkpt lat="48.1212630" lon="17.1176160">
    <ele>137.9</ele>
    <time>2025-09-30T18:55:44Z</time>
   </trkpt>
   <trkpt lat="48.1212650" lon="17.1176170">
    <ele>137.9</ele>
    <time>2025-09-30T18:55:45Z</time>
   </trkpt>
   <trkpt lat="48.1212660" lon="17.1176160">
    <ele>137.9</ele>
    <time>2025-09-30T18:55:46Z</time>
   </trkpt>
   <trkpt lat="48.1212670" lon="17.1176160">
    <ele>137.9</ele>
    <time>2025-09-30T18:55:47Z</time>
   </trkpt>
   <trkpt lat="48.1212670" lon="17.1176150">
    <ele>137.9</ele>
    <time>2025-09-30T18:55:48Z</time>
   </trkpt>
   <trkpt lat="48.1212670" lon="17.1176140">
    <ele>137.9</ele>
    <time>2025-09-30T18:55:49Z</time>
   </trkpt>
   <trkpt lat="48.1212670" lon="17.1176130">
    <ele>137.9</ele>
    <time>2025-09-30T18:55:50Z</time>
   </trkpt>
   <trkpt lat="48.1212670" lon="17.1176120">
    <ele>137.9</ele>
    <time>2025-09-30T18:55:51Z</time>
   </trkpt>
   <trkpt lat="48.1212670" lon="17.1176120">
    <ele>137.9</ele>
    <time>2025-09-30T18:55:52Z</time>
   </trkpt>
   <trkpt lat="48.1212680" lon="17.1176110">
    <ele>137.9</ele>
    <time>2025-09-30T18:55:53Z</time>
   </trkpt>
   <trkpt lat="48.1212680" lon="17.1176110">
    <ele>137.9</ele>
    <time>2025-09-30T18:55:54Z</time>
   </trkpt>
   <trkpt lat="48.1212690" lon="17.1176100">
    <ele>137.9</ele>
    <time>2025-09-30T18:55:55Z</time>
   </trkpt>
   <trkpt lat="48.1212690" lon="17.1176100">
    <ele>137.9</ele>
    <time>2025-09-30T18:55:56Z</time>
   </trkpt>
   <trkpt lat="48.1212680" lon="17.1176100">
    <ele>137.9</ele>
    <time>2025-09-30T18:55:57Z</time>
   </trkpt>
   <trkpt lat="48.1212660" lon="17.1176100">
    <ele>137.9</ele>
    <time>2025-09-30T18:55:58Z</time>
   </trkpt>
   <trkpt lat="48.1212660" lon="17.1176100">
    <ele>137.9</ele>
    <time>2025-09-30T18:55:59Z</time>
   </trkpt>
   <trkpt lat="48.1212660" lon="17.1176100">
    <ele>137.9</ele>
    <time>2025-09-30T18:56:00Z</time>
   </trkpt>
   <trkpt lat="48.1212710" lon="17.1176070">
    <ele>137.9</ele>
    <time>2025-09-30T18:56:01Z</time>
   </trkpt>
   <trkpt lat="48.1212720" lon="17.1176070">
    <ele>137.9</ele>
    <time>2025-09-30T18:56:02Z</time>
   </trkpt>
   <trkpt lat="48.1212730" lon="17.1176070">
    <ele>137.9</ele>
    <time>2025-09-30T18:56:03Z</time>
   </trkpt>
   <trkpt lat="48.1212730" lon="17.1176070">
    <ele>137.9</ele>
    <time>2025-09-30T18:56:04Z</time>
   </trkpt>
   <trkpt lat="48.1212730" lon="17.1176070">
    <ele>137.9</ele>
    <time>2025-09-30T18:56:05Z</time>
   </trkpt>
   <trkpt lat="48.1212730" lon="17.1176070">
    <ele>137.9</ele>
    <time>2025-09-30T18:56:06Z</time>
   </trkpt>
   <trkpt lat="48.1212730" lon="17.1176070">
    <ele>137.9</ele>
    <time>2025-09-30T18:56:07Z</time>
   </trkpt>
   <trkpt lat="48.1212730" lon="17.1176070">
    <ele>137.9</ele>
    <time>2025-09-30T18:56:08Z</time>
   </trkpt>
   <trkpt lat="48.1212750" lon="17.1176050">
    <ele>137.9</ele>
    <time>2025-09-30T18:56:09Z</time>
   </trkpt>
   <trkpt lat="48.1212830" lon="17.1176060">
    <ele>137.9</ele>
    <time>2025-09-30T18:56:10Z</time>
   </trkpt>
   <trkpt lat="48.1212920" lon="17.1176030">
    <ele>137.9</ele>
    <time>2025-09-30T18:56:11Z</time>
   </trkpt>
   <trkpt lat="48.1212980" lon="17.1175920">
    <ele>137.9</ele>
    <time>2025-09-30T18:56:12Z</time>
   </trkpt>
   <trkpt lat="48.1213060" lon="17.1175860">
    <ele>137.9</ele>
    <time>2025-09-30T18:56:13Z</time>
   </trkpt>
   <trkpt lat="48.1213130" lon="17.1175880">
    <ele>137.9</ele>
    <time>2025-09-30T18:56:14Z</time>
   </trkpt>
   <trkpt lat="48.1213220" lon="17.1175870">
    <ele>137.9</ele>
    <time>2025-09-30T18:56:15Z</time>
   </trkpt>
   <trkpt lat="48.1213260" lon="17.1175880">
    <ele>137.9</ele>
    <time>2025-09-30T18:56:16Z</time>
   </trkpt>
   <trkpt lat="48.1213390" lon="17.1175680">
    <ele>137.9</ele>
    <time>2025-09-30T18:56:17Z</time>
   </trkpt>
   <trkpt lat="48.1213480" lon="17.1175640">
    <ele>137.9</ele>
    <time>2025-09-30T18:56:18Z</time>
   </trkpt>
   <trkpt lat="48.1213460" lon="17.1175390">
    <ele>137.9</ele>
    <time>2025-09-30T18:56:19Z</time>
   </trkpt>
   <trkpt lat="48.1213500" lon="17.1175300">
    <ele>137.9</ele>
    <time>2025-09-30T18:56:20Z</time>
   </trkpt>
   <trkpt lat="48.1213560" lon="17.1175180">
    <ele>137.9</ele>
    <time>2025-09-30T18:56:21Z</time>
   </trkpt>
   <trkpt lat="48.1213620" lon="17.1175070">
    <ele>137.9</ele>
    <time>2025-09-30T18:56:22Z</time>
   </trkpt>
   <trkpt lat="48.1213690" lon="17.1174960">
    <ele>137.9</ele>
    <time>2025-09-30T18:56:23Z</time>
   </trkpt>
   <trkpt lat="48.1213790" lon="17.1174870">
    <ele>137.9</ele>
    <time>2025-09-30T18:56:24Z</time>
   </trkpt>
   <trkpt lat="48.1214140" lon="17.1174910">
    <ele>137.9</ele>
    <time>2025-09-30T18:56:25Z</time>
   </trkpt>
   <trkpt lat="48.1214220" lon="17.1174900">
    <ele>137.9</ele>
    <time>2025-09-30T18:56:26Z</time>
   </trkpt>
   <trkpt lat="48.1214330" lon="17.1174860">
    <ele>137.9</ele>
    <time>2025-09-30T18:56:27Z</time>
   </trkpt>
   <trkpt lat="48.1214430" lon="17.1174810">
    <ele>137.9</ele>
    <time>2025-09-30T18:56:28Z</time>
   </trkpt>
   <trkpt lat="48.1214510" lon="17.1174750">
    <ele>137.9</ele>
    <time>2025-09-30T18:56:29Z</time>
   </trkpt>
   <trkpt lat="48.1214590" lon="17.1174730">
    <ele>137.9</ele>
    <time>2025-09-30T18:56:30Z</time>
   </trkpt>
   <trkpt lat="48.1214720" lon="17.1174830">
    <ele>137.9</ele>
    <time>2025-09-30T18:56:31Z</time>
   </trkpt>
   <trkpt lat="48.1214850" lon="17.1174820">
    <ele>137.8</ele>
    <time>2025-09-30T18:56:32Z</time>
   </trkpt>
   <trkpt lat="48.1214990" lon="17.1174780">
    <ele>137.7</ele>
    <time>2025-09-30T18:56:33Z</time>
   </trkpt>
   <trkpt lat="48.1215120" lon="17.1174730">
    <ele>137.7</ele>
    <time>2025-09-30T18:56:34Z</time>
   </trkpt>
   <trkpt lat="48.1215240" lon="17.1174670">
    <ele>137.7</ele>
    <time>2025-09-30T18:56:35Z</time>
   </trkpt>
   <trkpt lat="48.1215360" lon="17.1174710">
    <ele>137.7</ele>
    <time>2025-09-30T18:56:36Z</time>
   </trkpt>
   <trkpt lat="48.1215440" lon="17.1174550">
    <ele>137.7</ele>
    <time>2025-09-30T18:56:37Z</time>
   </trkpt>
   <trkpt lat="48.1215450" lon="17.1174420">
    <ele>137.7</ele>
    <time>2025-09-30T18:56:38Z</time>
   </trkpt>
   <trkpt lat="48.1215470" lon="17.1174360">
    <ele>137.7</ele>
    <time>2025-09-30T18:56:39Z</time>
   </trkpt>
   <trkpt lat="48.1215490" lon="17.1174350">
    <ele>137.7</ele>
    <time>2025-09-30T18:56:40Z</time>
   </trkpt>
   <trkpt lat="48.1215500" lon="17.1174370">
    <ele>137.7</ele>
    <time>2025-09-30T18:56:41Z</time>
   </trkpt>
   <trkpt lat="48.1215510" lon="17.1174370">
    <ele>137.7</ele>
    <time>2025-09-30T18:56:42Z</time>
   </trkpt>
   <trkpt lat="48.1215550" lon="17.1174390">
    <ele>137.7</ele>
    <time>2025-09-30T18:56:43Z</time>
   </trkpt>
   <trkpt lat="48.1215590" lon="17.1174380">
    <ele>137.7</ele>
    <time>2025-09-30T18:56:44Z</time>
   </trkpt>
   <trkpt lat="48.1215670" lon="17.1174400">
    <ele>137.7</ele>
    <time>2025-09-30T18:56:45Z</time>
   </trkpt>
   <trkpt lat="48.1215770" lon="17.1174440">
    <ele>137.7</ele>
    <time>2025-09-30T18:56:46Z</time>
   </trkpt>
   <trkpt lat="48.1215880" lon="17.1174450">
    <ele>137.7</ele>
    <time>2025-09-30T18:56:47Z</time>
   </trkpt>
   <trkpt lat="48.1215980" lon="17.1174460">
    <ele>137.7</ele>
    <time>2025-09-30T18:56:48Z</time>
   </trkpt>
   <trkpt lat="48.1216100" lon="17.1174350">
    <ele>137.7</ele>
    <time>2025-09-30T18:56:49Z</time>
   </trkpt>
   <trkpt lat="48.1216200" lon="17.1174300">
    <ele>137.7</ele>
    <time>2025-09-30T18:56:50Z</time>
   </trkpt>
   <trkpt lat="48.1216230" lon="17.1174290">
    <ele>137.7</ele>
    <time>2025-09-30T18:56:51Z</time>
   </trkpt>
   <trkpt lat="48.1216260" lon="17.1174260">
    <ele>137.7</ele>
    <time>2025-09-30T18:56:52Z</time>
   </trkpt>
   <trkpt lat="48.1216300" lon="17.1174290">
    <ele>137.7</ele>
    <time>2025-09-30T18:56:53Z</time>
   </trkpt>
   <trkpt lat="48.1216350" lon="17.1174320">
    <ele>137.7</ele>
    <time>2025-09-30T18:56:54Z</time>
   </trkpt>
   <trkpt lat="48.1216380" lon="17.1174340">
    <ele>137.7</ele>
    <time>2025-09-30T18:56:55Z</time>
   </trkpt>
   <trkpt lat="48.1216380" lon="17.1174340">
    <ele>137.7</ele>
    <time>2025-09-30T18:56:56Z</time>
   </trkpt>
   <trkpt lat="48.1216420" lon="17.1174360">
    <ele>137.7</ele>
    <time>2025-09-30T18:56:57Z</time>
   </trkpt>
   <trkpt lat="48.1216470" lon="17.1174380">
    <ele>137.7</ele>
    <time>2025-09-30T18:56:58Z</time>
   </trkpt>
   <trkpt lat="48.1216510" lon="17.1174410">
    <ele>137.7</ele>
    <time>2025-09-30T18:56:59Z</time>
   </trkpt>
   <trkpt lat="48.1216480" lon="17.1174430">
    <ele>137.7</ele>
    <time>2025-09-30T18:57:00Z</time>
   </trkpt>
   <trkpt lat="48.1216480" lon="17.1174450">
    <ele>137.7</ele>
    <time>2025-09-30T18:57:01Z</time>
   </trkpt>
   <trkpt lat="48.1216500" lon="17.1174440">
    <ele>137.7</ele>
    <time>2025-09-30T18:57:02Z</time>
   </trkpt>
   <trkpt lat="48.1216510" lon="17.1174460">
    <ele>137.7</ele>
    <time>2025-09-30T18:57:03Z</time>
   </trkpt>
   <trkpt lat="48.1216540" lon="17.1174480">
    <ele>137.8</ele>
    <time>2025-09-30T18:57:04Z</time>
   </trkpt>
   <trkpt lat="48.1216640" lon="17.1174510">
    <ele>137.8</ele>
    <time>2025-09-30T18:57:05Z</time>
   </trkpt>
   <trkpt lat="48.1216730" lon="17.1174540">
    <ele>137.8</ele>
    <time>2025-09-30T18:57:06Z</time>
   </trkpt>
   <trkpt lat="48.1216820" lon="17.1174580">
    <ele>137.8</ele>
    <time>2025-09-30T18:57:07Z</time>
   </trkpt>
   <trkpt lat="48.1216840" lon="17.1174610">
    <ele>137.8</ele>
    <time>2025-09-30T18:57:08Z</time>
   </trkpt>
   <trkpt lat="48.1216850" lon="17.1174630">
    <ele>137.8</ele>
    <time>2025-09-30T18:57:09Z</time>
   </trkpt>
   <trkpt lat="48.1216850" lon="17.1174640">
    <ele>137.8</ele>
    <time>2025-09-30T18:57:10Z</time>
   </trkpt>
   <trkpt lat="48.1216860" lon="17.1174650">
    <ele>137.8</ele>
    <time>2025-09-30T18:57:11Z</time>
   </trkpt>
   <trkpt lat="48.1216870" lon="17.1174660">
    <ele>137.8</ele>
    <time>2025-09-30T18:57:12Z</time>
   </trkpt>
   <trkpt lat="48.1216870" lon="17.1174680">
    <ele>137.8</ele>
    <time>2025-09-30T18:57:13Z</time>
   </trkpt>
   <trkpt lat="48.1216860" lon="17.1174700">
    <ele>137.8</ele>
    <time>2025-09-30T18:57:14Z</time>
   </trkpt>
   <trkpt lat="48.1216860" lon="17.1174710">
    <ele>137.8</ele>
    <time>2025-09-30T18:57:15Z</time>
   </trkpt>
   <trkpt lat="48.1216860" lon="17.1174710">
    <ele>137.8</ele>
    <time>2025-09-30T18:57:16Z</time>
   </trkpt>
   <trkpt lat="48.1216870" lon="17.1174720">
    <ele>137.8</ele>
    <time>2025-09-30T18:57:17Z</time>
   </trkpt>
   <trkpt lat="48.1216860" lon="17.1174730">
    <ele>137.8</ele>
    <time>2025-09-30T18:57:18Z</time>
   </trkpt>
   <trkpt lat="48.1216870" lon="17.1174750">
    <ele>137.8</ele>
    <time>2025-09-30T18:57:19Z</time>
   </trkpt>
   <trkpt lat="48.1216870" lon="17.1174760">
    <ele>137.8</ele>
    <time>2025-09-30T18:57:20Z</time>
   </trkpt>
   <trkpt lat="48.1216840" lon="17.1174780">
    <ele>137.8</ele>
    <time>2025-09-30T18:57:21Z</time>
   </trkpt>
   <trkpt lat="48.1216830" lon="17.1174780">
    <ele>137.8</ele>
    <time>2025-09-30T18:57:22Z</time>
   </trkpt>
   <trkpt lat="48.1216830" lon="17.1174780">
    <ele>137.8</ele>
    <time>2025-09-30T18:57:23Z</time>
   </trkpt>
   <trkpt lat="48.1216830" lon="17.1174780">
    <ele>137.8</ele>
    <time>2025-09-30T18:57:24Z</time>
   </trkpt>
   <trkpt lat="48.1216830" lon="17.1174780">
    <ele>137.8</ele>
    <time>2025-09-30T18:57:25Z</time>
   </trkpt>
   <trkpt lat="48.1216830" lon="17.1174780">
    <ele>137.8</ele>
    <time>2025-09-30T18:57:26Z</time>
   </trkpt>
   <trkpt lat="48.1216830" lon="17.1174780">
    <ele>137.8</ele>
    <time>2025-09-30T18:57:27Z</time>
   </trkpt>
   <trkpt lat="48.1216830" lon="17.1174780">
    <ele>137.8</ele>
    <time>2025-09-30T18:57:28Z</time>
   </trkpt>
   <trkpt lat="48.1216830" lon="17.1174780">
    <ele>137.8</ele>
    <time>2025-09-30T18:57:29Z</time>
   </trkpt>
   <trkpt lat="48.1216830" lon="17.1174780">
    <ele>137.8</ele>
    <time>2025-09-30T18:57:30Z</time>
   </trkpt>
   <trkpt lat="48.1216830" lon="17.1174780">
    <ele>137.8</ele>
    <time>2025-09-30T18:57:31Z</time>
   </trkpt>
   <trkpt lat="48.1216830" lon="17.1174780">
    <ele>137.8</ele>
    <time>2025-09-30T18:57:32Z</time>
   </trkpt>
   <trkpt lat="48.1216830" lon="17.1174780">
    <ele>137.8</ele>
    <time>2025-09-30T18:57:33Z</time>
   </trkpt>
   <trkpt lat="48.1216830" lon="17.1174780">
    <ele>137.8</ele>
    <time>2025-09-30T18:57:34Z</time>
   </trkpt>
   <trkpt lat="48.1216830" lon="17.1174780">
    <ele>137.8</ele>
    <time>2025-09-30T18:57:35Z</time>
   </trkpt>
   <trkpt lat="48.1216830" lon="17.1174780">
    <ele>137.8</ele>
    <time>2025-09-30T18:57:36Z</time>
   </trkpt>
   <trkpt lat="48.1216830" lon="17.1174780">
    <ele>137.8</ele>
    <time>2025-09-30T18:57:37Z</time>
   </trkpt>
   <trkpt lat="48.1216830" lon="17.1174780">
    <ele>137.8</ele>
    <time>2025-09-30T18:57:38Z</time>
   </trkpt>
   <trkpt lat="48.1216970" lon="17.1175040">
    <ele>137.9</ele>
    <time>2025-09-30T18:57:39Z</time>
   </trkpt>
   <trkpt lat="48.1217050" lon="17.1175030">
    <ele>137.9</ele>
    <time>2025-09-30T18:57:40Z</time>
   </trkpt>
   <trkpt lat="48.1217190" lon="17.1175020">
    <ele>137.9</ele>
    <time>2025-09-30T18:57:41Z</time>
   </trkpt>
   <trkpt lat="48.1217330" lon="17.1174980">
    <ele>137.9</ele>
    <time>2025-09-30T18:57:42Z</time>
   </trkpt>
   <trkpt lat="48.1217390" lon="17.1174940">
    <ele>138.0</ele>
    <time>2025-09-30T18:57:43Z</time>
   </trkpt>
   <trkpt lat="48.1217570" lon="17.1174740">
    <ele>138.0</ele>
    <time>2025-09-30T18:57:44Z</time>
   </trkpt>
   <trkpt lat="48.1217740" lon="17.1174560">
    <ele>138.1</ele>
    <time>2025-09-30T18:57:45Z</time>
   </trkpt>
   <trkpt lat="48.1217830" lon="17.1174490">
    <ele>138.1</ele>
    <time>2025-09-30T18:57:46Z</time>
   </trkpt>
   <trkpt lat="48.1217880" lon="17.1174360">
    <ele>138.1</ele>
    <time>2025-09-30T18:57:47Z</time>
   </trkpt>
   <trkpt lat="48.1217940" lon="17.1174220">
    <ele>138.1</ele>
    <time>2025-09-30T18:57:48Z</time>
   </trkpt>
   <trkpt lat="48.1218020" lon="17.1174120">
    <ele>138.1</ele>
    <time>2025-09-30T18:57:49Z</time>
   </trkpt>
   <trkpt lat="48.1218050" lon="17.1174010">
    <ele>138.2</ele>
    <time>2025-09-30T18:57:50Z</time>
   </trkpt>
   <trkpt lat="48.1218080" lon="17.1173970">
    <ele>138.2</ele>
    <time>2025-09-30T18:57:51Z</time>
   </trkpt>
   <trkpt lat="48.1218120" lon="17.1173970">
    <ele>138.2</ele>
    <time>2025-09-30T18:57:52Z</time>
   </trkpt>
   <trkpt lat="48.1218140" lon="17.1173970">
    <ele>138.2</ele>
    <time>2025-09-30T18:57:53Z</time>
   </trkpt>
   <trkpt lat="48.1218150" lon="17.1173960">
    <ele>138.2</ele>
    <time>2025-09-30T18:57:54Z</time>
   </trkpt>
   <trkpt lat="48.1218150" lon="17.1173950">
    <ele>138.2</ele>
    <time>2025-09-30T18:57:55Z</time>
   </trkpt>
   <trkpt lat="48.1218150" lon="17.1173940">
    <ele>138.2</ele>
    <time>2025-09-30T18:57:56Z</time>
   </trkpt>
   <trkpt lat="48.1218200" lon="17.1173860">
    <ele>138.2</ele>
    <time>2025-09-30T18:57:57Z</time>
   </trkpt>
   <trkpt lat="48.1218240" lon="17.1173830">
    <ele>138.2</ele>
    <time>2025-09-30T18:57:58Z</time>
   </trkpt>
   <trkpt lat="48.1218290" lon="17.1173780">
    <ele>138.2</ele>
    <time>2025-09-30T18:57:59Z</time>
   </trkpt>
   <trkpt lat="48.1218410" lon="17.1173710">
    <ele>138.3</ele>
    <time>2025-09-30T18:58:00Z</time>
   </trkpt>
   <trkpt lat="48.1218520" lon="17.1173670">
    <ele>138.3</ele>
    <time>2025-09-30T18:58:01Z</time>
   </trkpt>
   <trkpt lat="48.1218630" lon="17.1173620">
    <ele>138.4</ele>
    <time>2025-09-30T18:58:02Z</time>
   </trkpt>
   <trkpt lat="48.1218770" lon="17.1173730">
    <ele>138.4</ele>
    <time>2025-09-30T18:58:03Z</time>
   </trkpt>
   <trkpt lat="48.1218860" lon="17.1173740">
    <ele>138.4</ele>
    <time>2025-09-30T18:58:04Z</time>
   </trkpt>
   <trkpt lat="48.1218980" lon="17.1173680">
    <ele>138.4</ele>
    <time>2025-09-30T18:58:05Z</time>
   </trkpt>
   <trkpt lat="48.1219050" lon="17.1173630">
    <ele>138.5</ele>
    <time>2025-09-30T18:58:06Z</time>
   </trkpt>
   <trkpt lat="48.1219120" lon="17.1173570">
    <ele>138.5</ele>
    <time>2025-09-30T18:58:07Z</time>
   </trkpt>
   <trkpt lat="48.1219180" lon="17.1173540">
    <ele>138.5</ele>
    <time>2025-09-30T18:58:08Z</time>
   </trkpt>
   <trkpt lat="48.1219250" lon="17.1173500">
    <ele>138.5</ele>
    <time>2025-09-30T18:58:09Z</time>
   </trkpt>
   <trkpt lat="48.1219310" lon="17.1173450">
    <ele>138.5</ele>
    <time>2025-09-30T18:58:10Z</time>
   </trkpt>
   <trkpt lat="48.1219350" lon="17.1173420">
    <ele>138.5</ele>
    <time>2025-09-30T18:58:11Z</time>
   </trkpt>
   <trkpt lat="48.1219390" lon="17.1173390">
    <ele>138.5</ele>
    <time>2025-09-30T18:58:12Z</time>
   </trkpt>
   <trkpt lat="48.1219510" lon="17.1173260">
    <ele>138.5</ele>
    <time>2025-09-30T18:58:13Z</time>
   </trkpt>
   <trkpt lat="48.1219590" lon="17.1173190">
    <ele>138.6</ele>
    <time>2025-09-30T18:58:14Z</time>
   </trkpt>
   <trkpt lat="48.1219670" lon="17.1173140">
    <ele>138.6</ele>
    <time>2025-09-30T18:58:15Z</time>
   </trkpt>
   <trkpt lat="48.1219790" lon="17.1173060">
    <ele>138.6</ele>
    <time>2025-09-30T18:58:16Z</time>
   </trkpt>
   <trkpt lat="48.1219900" lon="17.1173030">
    <ele>138.6</ele>
    <time>2025-09-30T18:58:17Z</time>
   </trkpt>
   <trkpt lat="48.1220010" lon="17.1172990">
    <ele>138.6</ele>
    <time>2025-09-30T18:58:18Z</time>
   </trkpt>
   <trkpt lat="48.1220110" lon="17.1172920">
    <ele>138.6</ele>
    <time>2025-09-30T18:58:19Z</time>
   </trkpt>
   <trkpt lat="48.1220220" lon="17.1172830">
    <ele>138.7</ele>
    <time>2025-09-30T18:58:20Z</time>
   </trkpt>
   <trkpt lat="48.1220320" lon="17.1172740">
    <ele>138.7</ele>
    <time>2025-09-30T18:58:21Z</time>
   </trkpt>
   <trkpt lat="48.1220410" lon="17.1172680">
    <ele>138.7</ele>
    <time>2025-09-30T18:58:22Z</time>
   </trkpt>
   <trkpt lat="48.1220500" lon="17.1172620">
    <ele>138.7</ele>
    <time>2025-09-30T18:58:23Z</time>
   </trkpt>
   <trkpt lat="48.1220590" lon="17.1172540">
    <ele>138.7</ele>
    <time>2025-09-30T18:58:24Z</time>
   </trkpt>
   <trkpt lat="48.1220750" lon="17.1172370">
    <ele>138.7</ele>
    <time>2025-09-30T18:58:25Z</time>
   </trkpt>
   <trkpt lat="48.1220830" lon="17.1172300">
    <ele>138.7</ele>
    <time>2025-09-30T18:58:26Z</time>
   </trkpt>
   <trkpt lat="48.1220900" lon="17.1172230">
    <ele>138.7</ele>
    <time>2025-09-30T18:58:27Z</time>
   </trkpt>
   <trkpt lat="48.1221000" lon="17.1172140">
    <ele>138.7</ele>
    <time>2025-09-30T18:58:28Z</time>
   </trkpt>
   <trkpt lat="48.1221100" lon="17.1172060">
    <ele>138.7</ele>
    <time>2025-09-30T18:58:29Z</time>
   </trkpt>
   <trkpt lat="48.1221200" lon="17.1172000">
    <ele>138.7</ele>
    <time>2025-09-30T18:58:30Z</time>
   </trkpt>
   <trkpt lat="48.1221280" lon="17.1172020">
    <ele>138.7</ele>
    <time>2025-09-30T18:58:31Z</time>
   </trkpt>
   <trkpt lat="48.1221370" lon="17.1172040">
    <ele>138.7</ele>
    <time>2025-09-30T18:58:32Z</time>
   </trkpt>
   <trkpt lat="48.1221410" lon="17.1172080">
    <ele>138.7</ele>
    <time>2025-09-30T18:58:33Z</time>
   </trkpt>
   <trkpt lat="48.1221420" lon="17.1172130">
    <ele>138.7</ele>
    <time>2025-09-30T18:58:34Z</time>
   </trkpt>
   <trkpt lat="48.1221420" lon="17.1172170">
    <ele>138.7</ele>
    <time>2025-09-30T18:58:35Z</time>
   </trkpt>
   <trkpt lat="48.1221420" lon="17.1172190">
    <ele>138.7</ele>
    <time>2025-09-30T18:58:36Z</time>
   </trkpt>
   <trkpt lat="48.1221420" lon="17.1172200">
    <ele>138.7</ele>
    <time>2025-09-30T18:58:37Z</time>
   </trkpt>
   <trkpt lat="48.1221430" lon="17.1172220">
    <ele>138.7</ele>
    <time>2025-09-30T18:58:38Z</time>
   </trkpt>
   <trkpt lat="48.1221440" lon="17.1172250">
    <ele>138.7</ele>
    <time>2025-09-30T18:58:39Z</time>
   </trkpt>
   <trkpt lat="48.1221460" lon="17.1172280">
    <ele>138.7</ele>
    <time>2025-09-30T18:58:40Z</time>
   </trkpt>
   <trkpt lat="48.1221520" lon="17.1172270">
    <ele>138.7</ele>
    <time>2025-09-30T18:58:41Z</time>
   </trkpt>
   <trkpt lat="48.1221590" lon="17.1172200">
    <ele>138.7</ele>
    <time>2025-09-30T18:58:42Z</time>
   </trkpt>
   <trkpt lat="48.1221680" lon="17.1172110">
    <ele>138.7</ele>
    <time>2025-09-30T18:58:43Z</time>
   </trkpt>
   <trkpt lat="48.1221760" lon="17.1172030">
    <ele>138.7</ele>
    <time>2025-09-30T18:58:44Z</time>
   </trkpt>
   <trkpt lat="48.1221860" lon="17.1171970">
    <ele>138.7</ele>
    <time>2025-09-30T18:58:45Z</time>
   </trkpt>
   <trkpt lat="48.1221940" lon="17.1172000">
    <ele>138.7</ele>
    <time>2025-09-30T18:58:46Z</time>
   </trkpt>
   <trkpt lat="48.1222000" lon="17.1171890">
    <ele>138.7</ele>
    <time>2025-09-30T18:58:47Z</time>
   </trkpt>
   <trkpt lat="48.1222010" lon="17.1171650">
    <ele>138.7</ele>
    <time>2025-09-30T18:58:48Z</time>
   </trkpt>
   <trkpt lat="48.1222030" lon="17.1171620">
    <ele>138.7</ele>
    <time>2025-09-30T18:58:49Z</time>
   </trkpt>
   <trkpt lat="48.1222050" lon="17.1171630">
    <ele>138.7</ele>
    <time>2025-09-30T18:58:50Z</time>
   </trkpt>
   <trkpt lat="48.1222020" lon="17.1171620">
    <ele>138.7</ele>
    <time>2025-09-30T18:58:51Z</time>
   </trkpt>
   <trkpt lat="48.1222010" lon="17.1171650">
    <ele>138.7</ele>
    <time>2025-09-30T18:58:52Z</time>
   </trkpt>
   <trkpt lat="48.1222010" lon="17.1171680">
    <ele>138.7</ele>
    <time>2025-09-30T18:58:53Z</time>
   </trkpt>
   <trkpt lat="48.1222020" lon="17.1171690">
    <ele>138.7</ele>
    <time>2025-09-30T18:58:54Z</time>
   </trkpt>
   <trkpt lat="48.1222030" lon="17.1171710">
    <ele>138.7</ele>
    <time>2025-09-30T18:58:55Z</time>
   </trkpt>
   <trkpt lat="48.1222050" lon="17.1171720">
    <ele>138.7</ele>
    <time>2025-09-30T18:58:56Z</time>
   </trkpt>
   <trkpt lat="48.1222080" lon="17.1171710">
    <ele>138.7</ele>
    <time>2025-09-30T18:58:57Z</time>
   </trkpt>
   <trkpt lat="48.1222120" lon="17.1171650">
    <ele>138.7</ele>
    <time>2025-09-30T18:58:58Z</time>
   </trkpt>
   <trkpt lat="48.1222160" lon="17.1171530">
    <ele>138.7</ele>
    <time>2025-09-30T18:58:59Z</time>
   </trkpt>
   <trkpt lat="48.1222250" lon="17.1171380">
    <ele>138.7</ele>
    <time>2025-09-30T18:59:00Z</time>
   </trkpt>
   <trkpt lat="48.1222350" lon="17.1171290">
    <ele>138.7</ele>
    <time>2025-09-30T18:59:01Z</time>
   </trkpt>
   <trkpt lat="48.1222440" lon="17.1171250">
    <ele>138.7</ele>
    <time>2025-09-30T18:59:02Z</time>
   </trkpt>
   <trkpt lat="48.1222560" lon="17.1171290">
    <ele>138.7</ele>
    <time>2025-09-30T18:59:03Z</time>
   </trkpt>
   <trkpt lat="48.1222640" lon="17.1171340">
    <ele>138.7</ele>
    <time>2025-09-30T18:59:04Z</time>
   </trkpt>
   <trkpt lat="48.1222730" lon="17.1171500">
    <ele>138.6</ele>
    <time>2025-09-30T18:59:05Z</time>
   </trkpt>
   <trkpt lat="48.1222780" lon="17.1171630">
    <ele>138.6</ele>
    <time>2025-09-30T18:59:06Z</time>
   </trkpt>
   <trkpt lat="48.1222820" lon="17.1171700">
    <ele>138.6</ele>
    <time>2025-09-30T18:59:07Z</time>
   </trkpt>
   <trkpt lat="48.1222860" lon="17.1171800">
    <ele>138.6</ele>
    <time>2025-09-30T18:59:08Z</time>
   </trkpt>
   <trkpt lat="48.1222890" lon="17.1171890">
    <ele>138.6</ele>
    <time>2025-09-30T18:59:09Z</time>
   </trkpt>
   <trkpt lat="48.1222910" lon="17.1171950">
    <ele>138.6</ele>
    <time>2025-09-30T18:59:10Z</time>
   </trkpt>
   <trkpt lat="48.1222930" lon="17.1172010">
    <ele>138.6</ele>
    <time>2025-09-30T18:59:11Z</time>
   </trkpt>
   <trkpt lat="48.1222950" lon="17.1172080">
    <ele>138.6</ele>
    <time>2025-09-30T18:59:12Z</time>
   </trkpt>
   <trkpt lat="48.1222970" lon="17.1172120">
    <ele>138.6</ele>
    <time>2025-09-30T18:59:13Z</time>
   </trkpt>
   <trkpt lat="48.1222980" lon="17.1172150">
    <ele>138.6</ele>
    <time>2025-09-30T18:59:14Z</time>
   </trkpt>
   <trkpt lat="48.1223000" lon="17.1172180">
    <ele>138.6</ele>
    <time>2025-09-30T18:59:15Z</time>
   </trkpt>
   <trkpt lat="48.1223010" lon="17.1172220">
    <ele>138.6</ele>
    <time>2025-09-30T18:59:16Z</time>
   </trkpt>
   <trkpt lat="48.1223030" lon="17.1172250">
    <ele>138.6</ele>
    <time>2025-09-30T18:59:17Z</time>
   </trkpt>
   <trkpt lat="48.1223040" lon="17.1172280">
    <ele>138.6</ele>
    <time>2025-09-30T18:59:18Z</time>
   </trkpt>
   <trkpt lat="48.1223060" lon="17.1172310">
    <ele>138.6</ele>
    <time>2025-09-30T18:59:19Z</time>
   </trkpt>
   <trkpt lat="48.1223070" lon="17.1172350">
    <ele>138.6</ele>
    <time>2025-09-30T18:59:20Z</time>
   </trkpt>
   <trkpt lat="48.1223080" lon="17.1172380">
    <ele>138.6</ele>
    <time>2025-09-30T18:59:21Z</time>
   </trkpt>
   <trkpt lat="48.1223100" lon="17.1172410">
    <ele>138.6</ele>
    <time>2025-09-30T18:59:22Z</time>
   </trkpt>
   <trkpt lat="48.1223110" lon="17.1172450">
    <ele>138.6</ele>
    <time>2025-09-30T18:59:23Z</time>
   </trkpt>
   <trkpt lat="48.1223130" lon="17.1172480">
    <ele>138.6</ele>
    <time>2025-09-30T18:59:24Z</time>
   </trkpt>
   <trkpt lat="48.1223140" lon="17.1172510">
    <ele>138.6</ele>
    <time>2025-09-30T18:59:25Z</time>
   </trkpt>
   <trkpt lat="48.1223160" lon="17.1172550">
    <ele>138.6</ele>
    <time>2025-09-30T18:59:26Z</time>
   </trkpt>
   <trkpt lat="48.1223170" lon="17.1172580">
    <ele>138.6</ele>
    <time>2025-09-30T18:59:27Z</time>
   </trkpt>
   <trkpt lat="48.1223170" lon="17.1172580">
    <ele>138.6</ele>
    <time>2025-09-30T18:59:28Z</time>
   </trkpt>
   <trkpt lat="48.1223200" lon="17.1172620">
    <ele>138.6</ele>
    <time>2025-09-30T18:59:29Z</time>
   </trkpt>
   <trkpt lat="48.1223260" lon="17.1172650">
    <ele>138.6</ele>
    <time>2025-09-30T18:59:30Z</time>
   </trkpt>
   <trkpt lat="48.1223310" lon="17.1172650">
    <ele>138.6</ele>
    <time>2025-09-30T18:59:31Z</time>
   </trkpt>
   <trkpt lat="48.1223320" lon="17.1172650">
    <ele>138.6</ele>
    <time>2025-09-30T18:59:32Z</time>
   </trkpt>
   <trkpt lat="48.1223340" lon="17.1172710">
    <ele>138.6</ele>
    <time>2025-09-30T18:59:33Z</time>
   </trkpt>
   <trkpt lat="48.1223370" lon="17.1172750">
    <ele>138.6</ele>
    <time>2025-09-30T18:59:34Z</time>
   </trkpt>
   <trkpt lat="48.1223370" lon="17.1172750">
    <ele>138.6</ele>
    <time>2025-09-30T18:59:35Z</time>
   </trkpt>
   <trkpt lat="48.1223370" lon="17.1172750">
    <ele>138.6</ele>
    <time>2025-09-30T18:59:36Z</time>
   </trkpt>
   <trkpt lat="48.1223370" lon="17.1172750">
    <ele>138.6</ele>
    <time>2025-09-30T18:59:37Z</time>
   </trkpt>
   <trkpt lat="48.1223370" lon="17.1172750">
    <ele>138.6</ele>
    <time>2025-09-30T18:59:38Z</time>
   </trkpt>
   <trkpt lat="48.1223370" lon="17.1172750">
    <ele>138.6</ele>
    <time>2025-09-30T18:59:39Z</time>
   </trkpt>
   <trkpt lat="48.1223370" lon="17.1172750">
    <ele>138.6</ele>
    <time>2025-09-30T18:59:40Z</time>
   </trkpt>
   <trkpt lat="48.1223370" lon="17.1172750">
    <ele>138.6</ele>
    <time>2025-09-30T18:59:41Z</time>
   </trkpt>
   <trkpt lat="48.1223370" lon="17.1172750">
    <ele>138.6</ele>
    <time>2025-09-30T18:59:42Z</time>
   </trkpt>
   <trkpt lat="48.1223370" lon="17.1172750">
    <ele>138.6</ele>
    <time>2025-09-30T18:59:43Z</time>
   </trkpt>
   <trkpt lat="48.1223370" lon="17.1172750">
    <ele>138.6</ele>
    <time>2025-09-30T18:59:44Z</time>
   </trkpt>
   <trkpt lat="48.1223370" lon="17.1172750">
    <ele>138.6</ele>
    <time>2025-09-30T18:59:45Z</time>
   </trkpt>
   <trkpt lat="48.1223370" lon="17.1172750">
    <ele>138.6</ele>
    <time>2025-09-30T18:59:46Z</time>
   </trkpt>
   <trkpt lat="48.1223370" lon="17.1172750">
    <ele>138.6</ele>
    <time>2025-09-30T18:59:47Z</time>
   </trkpt>
   <trkpt lat="48.1223370" lon="17.1172750">
    <ele>138.6</ele>
    <time>2025-09-30T18:59:48Z</time>
   </trkpt>
   <trkpt lat="48.1223370" lon="17.1172750">
    <ele>138.6</ele>
    <time>2025-09-30T18:59:49Z</time>
   </trkpt>
   <trkpt lat="48.1223370" lon="17.1172750">
    <ele>138.6</ele>
    <time>2025-09-30T18:59:50Z</time>
   </trkpt>
   <trkpt lat="48.1223460" lon="17.1172660">
    <ele>138.6</ele>
    <time>2025-09-30T18:59:51Z</time>
   </trkpt>
   <trkpt lat="48.1223580" lon="17.1172630">
    <ele>138.5</ele>
    <time>2025-09-30T18:59:52Z</time>
   </trkpt>
   <trkpt lat="48.1223720" lon="17.1172620">
    <ele>138.5</ele>
    <time>2025-09-30T18:59:53Z</time>
   </trkpt>
   <trkpt lat="48.1223570" lon="17.1172620">
    <ele>138.5</ele>
    <time>2025-09-30T18:59:54Z</time>
   </trkpt>
   <trkpt lat="48.1223660" lon="17.1172630">
    <ele>138.5</ele>
    <time>2025-09-30T18:59:55Z</time>
   </trkpt>
   <trkpt lat="48.1223780" lon="17.1172650">
    <ele>138.5</ele>
    <time>2025-09-30T18:59:56Z</time>
   </trkpt>
   <trkpt lat="48.1224010" lon="17.1172650">
    <ele>138.5</ele>
    <time>2025-09-30T18:59:57Z</time>
   </trkpt>
   <trkpt lat="48.1224110" lon="17.1172660">
    <ele>138.5</ele>
    <time>2025-09-30T18:59:58Z</time>
   </trkpt>
   <trkpt lat="48.1224210" lon="17.1172660">
    <ele>138.5</ele>
    <time>2025-09-30T18:59:59Z</time>
   </trkpt>
   <trkpt lat="48.1224490" lon="17.1172610">
    <ele>138.5</ele>
    <time>2025-09-30T19:00:00Z</time>
   </trkpt>
   <trkpt lat="48.1224590" lon="17.1172580">
    <ele>138.5</ele>
    <time>2025-09-30T19:00:01Z</time>
   </trkpt>
   <trkpt lat="48.1224680" lon="17.1172580">
    <ele>138.5</ele>
    <time>2025-09-30T19:00:02Z</time>
   </trkpt>
   <trkpt lat="48.1224850" lon="17.1172450">
    <ele>138.5</ele>
    <time>2025-09-30T19:00:03Z</time>
   </trkpt>
   <trkpt lat="48.1224970" lon="17.1172450">
    <ele>138.5</ele>
    <time>2025-09-30T19:00:04Z</time>
   </trkpt>
   <trkpt lat="48.1225130" lon="17.1172470">
    <ele>138.4</ele>
    <time>2025-09-30T19:00:05Z</time>
   </trkpt>
   <trkpt lat="48.1225330" lon="17.1172400">
    <ele>138.4</ele>
    <time>2025-09-30T19:00:06Z</time>
   </trkpt>
   <trkpt lat="48.1225400" lon="17.1172360">
    <ele>138.4</ele>
    <time>2025-09-30T19:00:07Z</time>
   </trkpt>
   <trkpt lat="48.1225480" lon="17.1172330">
    <ele>138.4</ele>
    <time>2025-09-30T19:00:08Z</time>
   </trkpt>
   <trkpt lat="48.1225540" lon="17.1172290">
    <ele>138.4</ele>
    <time>2025-09-30T19:00:09Z</time>
   </trkpt>
   <trkpt lat="48.1225580" lon="17.1172260">
    <ele>138.4</ele>
    <time>2025-09-30T19:00:10Z</time>
   </trkpt>
   <trkpt lat="48.1225610" lon="17.1172220">
    <ele>138.4</ele>
    <time>2025-09-30T19:00:11Z</time>
   </trkpt>
   <trkpt lat="48.1225640" lon="17.1172200">
    <ele>138.4</ele>
    <time>2025-09-30T19:00:12Z</time>
   </trkpt>
   <trkpt lat="48.1225670" lon="17.1172190">
    <ele>138.4</ele>
    <time>2025-09-30T19:00:13Z</time>
   </trkpt>
   <trkpt lat="48.1225710" lon="17.1172190">
    <ele>138.4</ele>
    <time>2025-09-30T19:00:14Z</time>
   </trkpt>
   <trkpt lat="48.1225750" lon="17.1172190">
    <ele>138.4</ele>
    <time>2025-09-30T19:00:15Z</time>
   </trkpt>
   <trkpt lat="48.1225780" lon="17.1172200">
    <ele>138.4</ele>
    <time>2025-09-30T19:00:16Z</time>
   </trkpt>
   <trkpt lat="48.1225800" lon="17.1172200">
    <ele>138.4</ele>
    <time>2025-09-30T19:00:17Z</time>
   </trkpt>
   <trkpt lat="48.1225810" lon="17.1172200">
    <ele>138.4</ele>
    <time>2025-09-30T19:00:18Z</time>
   </trkpt>
   <trkpt lat="48.1225810" lon="17.1172190">
    <ele>138.4</ele>
    <time>2025-09-30T19:00:19Z</time>
   </trkpt>
   <trkpt lat="48.1225820" lon="17.1172190">
    <ele>138.4</ele>
    <time>2025-09-30T19:00:20Z</time>
   </trkpt>
   <trkpt lat="48.1225840" lon="17.1172180">
    <ele>138.4</ele>
    <time>2025-09-30T19:00:21Z</time>
   </trkpt>
   <trkpt lat="48.1225840" lon="17.1172170">
    <ele>138.4</ele>
    <time>2025-09-30T19:00:22Z</time>
   </trkpt>
   <trkpt lat="48.1225850" lon="17.1172170">
    <ele>138.4</ele>
    <time>2025-09-30T19:00:23Z</time>
   </trkpt>
   <trkpt lat="48.1225850" lon="17.1172160">
    <ele>138.4</ele>
    <time>2025-09-30T19:00:24Z</time>
   </trkpt>
   <trkpt lat="48.1225870" lon="17.1172160">
    <ele>138.4</ele>
    <time>2025-09-30T19:00:25Z</time>
   </trkpt>
   <trkpt lat="48.1225870" lon="17.1172160">
    <ele>138.4</ele>
    <time>2025-09-30T19:00:26Z</time>
   </trkpt>
   <trkpt lat="48.1225880" lon="17.1172150">
    <ele>138.4</ele>
    <time>2025-09-30T19:00:27Z</time>
   </trkpt>
   <trkpt lat="48.1225920" lon="17.1172090">
    <ele>138.4</ele>
    <time>2025-09-30T19:00:28Z</time>
   </trkpt>
   <trkpt lat="48.1225930" lon="17.1172070">
    <ele>138.4</ele>
    <time>2025-09-30T19:00:29Z</time>
   </trkpt>
   <trkpt lat="48.1225930" lon="17.1172070">
    <ele>138.4</ele>
    <time>2025-09-30T19:00:30Z</time>
   </trkpt>
   <trkpt lat="48.1225930" lon="17.1172070">
    <ele>138.4</ele>
    <time>2025-09-30T19:00:31Z</time>
   </trkpt>
   <trkpt lat="48.1225930" lon="17.1172060">
    <ele>138.4</ele>
    <time>2025-09-30T19:00:32Z</time>
   </trkpt>
   <trkpt lat="48.1225930" lon="17.1172060">
    <ele>138.4</ele>
    <time>2025-09-30T19:00:33Z</time>
   </trkpt>
   <trkpt lat="48.1225900" lon="17.1171930">
    <ele>138.4</ele>
    <time>2025-09-30T19:00:34Z</time>
   </trkpt>
   <trkpt lat="48.1225910" lon="17.1171830">
    <ele>138.4</ele>
    <time>2025-09-30T19:00:35Z</time>
   </trkpt>
   <trkpt lat="48.1225920" lon="17.1171800">
    <ele>138.4</ele>
    <time>2025-09-30T19:00:36Z</time>
   </trkpt>
   <trkpt lat="48.1225920" lon="17.1171780">
    <ele>138.4</ele>
    <time>2025-09-30T19:00:37Z</time>
   </trkpt>
   <trkpt lat="48.1225950" lon="17.1171760">
    <ele>138.4</ele>
    <time>2025-09-30T19:00:38Z</time>
   </trkpt>
   <trkpt lat="48.1225980" lon="17.1171640">
    <ele>138.4</ele>
    <time>2025-09-30T19:00:39Z</time>
   </trkpt>
   <trkpt lat="48.1226030" lon="17.1171390">
    <ele>138.4</ele>
    <time>2025-09-30T19:00:40Z</time>
   </trkpt>
   <trkpt lat="48.1226050" lon="17.1171850">
    <ele>138.4</ele>
    <time>2025-09-30T19:00:41Z</time>
   </trkpt>
   <trkpt lat="48.1226150" lon="17.1171860">
    <ele>138.4</ele>
    <time>2025-09-30T19:00:42Z</time>
   </trkpt>
   <trkpt lat="48.1226190" lon="17.1171700">
    <ele>138.4</ele>
    <time>2025-09-30T19:00:43Z</time>
   </trkpt>
   <trkpt lat="48.1226230" lon="17.1171410">
    <ele>138.4</ele>
    <time>2025-09-30T19:00:44Z</time>
   </trkpt>
   <trkpt lat="48.1226300" lon="17.1171210">
    <ele>138.4</ele>
    <time>2025-09-30T19:00:45Z</time>
   </trkpt>
   <trkpt lat="48.1226310" lon="17.1171000">
    <ele>138.3</ele>
    <time>2025-09-30T19:00:46Z</time>
   </trkpt>
   <trkpt lat="48.1226360" lon="17.1170840">
    <ele>138.3</ele>
    <time>2025-09-30T19:00:47Z</time>
   </trkpt>
   <trkpt lat="48.1226430" lon="17.1170700">
    <ele>138.3</ele>
    <time>2025-09-30T19:00:48Z</time>
   </trkpt>
   <trkpt lat="48.1226530" lon="17.1170570">
    <ele>138.3</ele>
    <time>2025-09-30T19:00:49Z</time>
   </trkpt>
   <trkpt lat="48.1226690" lon="17.1170390">
    <ele>138.3</ele>
    <time>2025-09-30T19:00:50Z</time>
   </trkpt>
   <trkpt lat="48.1226790" lon="17.1170330">
    <ele>138.3</ele>
    <time>2025-09-30T19:00:51Z</time>
   </trkpt>
   <trkpt lat="48.1226880" lon="17.1170280">
    <ele>138.3</ele>
    <time>2025-09-30T19:00:52Z</time>
   </trkpt>
   <trkpt lat="48.1227030" lon="17.1170220">
    <ele>138.3</ele>
    <time>2025-09-30T19:00:53Z</time>
   </trkpt>
   <trkpt lat="48.1227140" lon="17.1170100">
    <ele>138.3</ele>
    <time>2025-09-30T19:00:54Z</time>
   </trkpt>
   <trkpt lat="48.1227230" lon="17.1169910">
    <ele>138.3</ele>
    <time>2025-09-30T19:00:55Z</time>
   </trkpt>
   <trkpt lat="48.1227310" lon="17.1169670">
    <ele>138.2</ele>
    <time>2025-09-30T19:00:56Z</time>
   </trkpt>
   <trkpt lat="48.1227320" lon="17.1169220">
    <ele>138.2</ele>
    <time>2025-09-30T19:00:57Z</time>
   </trkpt>
   <trkpt lat="48.1227300" lon="17.1169020">
    <ele>138.2</ele>
    <time>2025-09-30T19:00:58Z</time>
   </trkpt>
   <trkpt lat="48.1227230" lon="17.1168510">
    <ele>138.1</ele>
    <time>2025-09-30T19:00:59Z</time>
   </trkpt>
   <trkpt lat="48.1227210" lon="17.1168360">
    <ele>138.2</ele>
    <time>2025-09-30T19:01:00Z</time>
   </trkpt>
   <trkpt lat="48.1227190" lon="17.1167960">
    <ele>138.1</ele>
    <time>2025-09-30T19:01:01Z</time>
   </trkpt>
   <trkpt lat="48.1227190" lon="17.1167800">
    <ele>138.1</ele>
    <time>2025-09-30T19:01:02Z</time>
   </trkpt>
   <trkpt lat="48.1227220" lon="17.1167400">
    <ele>138.0</ele>
    <time>2025-09-30T19:01:03Z</time>
   </trkpt>
   <trkpt lat="48.1227220" lon="17.1166980">
    <ele>137.8</ele>
    <time>2025-09-30T19:01:04Z</time>
   </trkpt>
   <trkpt lat="48.1227210" lon="17.1166840">
    <ele>137.9</ele>
    <time>2025-09-30T19:01:05Z</time>
   </trkpt>
   <trkpt lat="48.1227180" lon="17.1166570">
    <ele>138.0</ele>
    <time>2025-09-30T19:01:06Z</time>
   </trkpt>
   <trkpt lat="48.1227140" lon="17.1166340">
    <ele>137.9</ele>
    <time>2025-09-30T19:01:07Z</time>
   </trkpt>
   <trkpt lat="48.1227090" lon="17.1165850">
    <ele>137.8</ele>
    <time>2025-09-30T19:01:08Z</time>
   </trkpt>
   <trkpt lat="48.1227070" lon="17.1165710">
    <ele>137.9</ele>
    <time>2025-09-30T19:01:09Z</time>
   </trkpt>
   <trkpt lat="48.1227010" lon="17.1165450">
    <ele>137.8</ele>
    <time>2025-09-30T19:01:10Z</time>
   </trkpt>
   <trkpt lat="48.1226970" lon="17.1165200">
    <ele>137.7</ele>
    <time>2025-09-30T19:01:11Z</time>
   </trkpt>
   <trkpt lat="48.1226940" lon="17.1164800">
    <ele>137.6</ele>
    <time>2025-09-30T19:01:12Z</time>
   </trkpt>
   <trkpt lat="48.1226920" lon="17.1164600">
    <ele>137.7</ele>
    <time>2025-09-30T19:01:13Z</time>
   </trkpt>
   <trkpt lat="48.1226900" lon="17.1164450">
    <ele>137.8</ele>
    <time>2025-09-30T19:01:14Z</time>
   </trkpt>
   <trkpt lat="48.1226830" lon="17.1164100">
    <ele>137.7</ele>
    <time>2025-09-30T19:01:15Z</time>
   </trkpt>
   <trkpt lat="48.1226780" lon="17.1163640">
    <ele>137.7</ele>
    <time>2025-09-30T19:01:16Z</time>
   </trkpt>
   <trkpt lat="48.1226770" lon="17.1163500">
    <ele>137.6</ele>
    <time>2025-09-30T19:01:17Z</time>
   </trkpt>
   <trkpt lat="48.1226810" lon="17.1163230">
    <ele>137.7</ele>
    <time>2025-09-30T19:01:18Z</time>
   </trkpt>
   <trkpt lat="48.1226940" lon="17.1163110">
    <ele>137.7</ele>
    <time>2025-09-30T19:01:19Z</time>
   </trkpt>
   <trkpt lat="48.1227100" lon="17.1163140">
    <ele>137.7</ele>
    <time>2025-09-30T19:01:20Z</time>
   </trkpt>
   <trkpt lat="48.1227220" lon="17.1163170">
    <ele>137.7</ele>
    <time>2025-09-30T19:01:21Z</time>
   </trkpt>
   <trkpt lat="48.1227330" lon="17.1163220">
    <ele>137.7</ele>
    <time>2025-09-30T19:01:22Z</time>
   </trkpt>
   <trkpt lat="48.1227450" lon="17.1163230">
    <ele>137.7</ele>
    <time>2025-09-30T19:01:23Z</time>
   </trkpt>
   <trkpt lat="48.1227560" lon="17.1163220">
    <ele>137.7</ele>
    <time>2025-09-30T19:01:24Z</time>
   </trkpt>
   <trkpt lat="48.1227670" lon="17.1163300">
    <ele>137.7</ele>
    <time>2025-09-30T19:01:25Z</time>
   </trkpt>
   <trkpt lat="48.1227750" lon="17.1163400">
    <ele>137.7</ele>
    <time>2025-09-30T19:01:26Z</time>
   </trkpt>
   <trkpt lat="48.1227830" lon="17.1163480">
    <ele>137.7</ele>
    <time>2025-09-30T19:01:27Z</time>
   </trkpt>
   <trkpt lat="48.1227900" lon="17.1163570">
    <ele>137.7</ele>
    <time>2025-09-30T19:01:28Z</time>
   </trkpt>
   <trkpt lat="48.1227990" lon="17.1163640">
    <ele>137.7</ele>
    <time>2025-09-30T19:01:29Z</time>
   </trkpt>
   <trkpt lat="48.1228090" lon="17.1163700">
    <ele>137.7</ele>
    <time>2025-09-30T19:01:30Z</time>
   </trkpt>
   <trkpt lat="48.1228190" lon="17.1163780">
    <ele>137.7</ele>
    <time>2025-09-30T19:01:31Z</time>
   </trkpt>
   <trkpt lat="48.1228270" lon="17.1163850">
    <ele>137.7</ele>
    <time>2025-09-30T19:01:32Z</time>
   </trkpt>
   <trkpt lat="48.1228320" lon="17.1163900">
    <ele>137.7</ele>
    <time>2025-09-30T19:01:33Z</time>
   </trkpt>
   <trkpt lat="48.1228300" lon="17.1163960">
    <ele>137.7</ele>
    <time>2025-09-30T19:01:34Z</time>
   </trkpt>
   <trkpt lat="48.1228270" lon="17.1163990">
    <ele>137.7</ele>
    <time>2025-09-30T19:01:35Z</time>
   </trkpt>
   <trkpt lat="48.1228220" lon="17.1163960">
    <ele>137.7</ele>
    <time>2025-09-30T19:01:36Z</time>
   </trkpt>
   <trkpt lat="48.1228180" lon="17.1163930">
    <ele>137.7</ele>
    <time>2025-09-30T19:01:37Z</time>
   </trkpt>
   <trkpt lat="48.1228180" lon="17.1163920">
    <ele>137.7</ele>
    <time>2025-09-30T19:01:38Z</time>
   </trkpt>
   <trkpt lat="48.1228140" lon="17.1163930">
    <ele>137.7</ele>
    <time>2025-09-30T19:01:39Z</time>
   </trkpt>
   <trkpt lat="48.1228140" lon="17.1163920">
    <ele>137.7</ele>
    <time>2025-09-30T19:01:40Z</time>
   </trkpt>
   <trkpt lat="48.1228130" lon="17.1163910">
    <ele>137.7</ele>
    <time>2025-09-30T19:01:41Z</time>
   </trkpt>
   <trkpt lat="48.1228120" lon="17.1163900">
    <ele>137.7</ele>
    <time>2025-09-30T19:01:42Z</time>
   </trkpt>
   <trkpt lat="48.1228120" lon="17.1163900">
    <ele>137.7</ele>
    <time>2025-09-30T19:01:43Z</time>
   </trkpt>
   <trkpt lat="48.1228110" lon="17.1163900">
    <ele>137.7</ele>
    <time>2025-09-30T19:01:44Z</time>
   </trkpt>
   <trkpt lat="48.1228110" lon="17.1163900">
    <ele>137.7</ele>
    <time>2025-09-30T19:01:45Z</time>
   </trkpt>
   <trkpt lat="48.1228090" lon="17.1163900">
    <ele>137.7</ele>
    <time>2025-09-30T19:01:46Z</time>
   </trkpt>
   <trkpt lat="48.1228070" lon="17.1163890">
    <ele>137.7</ele>
    <time>2025-09-30T19:01:47Z</time>
   </trkpt>
   <trkpt lat="48.1228070" lon="17.1163890">
    <ele>137.7</ele>
    <time>2025-09-30T19:01:48Z</time>
   </trkpt>
   <trkpt lat="48.1228040" lon="17.1163890">
    <ele>137.7</ele>
    <time>2025-09-30T19:01:49Z</time>
   </trkpt>
   <trkpt lat="48.1228020" lon="17.1163860">
    <ele>137.7</ele>
    <time>2025-09-30T19:01:50Z</time>
   </trkpt>
   <trkpt lat="48.1228000" lon="17.1163850">
    <ele>137.7</ele>
    <time>2025-09-30T19:01:51Z</time>
   </trkpt>
   <trkpt lat="48.1227990" lon="17.1163850">
    <ele>137.7</ele>
    <time>2025-09-30T19:01:52Z</time>
   </trkpt>
   <trkpt lat="48.1227970" lon="17.1163830">
    <ele>137.7</ele>
    <time>2025-09-30T19:01:53Z</time>
   </trkpt>
   <trkpt lat="48.1227960" lon="17.1163790">
    <ele>137.7</ele>
    <time>2025-09-30T19:01:54Z</time>
   </trkpt>
   <trkpt lat="48.1227960" lon="17.1163770">
    <ele>137.7</ele>
    <time>2025-09-30T19:01:55Z</time>
   </trkpt>
   <trkpt lat="48.1227950" lon="17.1163580">
    <ele>137.7</ele>
    <time>2025-09-30T19:01:56Z</time>
   </trkpt>
   <trkpt lat="48.1227950" lon="17.1163520">
    <ele>137.7</ele>
    <time>2025-09-30T19:01:57Z</time>
   </trkpt>
   <trkpt lat="48.1228040" lon="17.1163440">
    <ele>137.7</ele>
    <time>2025-09-30T19:01:58Z</time>
   </trkpt>
   <trkpt lat="48.1227990" lon="17.1163630">
    <ele>137.7</ele>
    <time>2025-09-30T19:01:59Z</time>
   </trkpt>
   <trkpt lat="48.1227980" lon="17.1163600">
    <ele>137.7</ele>
    <time>2025-09-30T19:02:00Z</time>
   </trkpt>
   <trkpt lat="48.1228000" lon="17.1163560">
    <ele>137.7</ele>
    <time>2025-09-30T19:02:01Z</time>
   </trkpt>
   <trkpt lat="48.1228010" lon="17.1163520">
    <ele>137.7</ele>
    <time>2025-09-30T19:02:02Z</time>
   </trkpt>
   <trkpt lat="48.1228020" lon="17.1163540">
    <ele>137.7</ele>
    <time>2025-09-30T19:02:03Z</time>
   </trkpt>
   <trkpt lat="48.1228050" lon="17.1163550">
    <ele>137.7</ele>
    <time>2025-09-30T19:02:04Z</time>
   </trkpt>
   <trkpt lat="48.1228070" lon="17.1163550">
    <ele>137.7</ele>
    <time>2025-09-30T19:02:05Z</time>
   </trkpt>
   <trkpt lat="48.1228090" lon="17.1163540">
    <ele>137.7</ele>
    <time>2025-09-30T19:02:06Z</time>
   </trkpt>
   <trkpt lat="48.1228140" lon="17.1163540">
    <ele>137.7</ele>
    <time>2025-09-30T19:02:07Z</time>
   </trkpt>
   <trkpt lat="48.1228170" lon="17.1163540">
    <ele>137.7</ele>
    <time>2025-09-30T19:02:08Z</time>
   </trkpt>
   <trkpt lat="48.1228190" lon="17.1163540">
    <ele>137.7</ele>
    <time>2025-09-30T19:02:09Z</time>
   </trkpt>
   <trkpt lat="48.1228220" lon="17.1163550">
    <ele>137.7</ele>
    <time>2025-09-30T19:02:10Z</time>
   </trkpt>
   <trkpt lat="48.1228220" lon="17.1163550">
    <ele>137.7</ele>
    <time>2025-09-30T19:02:11Z</time>
   </trkpt>
   <trkpt lat="48.1228230" lon="17.1163550">
    <ele>137.7</ele>
    <time>2025-09-30T19:02:12Z</time>
   </trkpt>
   <trkpt lat="48.1228230" lon="17.1163550">
    <ele>137.7</ele>
    <time>2025-09-30T19:02:13Z</time>
   </trkpt>
   <trkpt lat="48.1228230" lon="17.1163550">
    <ele>137.7</ele>
    <time>2025-09-30T19:02:14Z</time>
   </trkpt>
   <trkpt lat="48.1228230" lon="17.1163550">
    <ele>137.7</ele>
    <time>2025-09-30T19:02:15Z</time>
   </trkpt>
   <trkpt lat="48.1228230" lon="17.1163550">
    <ele>137.7</ele>
    <time>2025-09-30T19:02:16Z</time>
   </trkpt>
   <trkpt lat="48.1228230" lon="17.1163550">
    <ele>137.7</ele>
    <time>2025-09-30T19:02:17Z</time>
   </trkpt>
   <trkpt lat="48.1228220" lon="17.1163530">
    <ele>137.7</ele>
    <time>2025-09-30T19:02:18Z</time>
   </trkpt>
   <trkpt lat="48.1228240" lon="17.1163490">
    <ele>137.7</ele>
    <time>2025-09-30T19:02:19Z</time>
   </trkpt>
   <trkpt lat="48.1228290" lon="17.1163440">
    <ele>137.7</ele>
    <time>2025-09-30T19:02:20Z</time>
   </trkpt>
   <trkpt lat="48.1228310" lon="17.1163420">
    <ele>137.7</ele>
    <time>2025-09-30T19:02:21Z</time>
   </trkpt>
   <trkpt lat="48.1228320" lon="17.1163410">
    <ele>137.7</ele>
    <time>2025-09-30T19:02:22Z</time>
   </trkpt>
   <trkpt lat="48.1228320" lon="17.1163410">
    <ele>137.7</ele>
    <time>2025-09-30T19:02:23Z</time>
   </trkpt>
   <trkpt lat="48.1228320" lon="17.1163400">
    <ele>137.7</ele>
    <time>2025-09-30T19:02:24Z</time>
   </trkpt>
   <trkpt lat="48.1228320" lon="17.1163400">
    <ele>137.7</ele>
    <time>2025-09-30T19:02:25Z</time>
   </trkpt>
   <trkpt lat="48.1228320" lon="17.1163400">
    <ele>137.7</ele>
    <time>2025-09-30T19:02:26Z</time>
   </trkpt>
   <trkpt lat="48.1228320" lon="17.1163400">
    <ele>137.7</ele>
    <time>2025-09-30T19:02:27Z</time>
   </trkpt>
   <trkpt lat="48.1228320" lon="17.1163400">
    <ele>137.7</ele>
    <time>2025-09-30T19:02:28Z</time>
   </trkpt>
   <trkpt lat="48.1228320" lon="17.1163400">
    <ele>137.7</ele>
    <time>2025-09-30T19:02:29Z</time>
   </trkpt>
   <trkpt lat="48.1228320" lon="17.1163400">
    <ele>137.7</ele>
    <time>2025-09-30T19:02:30Z</time>
   </trkpt>
   <trkpt lat="48.1228320" lon="17.1163400">
    <ele>137.7</ele>
    <time>2025-09-30T19:02:31Z</time>
   </trkpt>
   <trkpt lat="48.1228220" lon="17.1163410">
    <ele>137.7</ele>
    <time>2025-09-30T19:02:32Z</time>
   </trkpt>
   <trkpt lat="48.1228230" lon="17.1163440">
    <ele>137.7</ele>
    <time>2025-09-30T19:02:33Z</time>
   </trkpt>
   <trkpt lat="48.1228330" lon="17.1163450">
    <ele>137.8</ele>
    <time>2025-09-30T19:02:34Z</time>
   </trkpt>
   <trkpt lat="48.1228360" lon="17.1163480">
    <ele>137.8</ele>
    <time>2025-09-30T19:02:35Z</time>
   </trkpt>
   <trkpt lat="48.1228360" lon="17.1163540">
    <ele>137.8</ele>
    <time>2025-09-30T19:02:36Z</time>
   </trkpt>
   <trkpt lat="48.1228410" lon="17.1163610">
    <ele>137.8</ele>
    <time>2025-09-30T19:02:37Z</time>
   </trkpt>
   <trkpt lat="48.1228600" lon="17.1163460">
    <ele>137.8</ele>
    <time>2025-09-30T19:02:38Z</time>
   </trkpt>
   <trkpt lat="48.1228740" lon="17.1163280">
    <ele>137.8</ele>
    <time>2025-09-30T19:02:39Z</time>
   </trkpt>
   <trkpt lat="48.1228800" lon="17.1163170">
    <ele>137.8</ele>
    <time>2025-09-30T19:02:40Z</time>
   </trkpt>
   <trkpt lat="48.1228850" lon="17.1163140">
    <ele>137.8</ele>
    <time>2025-09-30T19:02:41Z</time>
   </trkpt>
   <trkpt lat="48.1228910" lon="17.1163120">
    <ele>137.8</ele>
    <time>2025-09-30T19:02:42Z</time>
   </trkpt>
   <trkpt lat="48.1228930" lon="17.1163170">
    <ele>137.8</ele>
    <time>2025-09-30T19:02:43Z</time>
   </trkpt>
   <trkpt lat="48.1228970" lon="17.1163160">
    <ele>137.8</ele>
    <time>2025-09-30T19:02:44Z</time>
   </trkpt>
   <trkpt lat="48.1228990" lon="17.1163130">
    <ele>137.8</ele>
    <time>2025-09-30T19:02:45Z</time>
   </trkpt>
   <trkpt lat="48.1229020" lon="17.1163030">
    <ele>137.8</ele>
    <time>2025-09-30T19:02:46Z</time>
   </trkpt>
   <trkpt lat="48.1229040" lon="17.1163050">
    <ele>137.8</ele>
    <time>2025-09-30T19:02:47Z</time>
   </trkpt>
   <trkpt lat="48.1229080" lon="17.1163010">
    <ele>137.8</ele>
    <time>2025-09-30T19:02:48Z</time>
   </trkpt>
   <trkpt lat="48.1229280" lon="17.1162980">
    <ele>137.8</ele>
    <time>2025-09-30T19:02:49Z</time>
   </trkpt>
   <trkpt lat="48.1229360" lon="17.1163010">
    <ele>137.8</ele>
    <time>2025-09-30T19:02:50Z</time>
   </trkpt>
   <trkpt lat="48.1229450" lon="17.1163030">
    <ele>137.8</ele>
    <time>2025-09-30T19:02:51Z</time>
   </trkpt>
   <trkpt lat="48.1229550" lon="17.1163130">
    <ele>137.8</ele>
    <time>2025-09-30T19:02:52Z</time>
   </trkpt>
   <trkpt lat="48.1229570" lon="17.1163140">
    <ele>137.8</ele>
    <time>2025-09-30T19:02:53Z</time>
   </trkpt>
   <trkpt lat="48.1229590" lon="17.1163160">
    <ele>137.8</ele>
    <time>2025-09-30T19:02:54Z</time>
   </trkpt>
   <trkpt lat="48.1229610" lon="17.1163180">
    <ele>137.8</ele>
    <time>2025-09-30T19:02:55Z</time>
   </trkpt>
   <trkpt lat="48.1229630" lon="17.1163200">
    <ele>137.8</ele>
    <time>2025-09-30T19:02:56Z</time>
   </trkpt>
   <trkpt lat="48.1229650" lon="17.1163210">
    <ele>137.8</ele>
    <time>2025-09-30T19:02:57Z</time>
   </trkpt>
   <trkpt lat="48.1229670" lon="17.1163230">
    <ele>137.8</ele>
    <time>2025-09-30T19:02:58Z</time>
   </trkpt>
   <trkpt lat="48.1229690" lon="17.1163250">
    <ele>137.8</ele>
    <time>2025-09-30T19:02:59Z</time>
   </trkpt>
   <trkpt lat="48.1229710" lon="17.1163270">
    <ele>137.8</ele>
    <time>2025-09-30T19:03:00Z</time>
   </trkpt>
   <trkpt lat="48.1229730" lon="17.1163280">
    <ele>137.8</ele>
    <time>2025-09-30T19:03:01Z</time>
   </trkpt>
   <trkpt lat="48.1229750" lon="17.1163300">
    <ele>137.8</ele>
    <time>2025-09-30T19:03:02Z</time>
   </trkpt>
   <trkpt lat="48.1229770" lon="17.1163320">
    <ele>137.8</ele>
    <time>2025-09-30T19:03:03Z</time>
   </trkpt>
   <trkpt lat="48.1229860" lon="17.1163380">
    <ele>137.8</ele>
    <time>2025-09-30T19:03:04Z</time>
   </trkpt>
   <trkpt lat="48.1229920" lon="17.1163450">
    <ele>137.8</ele>
    <time>2025-09-30T19:03:05Z</time>
   </trkpt>
   <trkpt lat="48.1229950" lon="17.1163540">
    <ele>137.8</ele>
    <time>2025-09-30T19:03:06Z</time>
   </trkpt>
   <trkpt lat="48.1229960" lon="17.1163610">
    <ele>137.8</ele>
    <time>2025-09-30T19:03:07Z</time>
   </trkpt>
   <trkpt lat="48.1229970" lon="17.1163610">
    <ele>137.8</ele>
    <time>2025-09-30T19:03:08Z</time>
   </trkpt>
   <trkpt lat="48.1229960" lon="17.1163570">
    <ele>137.8</ele>
    <time>2025-09-30T19:03:09Z</time>
   </trkpt>
   <trkpt lat="48.1229970" lon="17.1163580">
    <ele>137.8</ele>
    <time>2025-09-30T19:03:10Z</time>
   </trkpt>
   <trkpt lat="48.1230010" lon="17.1163700">
    <ele>137.8</ele>
    <time>2025-09-30T19:03:11Z</time>
   </trkpt>
   <trkpt lat="48.1230090" lon="17.1163870">
    <ele>137.8</ele>
    <time>2025-09-30T19:03:12Z</time>
   </trkpt>
   <trkpt lat="48.1230200" lon="17.1164010">
    <ele>137.8</ele>
    <time>2025-09-30T19:03:13Z</time>
   </trkpt>
   <trkpt lat="48.1230370" lon="17.1164150">
    <ele>137.8</ele>
    <time>2025-09-30T19:03:14Z</time>
   </trkpt>
   <trkpt lat="48.1230490" lon="17.1164240">
    <ele>137.8</ele>
    <time>2025-09-30T19:03:15Z</time>
   </trkpt>
   <trkpt lat="48.1230610" lon="17.1164320">
    <ele>137.8</ele>
    <time>2025-09-30T19:03:16Z</time>
   </trkpt>
   <trkpt lat="48.1230700" lon="17.1164430">
    <ele>137.8</ele>
    <time>2025-09-30T19:03:17Z</time>
   </trkpt>
   <trkpt lat="48.1230770" lon="17.1164510">
    <ele>137.8</ele>
    <time>2025-09-30T19:03:18Z</time>
   </trkpt>
   <trkpt lat="48.1230780" lon="17.1164540">
    <ele>137.8</ele>
    <time>2025-09-30T19:03:19Z</time>
   </trkpt>
   <trkpt lat="48.1230810" lon="17.1164580">
    <ele>137.8</ele>
    <time>2025-09-30T19:03:20Z</time>
   </trkpt>
   <trkpt lat="48.1230840" lon="17.1164600">
    <ele>137.8</ele>
    <time>2025-09-30T19:03:21Z</time>
   </trkpt>
   <trkpt lat="48.1230850" lon="17.1164610">
    <ele>137.8</ele>
    <time>2025-09-30T19:03:22Z</time>
   </trkpt>
   <trkpt lat="48.1230870" lon="17.1164650">
    <ele>137.8</ele>
    <time>2025-09-30T19:03:23Z</time>
   </trkpt>
   <trkpt lat="48.1230880" lon="17.1164720">
    <ele>137.8</ele>
    <time>2025-09-30T19:03:24Z</time>
   </trkpt>
   <trkpt lat="48.1230890" lon="17.1164810">
    <ele>137.8</ele>
    <time>2025-09-30T19:03:25Z</time>
   </trkpt>
   <trkpt lat="48.1230900" lon="17.1164880">
    <ele>137.8</ele>
    <time>2025-09-30T19:03:26Z</time>
   </trkpt>
   <trkpt lat="48.1230900" lon="17.1164960">
    <ele>137.8</ele>
    <time>2025-09-30T19:03:27Z</time>
   </trkpt>
   <trkpt lat="48.1230900" lon="17.1165040">
    <ele>137.8</ele>
    <time>2025-09-30T19:03:28Z</time>
   </trkpt>
   <trkpt lat="48.1230910" lon="17.1165150">
    <ele>137.8</ele>
    <time>2025-09-30T19:03:29Z</time>
   </trkpt>
   <trkpt lat="48.1230920" lon="17.1165240">
    <ele>137.8</ele>
    <time>2025-09-30T19:03:30Z</time>
   </trkpt>
   <trkpt lat="48.1230930" lon="17.1165310">
    <ele>137.8</ele>
    <time>2025-09-30T19:03:31Z</time>
   </trkpt>
   <trkpt lat="48.1230920" lon="17.1165380">
    <ele>137.8</ele>
    <time>2025-09-30T19:03:32Z</time>
   </trkpt>
   <trkpt lat="48.1230920" lon="17.1165400">
    <ele>137.8</ele>
    <time>2025-09-30T19:03:33Z</time>
   </trkpt>
   <trkpt lat="48.1230910" lon="17.1165430">
    <ele>137.8</ele>
    <time>2025-09-30T19:03:34Z</time>
   </trkpt>
   <trkpt lat="48.1230910" lon="17.1165450">
    <ele>137.8</ele>
    <time>2025-09-30T19:03:35Z</time>
   </trkpt>
   <trkpt lat="48.1230900" lon="17.1165470">
    <ele>137.8</ele>
    <time>2025-09-30T19:03:36Z</time>
   </trkpt>
   <trkpt lat="48.1230890" lon="17.1165490">
    <ele>137.8</ele>
    <time>2025-09-30T19:03:37Z</time>
   </trkpt>
   <trkpt lat="48.1230890" lon="17.1165520">
    <ele>137.8</ele>
    <time>2025-09-30T19:03:38Z</time>
   </trkpt>
   <trkpt lat="48.1230880" lon="17.1165540">
    <ele>137.8</ele>
    <time>2025-09-30T19:03:39Z</time>
   </trkpt>
   <trkpt lat="48.1230870" lon="17.1165560">
    <ele>137.8</ele>
    <time>2025-09-30T19:03:40Z</time>
   </trkpt>
   <trkpt lat="48.1230870" lon="17.1165580">
    <ele>137.8</ele>
    <time>2025-09-30T19:03:41Z</time>
   </trkpt>
   <trkpt lat="48.1230860" lon="17.1165610">
    <ele>137.8</ele>
    <time>2025-09-30T19:03:42Z</time>
   </trkpt>
   <trkpt lat="48.1230860" lon="17.1165630">
    <ele>137.8</ele>
    <time>2025-09-30T19:03:43Z</time>
   </trkpt>
   <trkpt lat="48.1230850" lon="17.1165650">
    <ele>137.8</ele>
    <time>2025-09-30T19:03:44Z</time>
   </trkpt>
   <trkpt lat="48.1230840" lon="17.1165670">
    <ele>137.8</ele>
    <time>2025-09-30T19:03:45Z</time>
   </trkpt>
   <trkpt lat="48.1230840" lon="17.1165700">
    <ele>137.8</ele>
    <time>2025-09-30T19:03:46Z</time>
   </trkpt>
   <trkpt lat="48.1230830" lon="17.1165720">
    <ele>137.8</ele>
    <time>2025-09-30T19:03:47Z</time>
   </trkpt>
   <trkpt lat="48.1230820" lon="17.1165740">
    <ele>137.8</ele>
    <time>2025-09-30T19:03:48Z</time>
   </trkpt>
   <trkpt lat="48.1230820" lon="17.1165760">
    <ele>137.8</ele>
    <time>2025-09-30T19:03:49Z</time>
   </trkpt>
   <trkpt lat="48.1230810" lon="17.1165790">
    <ele>137.8</ele>
    <time>2025-09-30T19:03:50Z</time>
   </trkpt>
   <trkpt lat="48.1230810" lon="17.1165810">
    <ele>137.8</ele>
    <time>2025-09-30T19:03:51Z</time>
   </trkpt>
   <trkpt lat="48.1230800" lon="17.1165830">
    <ele>137.8</ele>
    <time>2025-09-30T19:03:52Z</time>
   </trkpt>
   <trkpt lat="48.1230820" lon="17.1165860">
    <ele>137.8</ele>
    <time>2025-09-30T19:03:53Z</time>
   </trkpt>
   <trkpt lat="48.1230860" lon="17.1165900">
    <ele>137.8</ele>
    <time>2025-09-30T19:03:54Z</time>
   </trkpt>
   <trkpt lat="48.1230890" lon="17.1165960">
    <ele>137.8</ele>
    <time>2025-09-30T19:03:55Z</time>
   </trkpt>
   <trkpt lat="48.1230900" lon="17.1165970">
    <ele>137.8</ele>
    <time>2025-09-30T19:03:56Z</time>
   </trkpt>
   <trkpt lat="48.1230890" lon="17.1165970">
    <ele>137.8</ele>
    <time>2025-09-30T19:03:57Z</time>
   </trkpt>
   <trkpt lat="48.1230890" lon="17.1165970">
    <ele>137.8</ele>
    <time>2025-09-30T19:03:58Z</time>
   </trkpt>
   <trkpt lat="48.1230890" lon="17.1165970">
    <ele>137.8</ele>
    <time>2025-09-30T19:03:59Z</time>
   </trkpt>
   <trkpt lat="48.1230890" lon="17.1165970">
    <ele>137.8</ele>
    <time>2025-09-30T19:04:00Z</time>
   </trkpt>
   <trkpt lat="48.1230890" lon="17.1165970">
    <ele>137.8</ele>
    <time>2025-09-30T19:04:01Z</time>
   </trkpt>
   <trkpt lat="48.1230890" lon="17.1165970">
    <ele>137.8</ele>
    <time>2025-09-30T19:04:02Z</time>
   </trkpt>
   <trkpt lat="48.1230890" lon="17.1165970">
    <ele>137.8</ele>
    <time>2025-09-30T19:04:03Z</time>
   </trkpt>
   <trkpt lat="48.1230890" lon="17.1165970">
    <ele>137.8</ele>
    <time>2025-09-30T19:04:04Z</time>
   </trkpt>
   <trkpt lat="48.1230890" lon="17.1165970">
    <ele>137.8</ele>
    <time>2025-09-30T19:04:05Z</time>
   </trkpt>
   <trkpt lat="48.1230890" lon="17.1165970">
    <ele>137.8</ele>
    <time>2025-09-30T19:04:06Z</time>
   </trkpt>
   <trkpt lat="48.1230890" lon="17.1165970">
    <ele>137.8</ele>
    <time>2025-09-30T19:04:07Z</time>
   </trkpt>
   <trkpt lat="48.1230890" lon="17.1165970">
    <ele>137.8</ele>
    <time>2025-09-30T19:04:08Z</time>
   </trkpt>
   <trkpt lat="48.1230890" lon="17.1165970">
    <ele>137.8</ele>
    <time>2025-09-30T19:04:09Z</time>
   </trkpt>
   <trkpt lat="48.1230890" lon="17.1165970">
    <ele>137.8</ele>
    <time>2025-09-30T19:04:10Z</time>
   </trkpt>
   <trkpt lat="48.1230890" lon="17.1165970">
    <ele>137.8</ele>
    <time>2025-09-30T19:04:11Z</time>
   </trkpt>
   <trkpt lat="48.1230980" lon="17.1166100">
    <ele>137.8</ele>
    <time>2025-09-30T19:04:12Z</time>
   </trkpt>
   <trkpt lat="48.1231020" lon="17.1166110">
    <ele>137.8</ele>
    <time>2025-09-30T19:04:13Z</time>
   </trkpt>
   <trkpt lat="48.1231010" lon="17.1166110">
    <ele>137.8</ele>
    <time>2025-09-30T19:04:14Z</time>
   </trkpt>
   <trkpt lat="48.1231040" lon="17.1166170">
    <ele>137.8</ele>
    <time>2025-09-30T19:04:15Z</time>
   </trkpt>
   <trkpt lat="48.1231070" lon="17.1166190">
    <ele>137.8</ele>
    <time>2025-09-30T19:04:16Z</time>
   </trkpt>
   <trkpt lat="48.1231010" lon="17.1166070">
    <ele>137.8</ele>
    <time>2025-09-30T19:04:17Z</time>
   </trkpt>
   <trkpt lat="48.1231040" lon="17.1166070">
    <ele>137.8</ele>
    <time>2025-09-30T19:04:18Z</time>
   </trkpt>
   <trkpt lat="48.1231080" lon="17.1166070">
    <ele>137.8</ele>
    <time>2025-09-30T19:04:19Z</time>
   </trkpt>
   <trkpt lat="48.1231210" lon="17.1166160">
    <ele>137.8</ele>
    <time>2025-09-30T19:04:20Z</time>
   </trkpt>
   <trkpt lat="48.1231280" lon="17.1166170">
    <ele>137.8</ele>
    <time>2025-09-30T19:04:21Z</time>
   </trkpt>
   <trkpt lat="48.1231330" lon="17.1166170">
    <ele>137.8</ele>
    <time>2025-09-30T19:04:22Z</time>
   </trkpt>
   <trkpt lat="48.1231360" lon="17.1166190">
    <ele>137.8</ele>
    <time>2025-09-30T19:04:23Z</time>
   </trkpt>
   <trkpt lat="48.1231360" lon="17.1166250">
    <ele>137.8</ele>
    <time>2025-09-30T19:04:24Z</time>
   </trkpt>
   <trkpt lat="48.1231330" lon="17.1166290">
    <ele>137.8</ele>
    <time>2025-09-30T19:04:25Z</time>
   </trkpt>
   <trkpt lat="48.1231290" lon="17.1166280">
    <ele>137.8</ele>
    <time>2025-09-30T19:04:26Z</time>
   </trkpt>
   <trkpt lat="48.1231290" lon="17.1166290">
    <ele>137.8</ele>
    <time>2025-09-30T19:04:27Z</time>
   </trkpt>
   <trkpt lat="48.1231220" lon="17.1166280">
    <ele>137.8</ele>
    <time>2025-09-30T19:04:28Z</time>
   </trkpt>
   <trkpt lat="48.1231200" lon="17.1166260">
    <ele>137.8</ele>
    <time>2025-09-30T19:04:29Z</time>
   </trkpt>
   <trkpt lat="48.1231190" lon="17.1166260">
    <ele>137.8</ele>
    <time>2025-09-30T19:04:30Z</time>
   </trkpt>
   <trkpt lat="48.1231180" lon="17.1166260">
    <ele>137.8</ele>
    <time>2025-09-30T19:04:31Z</time>
   </trkpt>
   <trkpt lat="48.1231170" lon="17.1166260">
    <ele>137.8</ele>
    <time>2025-09-30T19:04:32Z</time>
   </trkpt>
   <trkpt lat="48.1231180" lon="17.1166260">
    <ele>137.8</ele>
    <time>2025-09-30T19:04:33Z</time>
   </trkpt>
   <trkpt lat="48.1231170" lon="17.1166260">
    <ele>137.8</ele>
    <time>2025-09-30T19:04:34Z</time>
   </trkpt>
   <trkpt lat="48.1231180" lon="17.1166260">
    <ele>137.8</ele>
    <time>2025-09-30T19:04:35Z</time>
   </trkpt>
   <trkpt lat="48.1231200" lon="17.1166290">
    <ele>137.8</ele>
    <time>2025-09-30T19:04:36Z</time>
   </trkpt>
   <trkpt lat="48.1231220" lon="17.1166360">
    <ele>137.8</ele>
    <time>2025-09-30T19:04:37Z</time>
   </trkpt>
   <trkpt lat="48.1231220" lon="17.1166420">
    <ele>137.8</ele>
    <time>2025-09-30T19:04:38Z</time>
   </trkpt>
   <trkpt lat="48.1231250" lon="17.1166500">
    <ele>137.8</ele>
    <time>2025-09-30T19:04:39Z</time>
   </trkpt>
   <trkpt lat="48.1231330" lon="17.1166590">
    <ele>137.8</ele>
    <time>2025-09-30T19:04:40Z</time>
   </trkpt>
   <trkpt lat="48.1231450" lon="17.1166700">
    <ele>137.8</ele>
    <time>2025-09-30T19:04:41Z</time>
   </trkpt>
   <trkpt lat="48.1231570" lon="17.1166780">
    <ele>137.9</ele>
    <time>2025-09-30T19:04:42Z</time>
   </trkpt>
   <trkpt lat="48.1231680" lon="17.1166800">
    <ele>137.9</ele>
    <time>2025-09-30T19:04:43Z</time>
   </trkpt>
   <trkpt lat="48.1231780" lon="17.1166770">
    <ele>137.9</ele>
    <time>2025-09-30T19:04:44Z</time>
   </trkpt>
   <trkpt lat="48.1231860" lon="17.1166740">
    <ele>137.9</ele>
    <time>2025-09-30T19:04:45Z</time>
   </trkpt>
   <trkpt lat="48.1231980" lon="17.1166610">
    <ele>137.8</ele>
    <time>2025-09-30T19:04:46Z</time>
   </trkpt>
   <trkpt lat="48.1232090" lon="17.1166430">
    <ele>137.8</ele>
    <time>2025-09-30T19:04:47Z</time>
   </trkpt>
   <trkpt lat="48.1232220" lon="17.1166020">
    <ele>137.6</ele>
    <time>2025-09-30T19:04:48Z</time>
   </trkpt>
   <trkpt lat="48.1232250" lon="17.1165880">
    <ele>137.6</ele>
    <time>2025-09-30T19:04:49Z</time>
   </trkpt>
   <trkpt lat="48.1232230" lon="17.1165640">
    <ele>137.6</ele>
    <time>2025-09-30T19:04:50Z</time>
   </trkpt>
   <trkpt lat="48.1232200" lon="17.1165510">
    <ele>137.6</ele>
    <time>2025-09-30T19:04:51Z</time>
   </trkpt>
   <trkpt lat="48.1232180" lon="17.1165440">
    <ele>137.6</ele>
    <time>2025-09-30T19:04:52Z</time>
   </trkpt>
   <trkpt lat="48.1232170" lon="17.1165340">
    <ele>137.6</ele>
    <time>2025-09-30T19:04:53Z</time>
   </trkpt>
   <trkpt lat="48.1232160" lon="17.1165180">
    <ele>137.5</ele>
    <time>2025-09-30T19:04:54Z</time>
   </trkpt>
   <trkpt lat="48.1232190" lon="17.1165040">
    <ele>137.5</ele>
    <time>2025-09-30T19:04:55Z</time>
   </trkpt>
   <trkpt lat="48.1232210" lon="17.1164940">
    <ele>137.5</ele>
    <time>2025-09-30T19:04:56Z</time>
   </trkpt>
   <trkpt lat="48.1232360" lon="17.1164840">
    <ele>137.5</ele>
    <time>2025-09-30T19:04:57Z</time>
   </trkpt>
   <trkpt lat="48.1232370" lon="17.1164870">
    <ele>137.5</ele>
    <time>2025-09-30T19:04:58Z</time>
   </trkpt>
   <trkpt lat="48.1232450" lon="17.1164820">
    <ele>137.5</ele>
    <time>2025-09-30T19:04:59Z</time>
   </trkpt>
   <trkpt lat="48.1232730" lon="17.1164400">
    <ele>137.4</ele>
    <time>2025-09-30T19:05:00Z</time>
   </trkpt>
   <trkpt lat="48.1232890" lon="17.1164040">
    <ele>137.4</ele>
    <time>2025-09-30T19:05:01Z</time>
   </trkpt>
   <trkpt lat="48.1232970" lon="17.1163860">
    <ele>137.4</ele>
    <time>2025-09-30T19:05:02Z</time>
   </trkpt>
   <trkpt lat="48.1232990" lon="17.1163740">
    <ele>137.4</ele>
    <time>2025-09-30T19:05:03Z</time>
   </trkpt>
   <trkpt lat="48.1233010" lon="17.1163690">
    <ele>137.4</ele>
    <time>2025-09-30T19:05:04Z</time>
   </trkpt>
   <trkpt lat="48.1232990" lon="17.1163660">
    <ele>137.4</ele>
    <time>2025-09-30T19:05:05Z</time>
   </trkpt>
   <trkpt lat="48.1233040" lon="17.1163640">
    <ele>137.4</ele>
    <time>2025-09-30T19:05:06Z</time>
   </trkpt>
   <trkpt lat="48.1233100" lon="17.1163480">
    <ele>137.4</ele>
    <time>2025-09-30T19:05:07Z</time>
   </trkpt>
   <trkpt lat="48.1233180" lon="17.1163350">
    <ele>137.4</ele>
    <time>2025-09-30T19:05:08Z</time>
   </trkpt>
   <trkpt lat="48.1233230" lon="17.1163110">
    <ele>137.3</ele>
    <time>2025-09-30T19:05:09Z</time>
   </trkpt>
   <trkpt lat="48.1233230" lon="17.1162830">
    <ele>137.3</ele>
    <time>2025-09-30T19:05:10Z</time>
   </trkpt>
   <trkpt lat="48.1233190" lon="17.1162610">
    <ele>137.3</ele>
    <time>2025-09-30T19:05:11Z</time>
   </trkpt>
   <trkpt lat="48.1233250" lon="17.1162430">
    <ele>137.3</ele>
    <time>2025-09-30T19:05:12Z</time>
   </trkpt>
   <trkpt lat="48.1233280" lon="17.1162310">
    <ele>137.3</ele>
    <time>2025-09-30T19:05:13Z</time>
   </trkpt>
   <trkpt lat="48.1233300" lon="17.1162210">
    <ele>137.3</ele>
    <time>2025-09-30T19:05:14Z</time>
   </trkpt>
   <trkpt lat="48.1233350" lon="17.1162080">
    <ele>137.3</ele>
    <time>2025-09-30T19:05:15Z</time>
   </trkpt>
   <trkpt lat="48.1233410" lon="17.1161970">
    <ele>137.3</ele>
    <time>2025-09-30T19:05:16Z</time>
   </trkpt>
   <trkpt lat="48.1233510" lon="17.1161890">
    <ele>137.3</ele>
    <time>2025-09-30T19:05:17Z</time>
   </trkpt>
   <trkpt lat="48.1233560" lon="17.1161760">
    <ele>137.3</ele>
    <time>2025-09-30T19:05:18Z</time>
   </trkpt>
   <trkpt lat="48.1233650" lon="17.1161650">
    <ele>137.3</ele>
    <time>2025-09-30T19:05:19Z</time>
   </trkpt>
   <trkpt lat="48.1233730" lon="17.1161540">
    <ele>137.3</ele>
    <time>2025-09-30T19:05:20Z</time>
   </trkpt>
   <trkpt lat="48.1233810" lon="17.1161440">
    <ele>137.3</ele>
    <time>2025-09-30T19:05:21Z</time>
   </trkpt>
   <trkpt lat="48.1233880" lon="17.1161290">
    <ele>137.3</ele>
    <time>2025-09-30T19:05:22Z</time>
   </trkpt>
   <trkpt lat="48.1233940" lon="17.1161130">
    <ele>137.3</ele>
    <time>2025-09-30T19:05:23Z</time>
   </trkpt>
   <trkpt lat="48.1233980" lon="17.1161020">
    <ele>137.3</ele>
    <time>2025-09-30T19:05:24Z</time>
   </trkpt>
   <trkpt lat="48.1234030" lon="17.1160900">
    <ele>137.3</ele>
    <time>2025-09-30T19:05:25Z</time>
   </trkpt>
   <trkpt lat="48.1234010" lon="17.1160700">
    <ele>137.3</ele>
    <time>2025-09-30T19:05:26Z</time>
   </trkpt>
   <trkpt lat="48.1234010" lon="17.1160560">
    <ele>137.3</ele>
    <time>2025-09-30T19:05:27Z</time>
   </trkpt>
   <trkpt lat="48.1234040" lon="17.1160430">
    <ele>137.3</ele>
    <time>2025-09-30T19:05:28Z</time>
   </trkpt>
   <trkpt lat="48.1234060" lon="17.1160290">
    <ele>137.3</ele>
    <time>2025-09-30T19:05:29Z</time>
   </trkpt>
   <trkpt lat="48.1234090" lon="17.1160160">
    <ele>137.2</ele>
    <time>2025-09-30T19:05:30Z</time>
   </trkpt>
   <trkpt lat="48.1234140" lon="17.1160010">
    <ele>137.2</ele>
    <time>2025-09-30T19:05:31Z</time>
   </trkpt>
   <trkpt lat="48.1234200" lon="17.1159840">
    <ele>137.2</ele>
    <time>2025-09-30T19:05:32Z</time>
   </trkpt>
   <trkpt lat="48.1234280" lon="17.1159650">
    <ele>137.2</ele>
    <time>2025-09-30T19:05:33Z</time>
   </trkpt>
   <trkpt lat="48.1234350" lon="17.1159470">
    <ele>137.2</ele>
    <time>2025-09-30T19:05:34Z</time>
   </trkpt>
   <trkpt lat="48.1234400" lon="17.1159330">
    <ele>137.2</ele>
    <time>2025-09-30T19:05:35Z</time>
   </trkpt>
   <trkpt lat="48.1234470" lon="17.1159210">
    <ele>137.2</ele>
    <time>2025-09-30T19:05:36Z</time>
   </trkpt>
   <trkpt lat="48.1234540" lon="17.1159080">
    <ele>137.2</ele>
    <time>2025-09-30T19:05:37Z</time>
   </trkpt>
   <trkpt lat="48.1234600" lon="17.1158980">
    <ele>137.2</ele>
    <time>2025-09-30T19:05:38Z</time>
   </trkpt>
   <trkpt lat="48.1234690" lon="17.1158980">
    <ele>137.2</ele>
    <time>2025-09-30T19:05:39Z</time>
   </trkpt>
   <trkpt lat="48.1234760" lon="17.1159080">
    <ele>137.2</ele>
    <time>2025-09-30T19:05:40Z</time>
   </trkpt>
   <trkpt lat="48.1234790" lon="17.1159150">
    <ele>137.2</ele>
    <time>2025-09-30T19:05:41Z</time>
   </trkpt>
   <trkpt lat="48.1234830" lon="17.1159230">
    <ele>137.2</ele>
    <time>2025-09-30T19:05:42Z</time>
   </trkpt>
   <trkpt lat="48.1234830" lon="17.1159350">
    <ele>137.2</ele>
    <time>2025-09-30T19:05:43Z</time>
   </trkpt>
   <trkpt lat="48.1234910" lon="17.1159410">
    <ele>137.2</ele>
    <time>2025-09-30T19:05:44Z</time>
   </trkpt>
   <trkpt lat="48.1235070" lon="17.1159440">
    <ele>137.2</ele>
    <time>2025-09-30T19:05:45Z</time>
   </trkpt>
   <trkpt lat="48.1235210" lon="17.1159420">
    <ele>137.2</ele>
    <time>2025-09-30T19:05:46Z</time>
   </trkpt>
   <trkpt lat="48.1235310" lon="17.1159490">
    <ele>137.2</ele>
    <time>2025-09-30T19:05:47Z</time>
   </trkpt>
   <trkpt lat="48.1235420" lon="17.1159560">
    <ele>137.2</ele>
    <time>2025-09-30T19:05:48Z</time>
   </trkpt>
   <trkpt lat="48.1235520" lon="17.1159650">
    <ele>137.1</ele>
    <time>2025-09-30T19:05:49Z</time>
   </trkpt>
   <trkpt lat="48.1235580" lon="17.1159690">
    <ele>137.1</ele>
    <time>2025-09-30T19:05:50Z</time>
   </trkpt>
   <trkpt lat="48.1235660" lon="17.1159750">
    <ele>137.1</ele>
    <time>2025-09-30T19:05:51Z</time>
   </trkpt>
   <trkpt lat="48.1235730" lon="17.1159800">
    <ele>137.1</ele>
    <time>2025-09-30T19:05:52Z</time>
   </trkpt>
   <trkpt lat="48.1235840" lon="17.1159850">
    <ele>137.1</ele>
    <time>2025-09-30T19:05:53Z</time>
   </trkpt>
   <trkpt lat="48.1235930" lon="17.1159840">
    <ele>137.1</ele>
    <time>2025-09-30T19:05:54Z</time>
   </trkpt>
   <trkpt lat="48.1236020" lon="17.1159770">
    <ele>137.1</ele>
    <time>2025-09-30T19:05:55Z</time>
   </trkpt>
   <trkpt lat="48.1236090" lon="17.1159770">
    <ele>137.1</ele>
    <time>2025-09-30T19:05:56Z</time>
   </trkpt>
   <trkpt lat="48.1236220" lon="17.1159740">
    <ele>137.0</ele>
    <time>2025-09-30T19:05:57Z</time>
   </trkpt>
   <trkpt lat="48.1236350" lon="17.1159750">
    <ele>137.0</ele>
    <time>2025-09-30T19:05:58Z</time>
   </trkpt>
   <trkpt lat="48.1236480" lon="17.1159790">
    <ele>137.0</ele>
    <time>2025-09-30T19:05:59Z</time>
   </trkpt>
   <trkpt lat="48.1236590" lon="17.1159930">
    <ele>137.0</ele>
    <time>2025-09-30T19:06:00Z</time>
   </trkpt>
   <trkpt lat="48.1236660" lon="17.1160050">
    <ele>137.0</ele>
    <time>2025-09-30T19:06:01Z</time>
   </trkpt>
   <trkpt lat="48.1237030" lon="17.1160440">
    <ele>136.9</ele>
    <time>2025-09-30T19:06:04Z</time>
   </trkpt>
   <trkpt lat="48.1237160" lon="17.1160590">
    <ele>136.9</ele>
    <time>2025-09-30T19:06:05Z</time>
   </trkpt>
   <trkpt lat="48.1237290" lon="17.1160710">
    <ele>136.9</ele>
    <time>2025-09-30T19:06:06Z</time>
   </trkpt>
   <trkpt lat="48.1237400" lon="17.1160830">
    <ele>136.8</ele>
    <time>2025-09-30T19:06:08Z</time>
   </trkpt>
   <trkpt lat="48.1237490" lon="17.1160940">
    <ele>136.8</ele>
    <time>2025-09-30T19:06:09Z</time>
   </trkpt>
   <trkpt lat="48.1237550" lon="17.1161020">
    <ele>136.8</ele>
    <time>2025-09-30T19:06:10Z</time>
   </trkpt>
   <trkpt lat="48.1237630" lon="17.1161140">
    <ele>136.8</ele>
    <time>2025-09-30T19:06:11Z</time>
   </trkpt>
   <trkpt lat="48.1237710" lon="17.1161230">
    <ele>136.8</ele>
    <time>2025-09-30T19:06:12Z</time>
   </trkpt>
   <trkpt lat="48.1237790" lon="17.1161360">
    <ele>136.8</ele>
    <time>2025-09-30T19:06:13Z</time>
   </trkpt>
   <trkpt lat="48.1237860" lon="17.1161500">
    <ele>136.8</ele>
    <time>2025-09-30T19:06:14Z</time>
   </trkpt>
   <trkpt lat="48.1237940" lon="17.1161630">
    <ele>136.7</ele>
    <time>2025-09-30T19:06:15Z</time>
   </trkpt>
   <trkpt lat="48.1238020" lon="17.1161770">
    <ele>136.7</ele>
    <time>2025-09-30T19:06:16Z</time>
   </trkpt>
   <trkpt lat="48.1238090" lon="17.1161900">
    <ele>136.7</ele>
    <time>2025-09-30T19:06:17Z</time>
   </trkpt>
   <trkpt lat="48.1238170" lon="17.1162020">
    <ele>136.7</ele>
    <time>2025-09-30T19:06:18Z</time>
   </trkpt>
   <trkpt lat="48.1238250" lon="17.1162140">
    <ele>136.7</ele>
    <time>2025-09-30T19:06:19Z</time>
   </trkpt>
   <trkpt lat="48.1238350" lon="17.1162240">
    <ele>136.7</ele>
    <time>2025-09-30T19:06:20Z</time>
   </trkpt>
   <trkpt lat="48.1238390" lon="17.1162410">
    <ele>136.7</ele>
    <time>2025-09-30T19:06:21Z</time>
   </trkpt>
   <trkpt lat="48.1238460" lon="17.1162560">
    <ele>136.6</ele>
    <time>2025-09-30T19:06:22Z</time>
   </trkpt>
   <trkpt lat="48.1238500" lon="17.1162680">
    <ele>136.6</ele>
    <time>2025-09-30T19:06:23Z</time>
   </trkpt>
   <trkpt lat="48.1238390" lon="17.1162780">
    <ele>136.6</ele>
    <time>2025-09-30T19:06:24Z</time>
   </trkpt>
   <trkpt lat="48.1238370" lon="17.1162900">
    <ele>136.6</ele>
    <time>2025-09-30T19:06:25Z</time>
   </trkpt>
   <trkpt lat="48.1238460" lon="17.1163020">
    <ele>136.6</ele>
    <time>2025-09-30T19:06:26Z</time>
   </trkpt>
   <trkpt lat="48.1238630" lon="17.1163110">
    <ele>136.6</ele>
    <time>2025-09-30T19:06:27Z</time>
   </trkpt>
   <trkpt lat="48.1238770" lon="17.1163200">
    <ele>136.5</ele>
    <time>2025-09-30T19:06:28Z</time>
   </trkpt>
   <trkpt lat="48.1238900" lon="17.1163290">
    <ele>136.5</ele>
    <time>2025-09-30T19:06:29Z</time>
   </trkpt>
   <trkpt lat="48.1239080" lon="17.1163430">
    <ele>136.5</ele>
    <time>2025-09-30T19:06:30Z</time>
   </trkpt>
   <trkpt lat="48.1239200" lon="17.1163510">
    <ele>136.5</ele>
    <time>2025-09-30T19:06:31Z</time>
   </trkpt>
   <trkpt lat="48.1239310" lon="17.1163570">
    <ele>136.5</ele>
    <time>2025-09-30T19:06:32Z</time>
   </trkpt>
   <trkpt lat="48.1239420" lon="17.1163630">
    <ele>136.4</ele>
    <time>2025-09-30T19:06:33Z</time>
   </trkpt>
  </trkseg>
 </trk>
</gpx>
